model,split,k,rmse,mae,n_test_ratings,train_time_s,predict_time_s,rank_time_s,model_bytes,catalog_coverage,n_covered_items,n_users_scored,n_users_with_relevant,user_coverage,precision_mean,precision_median,precision_std,recall_mean,recall_median,recall_std,hit_rate_mean,hit_rate_median,hit_rate_std,ndcg_mean,ndcg_median,ndcg_std,map_mean,map_median,map_std,novelty_mean,novelty_median,novelty_std,ild_mean,ild_median,ild_std,pop_rank_mean,pop_rank_median,pop_rank_std,head_frac_mean,head_frac_median,head_frac_std,medium_frac_mean,medium_frac_median,medium_frac_std,tail_frac_mean,tail_frac_median,tail_frac_std,rank_mode,family,similarity,mean_center,center_by,min_support,beta,fit_time_s
"IBCF[cosine,mc-item,k=5]",val,5,0.9647890805707474,0.7540135413811387,9596,0.11129845801042393,1.185442082991358,0.02127858396852389,22653992,0.1539833531510107,259,943,880,0.8048780487804879,0.006477272727272728,0.0,0.02597538752470579,0.009657455425837777,0.0,0.053290048683447055,0.06136363636363636,0.0,0.2401326037643157,0.008537397512879519,0.0,0.0391188188221126,0.0031759083894500563,0.0,0.019109383697920302,7.420744702819604,8.133457739728874,1.5367743520618096,0.6953513009153452,0.7211983001784765,0.09988177378182728,0.7324260353536469,0.8339678762641285,0.2075577971916736,0.06659597030752917,0.0,0.11845508104670968,0.07401908801696712,0.0,0.11525595837523243,0.8593849416755038,1.0,0.1979578416648744,rating,ibcf,cosine,True,item,3,25.0,0.11129845801042393
"IBCF[cosine,mc-item,k=5]",val,5,0.9647890805707474,0.7540135413811387,9596,0.11129845801042393,0.006514667009469122,0.016101666959002614,22653992,0.5903686087990487,993,943,880,1.0,0.04136363636363636,0.0,0.0707055587405877,0.08396347310512162,0.0,0.18355229022315706,0.3170454545454545,0.0,0.4655899143586195,0.0711320679381433,0.0,0.14155472416482917,0.036526546645594266,0.0,0.10266717098508814,3.160325139663581,3.0095156615279834,0.9389320834703151,0.6929883557492357,0.7115619320086597,0.11017507509913721,0.14231561907994217,0.11392028554431888,0.12597935634747123,0.3669141039236479,0.3,0.28409299941531774,0.42990455991516435,0.4,0.22336143486349794,0.20318133616118772,0.1,0.2513877744729764,score,ibcf,cosine,True,item,3,25.0,0.11129845801042393
"IBCF[cosine,mc-item,k=5]",val,5,0.9647890805707474,0.7540135413811387,9596,0.11129845801042393,0.0062785419868305326,0.016809957975056022,22653992,0.24494649227110582,412,943,880,0.9989395546129375,0.07170454545454547,0.0,0.09614552857093514,0.14823161110013955,0.0,0.23685205874910947,0.475,0.0,0.49965858650850015,0.12485120892455473,0.0,0.17844671861239578,0.06695754616029913,0.0,0.13059758473553823,2.3641254557240057,2.2852598493071428,0.407803648593079,0.7036422253054293,0.7218990002394481,0.09234618669209406,0.05126379730289815,0.04033313503866746,0.03953549193456108,0.7397667020148463,0.8,0.26421125794782646,0.2415694591728526,0.2,0.2405109502661002,0.01866383881230117,0.0,0.06243056811654075,affinity,ibcf,cosine,True,item,3,25.0,0.11129845801042393
"IBCF[cosine,mc-item,k=10]",val,10,0.9357508878382187,0.7335546092126608,9596,0.0008773329900577664,1.2841179170063697,0.01740020897705108,22653992,0.10047562425683709,169,943,880,0.76033934252386,0.005,0.0,0.02519548147365753,0.0052483246638530285,0.0,0.040845068340245115,0.042045454545454546,0.0,0.200807012843362,0.005531224801810202,0.0,0.0305175461996609,0.0019152365491651203,0.0,0.013968208634101077,7.9770797238432305,8.533457739728874,1.2219116718421996,0.6902275587135975,0.7083682941964848,0.09010142101371726,0.8083695699487062,0.8846519928613921,0.1643406227923496,0.035843054082714744,0.0,0.09346198730001516,0.03552492046659597,0.0,0.08190872635208692,0.9286320254506893,1.0,0.15436650666126348,rating,ibcf,cosine,True,item,3,25.0,0.0008773329900577664
"IBCF[cosine,mc-item,k=10]",val,10,0.9357508878382187,0.7335546092126608,9596,0.0008773329900577664,0.00645079102832824,0.016344000003300607,22653992,0.7223543400713437,1215,943,880,1.0,0.04818181818181819,0.0,0.08092954638399454,0.08996775490789084,0.0,0.18166307932438666,0.3431818181818182,0.0,0.4750415716304445,0.08088047443204531,0.0,0.14660191341831882,0.04155976001511716,0.0,0.10282566117775564,3.4089928239580947,3.0385932416128734,1.3433512382084862,0.691687600899018,0.7141341993182461,0.1136623291928324,0.17926365599429214,0.11493158834027364,0.18603985887356977,0.3601272534464475,0.3,0.304148221927889,0.37910922587486745,0.4,0.24559484473376775,0.2607635206786851,0.1,0.3320275649562493,score,ibcf,cosine,True,item,3,25.0,0.0008773329900577664
"IBCF[cosine,mc-item,k=10]",val,10,0.9357508878382187,0.7335546092126608,9596,0.0008773329900577664,0.006344709021504968,0.01545583299594,22653992,0.21819262782401902,367,943,880,0.9989395546129375,0.08136363636363636,0.1,0.10002481851499403,0.17046023845137492,0.0625,0.2495490869564384,0.5170454545454546,1.0,0.49999353600124075,0.1476811660374948,0.06943122193677728,0.19759190641151933,0.08225119391190819,0.0125,0.14995517947015305,2.2642512301090716,2.20387688654546,0.36206052983820397,0.7108812865175285,0.7222964248323829,0.08406742270862277,0.04261470126792932,0.034027364663890544,0.03450007732162598,0.8008483563096501,0.9,0.2226536572289888,0.18928950159066807,0.1,0.20735372396693838,0.009862142099681868,0.0,0.048307688618844984,affinity,ibcf,cosine,True,item,3,25.0,0.0008773329900577664
"IBCF[cosine,mc-item,k=20]",val,20,0.9271926464278942,0.7294493628573249,9596,0.0009807080496102571,1.3485715829883702,0.01767066604224965,22653992,0.089179548156956,150,943,880,0.7539766702014846,0.0025,0.0,0.01701568573007326,0.0024486205905425275,0.0,0.022315937210469143,0.022727272727272728,0.0,0.14911744363790624,0.002378921814850066,0.0,0.016693501866304906,0.0006430826118326118,0.0,0.00495421998630505,8.169317239014878,8.565650549217612,1.0413828510205003,0.6934068699595688,0.7211983001784765,0.08895752377140947,0.8345167087963976,0.8904223676383106,0.13954432410551593,0.021845174973488868,0.0,0.07278206274689034,0.023647932131495228,0.0,0.06913670811661005,0.9545068928950159,1.0,0.12735403661627215,rating,ibcf,cosine,True,item,3,25.0,0.0009807080496102571
"IBCF[cosine,mc-item,k=20]",val,20,0.9271926464278942,0.7294493628573249,9596,0.0009807080496102571,0.005486082984134555,0.015802583016920835,22653992,0.7449464922711059,1253,943,880,1.0,0.04897727272727273,0.0,0.08206021503324311,0.09258158264544931,0.0,0.18907988736323078,0.34204545454545454,0.0,0.4746645042139319,0.0823326437995651,0.0,0.1469341645376941,0.04183509199134199,0.0,0.09691392356734607,3.675783838514087,3.047154660091216,1.7320355832401373,0.6897958510648126,0.7130563935847085,0.12124363318972367,0.22097208965778714,0.11505056513979775,0.2399961636036773,0.37285259809119825,0.3,0.3429375821574264,0.3079533404029693,0.3,0.25256717999535166,0.31919406150583246,0.1,0.39114751357315736,score,ibcf,cosine,True,item,3,25.0,0.0009807080496102571
"IBCF[cosine,mc-item,k=20]",val,20,0.9271926464278942,0.7294493628573249,9596,0.0009807080496102571,0.005838166980538517,0.015690542000811547,22653992,0.17063020214030916,287,943,880,0.9989395546129375,0.08931818181818181,0.1,0.10493830957187696,0.18976983568295377,0.1,0.26401681557731527,0.5647727272727273,1.0,0.4960686795837834,0.15818156211032885,0.09109240322345807,0.18987860134320386,0.08567847444112324,0.020833333333333332,0.13476646980820725,2.15166790927968,2.117689622514112,0.327384818524792,0.7213480144926916,0.7300187266065936,0.07019158855353096,0.03336744085698623,0.027067221891731115,0.029875597629603793,0.8694591728525982,1.0,0.1856886653619469,0.12757158006362673,0.0,0.17846698838452493,0.002969247083775186,0.0,0.03645207580267871,affinity,ibcf,cosine,True,item,3,25.0,0.0009807080496102571
"IBCF[cosine,mc-item,k=30]",val,30,0.928692257522535,0.7313739736207802,9596,0.0008329580305144191,1.3502100839978084,0.017767666024155915,22653992,0.08323424494649227,140,943,880,0.7529162248144221,0.002840909090909091,0.0,0.019166290067212582,0.0026642285305822854,0.0,0.022848766653647067,0.023863636363636365,0.0,0.15271104733338894,0.0026404265403398865,0.0,0.018215279639597598,0.000740981240981241,0.0,0.005759056930001347,8.197643934442949,8.59195398980099,1.0201842246749895,0.6931625565930882,0.7121261159459462,0.08590092266934515,0.8385881630070473,0.891017251635931,0.13661876287205793,0.02099681866383881,0.0,0.07432829420184082,0.021527041357370096,0.0,0.06671708067636051,0.9574761399787912,1.0,0.12696353026836266,rating,ibcf,cosine,True,item,3,25.0,0.0008329580305144191
"IBCF[cosine,mc-item,k=30]",val,30,0.928692257522535,0.7313739736207802,9596,0.0008329580305144191,0.005964625044725835,0.01576608297182247,22653992,0.7502972651605232,1262,943,880,1.0,0.05011363636363636,0.0,0.08412021191572147,0.09339600861394304,0.0,0.1874383367248977,0.34545454545454546,0.0,0.47578665855788943,0.08252208477049727,0.0,0.1444053774665099,0.041401651685505844,0.0,0.0939087653639909,3.771696851261363,3.082854901870997,1.840760070045394,0.689425777440404,0.7145867929239293,0.12413296180012753,0.23606940018912645,0.11921475312314098,0.25438883942579693,0.37444326617179213,0.3,0.36072303352552926,0.2758218451749735,0.2,0.2553643957105056,0.3497348886532344,0.1,0.4126161082454402,score,ibcf,cosine,True,item,3,25.0,0.0008329580305144191
"IBCF[cosine,mc-item,k=30]",val,30,0.928692257522535,0.7313739736207802,9596,0.0008329580305144191,0.005752583034336567,0.015933957998640835,22653992,0.15041617122473247,253,943,880,0.9989395546129375,0.09420454545454546,0.1,0.10708912634088016,0.20087229372464954,0.1111111111111111,0.26745062678690135,0.5795454545454546,1.0,0.4939126808157039,0.16608969988888117,0.09791292534996782,0.1965194138018851,0.09092208150095053,0.025,0.14332233552027726,2.1052490729795443,2.084702558242151,0.30661185599018326,0.7250943237381027,0.7329643715746332,0.06859458830239795,0.02983687056951784,0.024747174301011303,0.027825144746471738,0.8962884411452811,1.0,0.16720827987201614,0.10201484623541889,0.0,0.16279854754562356,0.0016967126193001062,0.0,0.033817376088150136,affinity,ibcf,cosine,True,item,3,25.0,0.0008329580305144191
"IBCF[cosine,mc-item,k=50]",val,50,0.9302399134184806,0.732751196863256,9596,0.0009296670323237777,1.3369684999925084,0.01747100002830848,22653992,0.0802615933412604,135,943,880,0.7518557794273595,0.0015909090909090907,0.0,0.01339743099653277,0.0018565432883614701,0.0,0.021175810872093775,0.014772727272727272,0.0,0.12071061185777794,0.0016485058175161956,0.0,0.01420723929442151,0.000470959595959596,0.0,0.004355568980338028,8.230577750443313,8.582643049361842,0.9724110404435683,0.6939278767838727,0.7211983001784765,0.0834282689485838,0.8428397856903588,0.8902439024390244,0.1300146168048812,0.01866383881230117,0.0,0.07131995159596838,0.020148462354188764,0.0,0.06398960915574417,0.9611876988335102,1.0,0.1211212206100414,rating,ibcf,cosine,True,item,3,25.0,0.0009296670323237777
"IBCF[cosine,mc-item,k=50]",val,50,0.9302399134184806,0.732751196863256,9596,0.0009296670323237777,0.006269292032811791,0.01533504098188132,22653992,0.7752675386444708,1304,943,880,1.0,0.05306818181818182,0.0,0.08828872320491796,0.09745187171152354,0.0,0.19014667167258023,0.3522727272727273,0.0,0.4779500387366756,0.08568489348608888,0.0,0.14944411910831193,0.04340996630133534,0.0,0.09782085486734017,3.8789694026028525,3.107405913202137,1.9317396510090947,0.6884116800645966,0.7088640242658228,0.12633517385742565,0.25342373719627326,0.12433075550267696,0.2658602904664566,0.38016967126193,0.3,0.3851257451096752,0.23393425238600213,0.2,0.24893425475130157,0.38589607635206785,0.1,0.43408690537461464,score,ibcf,cosine,True,item,3,25.0,0.0009296670323237777
"IBCF[cosine,mc-item,k=50]",val,50,0.9302399134184806,0.732751196863256,9596,0.0009296670323237777,0.005518665944691747,0.015721958014182746,22653992,0.12960760998810938,218,943,880,0.9989395546129375,0.09647727272727273,0.1,0.10644252373674593,0.20538513602934988,0.1111111111111111,0.26746039083248624,0.5954545454545455,1.0,0.49108296450044603,0.17009995094932429,0.11305340175787204,0.1978543132248491,0.09337261808132344,0.03333333333333333,0.14708185034453006,2.066354765714105,2.046574684339375,0.288492848340697,0.7233267042403907,0.7363633349232701,0.07001375301132474,0.02701460966967221,0.021772754312908985,0.026312168338142955,0.9170731707317072,1.0,0.14707019119174253,0.08154825026511135,0.0,0.1430593078304028,0.0013785790031813365,0.0,0.0330380956088661,affinity,ibcf,cosine,True,item,3,25.0,0.0009296670323237777
"IBCF[cosine,mc-item,k=80]",val,80,0.9322372444006798,0.7345340361450357,9596,0.0006300419918261468,1.326118916971609,0.017751667008269578,22653992,0.0802615933412604,135,943,880,0.7518557794273595,0.00125,0.0,0.011116561044914092,0.0016013817831999652,0.0,0.020577922168077332,0.0125,0.0,0.11116561044914092,0.0014160754287029006,0.0,0.013331069320718208,0.0004196428571428572,0.0,0.004229309487248453,8.245540430228266,8.59195398980099,0.9592086413820252,0.6920564545391493,0.7119935543479633,0.08197316324714707,0.8450045199828663,0.891017251635931,0.12837238880861213,0.017391304347826087,0.0,0.06968828539831923,0.019406150583244963,0.0,0.06330316169514368,0.9632025450689289,1.0,0.11932723795306442,rating,ibcf,cosine,True,item,3,25.0,0.0006300419918261468
"IBCF[cosine,mc-item,k=80]",val,80,0.9322372444006798,0.7345340361450357,9596,0.0006300419918261468,0.005819333018735051,0.015778707980643958,22653992,0.7687277051129607,1293,943,880,1.0,0.054318181818181814,0.0,0.0931290889052983,0.09866959675307492,0.0,0.19305549678086012,0.3397727272727273,0.0,0.47390128547974697,0.08863331504461806,0.0,0.15330199935747163,0.045733816337983006,0.0,0.10008210011800706,3.926963971712564,3.1010066760019748,1.989531849698201,0.6891426160870252,0.7091921742387076,0.12524053735126442,0.26186213200621,0.124330755502677,0.2730371615283195,0.3906680805938494,0.3,0.39874787982614385,0.20530222693531286,0.1,0.2362424554009905,0.40402969247083775,0.1,0.44436157019055944,score,ibcf,cosine,True,item,3,25.0,0.0006300419918261468
"IBCF[cosine,mc-item,k=80]",val,80,0.9322372444006798,0.7345340361450357,9596,0.0006300419918261468,0.006044958019629121,0.015409374958835542,22653992,0.1206896551724138,203,943,880,0.9989395546129375,0.09568181818181817,0.1,0.1065734318197634,0.2042588044847931,0.1111111111111111,0.2666472759196427,0.5920454545454545,1.0,0.4917340844024956,0.17133064904672168,0.1100458831490401,0.19957929397032415,0.09471481431377263,0.03333333333333333,0.14779503815761502,2.0407915025792662,2.0214448075299227,0.2747358438626396,0.7235178620245688,0.7376786349643003,0.0680993400909749,0.025338651751879753,0.020701963117192145,0.025608347913067382,0.9279957582184519,1.0,0.13823620506087217,0.0706256627783669,0.0,0.13384851713895843,0.0013785790031813365,0.0,0.0330380956088661,affinity,ibcf,cosine,True,item,3,25.0,0.0006300419918261468
"IBCF[cosine,mc-item,k=120]",val,120,0.9333947474323803,0.7358849999155159,9596,0.0006081659812480211,1.1630420419969596,0.01674416702007875,22653992,0.0802615933412604,135,943,880,0.7518557794273595,0.0009090909090909091,0.0,0.009496585056102527,0.001338985088985089,0.0,0.02004056803718767,0.00909090909090909,0.0,0.09496585056102527,0.001089227304027756,0.0,0.011989493898497915,0.0003287337662337662,0.0,0.00381342380200927,8.246188763164112,8.582643049361842,0.9566933143377927,0.6924757658340551,0.7211983001784765,0.08179160701468051,0.845054167247567,0.8903033908387865,0.12795996075421728,0.017497348886532343,0.0,0.06988991756203648,0.019088016967126198,0.0,0.06281114225089134,0.9634146341463414,1.0,0.11912546187410336,rating,ibcf,cosine,True,item,3,25.0,0.0006081659812480211
"IBCF[cosine,mc-item,k=120]",val,120,0.9333947474323803,0.7358849999155159,9596,0.0006081659812480211,0.004622709006071091,0.014779124991036952,22653992,0.7663495838287753,1289,943,880,1.0,0.05238636363636364,0.0,0.09196990057879181,0.09700606395290211,0.0,0.19305459876409964,0.3340909090909091,0.0,0.4719399037242694,0.08599158892540809,0.0,0.15288492701532042,0.044449865720699054,0.0,0.09972445202125492,3.9510018939716534,3.1294368231129517,2.0202501092152407,0.6889603449379362,0.7096709226222495,0.12597847967588938,0.2660599438676796,0.1270077334919691,0.2766726477227854,0.3960763520678685,0.3,0.40782614955620206,0.1928950159066808,0.1,0.23232051174364898,0.4110286320254507,0.1,0.4479077359721174,score,ibcf,cosine,True,item,3,25.0,0.0006081659812480211
"IBCF[cosine,mc-item,k=120]",val,120,0.9333947474323803,0.7358849999155159,9596,0.0006081659812480211,0.0050040409551002085,0.01479341700905934,22653992,0.11296076099881094,190,943,880,0.9989395546129375,0.0968181818181818,0.1,0.1095605603882843,0.20484531844058268,0.1111111111111111,0.2670784158706012,0.5840909090909091,1.0,0.49315827928458367,0.1714689070854015,0.11795278383130281,0.2007489720385421,0.09490559005588768,0.03333333333333333,0.14902334630656758,2.0234467876342324,2.009736955763026,0.26380048452507954,0.7231243320599123,0.735579419803046,0.06794912654158118,0.024160175828279763,0.019869125520523497,0.025109010439733175,0.9366914103923649,1.0,0.12971664857545367,0.06193001060445386,0.0,0.12493432406600694,0.0013785790031813365,0.0,0.0330380956088661,affinity,ibcf,cosine,True,item,3,25.0,0.0006081659812480211
"IBCF[cosine,mc-item,k=200]",val,200,0.9340353599575665,0.7367128206479102,9596,0.0006462089950218797,0.9116408330155537,0.017197083972860128,22653992,0.0802615933412604,135,943,880,0.7518557794273595,0.0007954545454545455,0.0,0.008888334048598687,0.0012968975468975468,0.0,0.020004371023657697,0.007954545454545454,0.0,0.08888334048598688,0.0009385558527988348,0.0,0.011231891325272405,0.00027840909090909093,0.0,0.003586095635299909,8.247787526195081,8.565650549217612,0.956145421445317,0.6916334167839385,0.7165959272632199,0.08254767658286484,0.8452680226825545,0.8901844140392623,0.1279519144741898,0.017603393425238603,0.0,0.07009080907747363,0.01866383881230117,0.0,0.06260037745780245,0.9637327677624603,1.0,0.1192673167398821,rating,ibcf,cosine,True,item,3,25.0,0.0006462089950218797
"IBCF[cosine,mc-item,k=200]",val,200,0.9340353599575665,0.7367128206479102,9596,0.0006462089950218797,0.004542457987554371,0.014889750047586858,22653992,0.7705112960760999,1296,943,880,1.0,0.0515909090909091,0.0,0.0899865539650687,0.09642112984747887,0.0,0.19293549044723163,0.33181818181818185,0.0,0.4711338571859452,0.08477436868335099,0.0,0.1510464950320889,0.0436227252685586,0.0,0.0986036059669854,3.957474919044838,3.1418365061828126,2.031992262513753,0.6889427819318675,0.7089055891531926,0.12734022895484962,0.2673997891726066,0.1289708506841166,0.2779539140266469,0.4001060445387063,0.3,0.4139935348730891,0.1852598091198303,0.1,0.23200664238140475,0.4146341463414634,0.1,0.4496968178726243,score,ibcf,cosine,True,item,3,25.0,0.0006462089950218797
"IBCF[cosine,mc-item,k=200]",val,200,0.9340353599575665,0.7367128206479102,9596,0.0006462089950218797,0.004316834034398198,0.014455666998401284,22653992,0.10879904875148633,183,943,880,0.9989395546129375,0.09613636363636363,0.1,0.1082851313244007,0.20448887611464098,0.1111111111111111,0.26749109443110797,0.5806818181818182,1.0,0.49372811615689355,0.1709549638231181,0.123151194370365,0.20050118158219016,0.0947042988702215,0.03333333333333333,0.14980050392273914,2.0161544587162936,2.007958570348846,0.2586475691484143,0.7216057072318466,0.7335806299087211,0.06812508330659443,0.023679474231050927,0.019571683521713266,0.024874208854944572,0.9404029692470839,1.0,0.1266531736793982,0.0582184517497349,0.0,0.12170849846087321,0.0013785790031813365,0.0,0.0330380956088661,affinity,ibcf,cosine,True,item,3,25.0,0.0006462089950218797
"IBCF[cosine,mc-item,k=300]",val,300,0.9340995384246298,0.7368318790487125,9596,0.0007421670015901327,0.5880136670311913,0.01798454101663083,22653992,0.0802615933412604,135,943,880,0.7518557794273595,0.0007954545454545455,0.0,0.008888334048598687,0.0012968975468975468,0.0,0.020004371023657697,0.007954545454545454,0.0,0.08888334048598688,0.0009385558527988348,0.0,0.011231891325272405,0.00027840909090909093,0.0,0.003586095635299909,8.248805822286835,8.565650549217612,0.9560477753044039,0.6916245399350209,0.7136277478678194,0.08236395274524651,0.8454251654225411,0.8901844140392623,0.12795852658602053,0.017603393425238603,0.0,0.07009080907747363,0.01855779427359491,0.0,0.06254712533521113,0.9638388123011666,1.0,0.11925504569201259,rating,ibcf,cosine,True,item,3,25.0,0.0007421670015901327
"IBCF[cosine,mc-item,k=300]",val,300,0.9340995384246298,0.7368318790487125,9596,0.0007421670015901327,0.0049066669889725745,0.01649741700384766,22653992,0.7693222354340071,1294,943,880,1.0,0.05136363636363637,0.0,0.08961022687376809,0.09632330725884745,0.0,0.19294777422273943,0.33181818181818185,0.0,0.4711338571859452,0.08472495796606144,0.0,0.1512600611871992,0.04364657988616322,0.0,0.09887819456053168,3.9592614533915422,3.1418365061828126,2.033253488949109,0.6888204878458812,0.7094450045809326,0.12717401530568612,0.2677008900549652,0.1289708506841166,0.27814067719461083,0.4001060445387062,0.2,0.4142755032152807,0.18504772004241782,0.1,0.23217601871248125,0.41484623541887594,0.1,0.44987867284457794,score,ibcf,cosine,True,item,3,25.0,0.0007421670015901327
"IBCF[cosine,mc-item,k=300]",val,300,0.9340995384246298,0.7368318790487125,9596,0.0007421670015901327,0.005826542037539184,0.015731874969787896,22653992,0.10939357907253269,184,943,880,0.9989395546129375,0.09613636363636363,0.1,0.1082851313244007,0.2045202488809824,0.1111111111111111,0.26750051466667624,0.5806818181818182,1.0,0.49372811615689355,0.17119839656407537,0.12198124853492959,0.20042097996765365,0.09487427241519503,0.03333333333333333,0.1497314503792701,2.015216235119968,2.0071270999364867,0.25823580003784724,0.7212799490441414,0.7326414626329754,0.06800638952854575,0.023636829312451625,0.019571683521713266,0.02486035321603547,0.9405090137857901,1.0,0.1264934381176284,0.05811240721102863,0.0,0.12154106050805266,0.0013785790031813365,0.0,0.0330380956088661,affinity,ibcf,cosine,True,item,3,25.0,0.0007421670015901327
"IBCF[cosine,raw,k=5]",val,5,1.0472163254220357,0.8117781000808996,9596,0.0006775000365450978,1.2330647080088966,0.017493166960775852,22653992,0.7187871581450654,1209,943,880,0.3987274655355249,0.006477272727272728,0.0,0.02683704555589146,0.008710245657472969,0.0,0.05739286848646633,0.05909090909090909,0.0,0.23592885858006113,0.00831379356419989,0.0,0.03882444145061755,0.0030276086760461763,0.0,0.017527374412714566,6.634209025149539,6.9302991054230905,0.9673455916521024,0.7297046064019667,0.7572404169450814,0.12978879686027445,0.6379460920284914,0.6819155264723379,0.139571182977468,0.02523860021208908,0.0,0.06384130832438586,0.060657476139978794,0.0,0.09681988204510715,0.9141039236479321,1.0,0.12919158166178793,rating,ibcf,cosine,False,item,3,25.0,0.0006775000365450978
"IBCF[cosine,raw,k=5]",val,5,1.0472163254220357,0.8117781000808996,9596,0.0006775000365450978,0.006338917009998113,0.015765667019877583,22653992,0.1605231866825208,270,943,880,1.0,0.08443181818181818,0.1,0.10172972685244547,0.18001360632033073,0.08333333333333333,0.25243863245983894,0.5329545454545455,1.0,0.49919653098112865,0.15119432169616706,0.08514311764162101,0.1936322400053959,0.08324194395771777,0.017857142857142856,0.1466237860000109,2.1254395103336003,2.0912167146364693,0.2630483672971746,0.7027699590099071,0.7149591303274596,0.07470914207916399,0.03155395938513093,0.025698988697204043,0.02082358343911517,0.8776246023329799,1.0,0.1709778269642098,0.11866383881230115,0.0,0.16262025253943918,0.003711558854718982,0.0,0.02342738575697326,score,ibcf,cosine,False,item,3,25.0,0.0006775000365450978
"IBCF[cosine,raw,k=5]",val,5,1.0472163254220357,0.8117781000808996,9596,0.0006775000365450978,0.006112666975241154,0.016078124986961484,22653992,0.24494649227110582,412,943,880,0.9989395546129375,0.07170454545454547,0.0,0.09614552857093514,0.14823161110013955,0.0,0.23685205874910947,0.475,0.0,0.49965858650850015,0.12485120892455473,0.0,0.17844671861239578,0.06695754616029913,0.0,0.13059758473553823,2.3641254557240057,2.2852598493071428,0.407803648593079,0.7036422253054293,0.7218990002394481,0.09234618669209406,0.05126379730289815,0.04033313503866746,0.03953549193456108,0.7397667020148463,0.8,0.26421125794782646,0.2415694591728526,0.2,0.2405109502661002,0.01866383881230117,0.0,0.06243056811654075,affinity,ibcf,cosine,False,item,3,25.0,0.0006775000365450978
"IBCF[cosine,raw,k=10]",val,10,1.0227789725200418,0.7968240618910761,9596,0.0007678339607082307,1.3145045000128448,0.017158916976768523,22653992,0.49643281807372175,835,943,880,0.4559915164369035,0.004204545454545455,0.0,0.02371721872304963,0.004911156557405824,0.0,0.040918643719746135,0.03409090909090909,0.0,0.18156591248662862,0.004471685260431649,0.0,0.02688125937999527,0.001455071548821549,0.0,0.01014481208439043,7.242477394718244,7.471986755317353,0.6668767835257137,0.7277365833664631,0.7528595479208968,0.12991876160233548,0.7250526910773077,0.7597263533610946,0.09615871941126308,0.010180275715800637,0.0,0.047240961493299156,0.023647932131495228,0.0,0.06551001214760421,0.9661717921527043,1.0,0.08929352447659038,rating,ibcf,cosine,False,item,3,25.0,0.0007678339607082307
"IBCF[cosine,raw,k=10]",val,10,1.0227789725200418,0.7968240618910761,9596,0.0007678339607082307,0.005966957949567586,0.01586645795032382,22653992,0.12841854934601665,216,943,880,1.0,0.08943181818181818,0.1,0.10608192204867624,0.19435930927071268,0.1,0.26786529895428846,0.5477272727272727,1.0,0.49799992980505664,0.15939172220747394,0.09788225999256413,0.1934254092942629,0.08655022231956756,0.023809523809523808,0.13641991671853484,2.060814553509733,2.0565039273375065,0.21663279748965658,0.711949759338095,0.721611249901629,0.06984076893678146,0.026165874854827485,0.023022010707911957,0.015038186828183161,0.9200424178154827,1.0,0.13223217655809122,0.07942735949098623,0.0,0.1307372966557868,0.0005302226935312832,0.0,0.007266162791498898,score,ibcf,cosine,False,item,3,25.0,0.0007678339607082307
"IBCF[cosine,raw,k=10]",val,10,1.0227789725200418,0.7968240618910761,9596,0.0007678339607082307,0.0065916250459849834,0.016001291980501264,22653992,0.21819262782401902,367,943,880,0.9989395546129375,0.08136363636363636,0.1,0.10002481851499403,0.17046023845137492,0.0625,0.2495490869564384,0.5170454545454546,1.0,0.49999353600124075,0.1476811660374948,0.06943122193677728,0.19759190641151933,0.08225119391190819,0.0125,0.14995517947015305,2.2642512301090716,2.20387688654546,0.36206052983820397,0.7108812865175285,0.7222964248323829,0.08406742270862277,0.04261470126792932,0.034027364663890544,0.03450007732162598,0.8008483563096501,0.9,0.2226536572289888,0.18928950159066807,0.1,0.20735372396693838,0.009862142099681868,0.0,0.048307688618844984,affinity,ibcf,cosine,False,item,3,25.0,0.0007678339607082307
"IBCF[cosine,raw,k=20]",val,20,1.018350248428649,0.7935583551815766,9596,0.0009208330302499235,1.336562166980002,0.01599841599818319,22653992,0.34720570749108204,584,943,880,0.4559915164369035,0.0020454545454545456,0.0,0.01773006361105577,0.002789879807584916,0.0,0.036913821764522375,0.015909090909090907,0.0,0.1251950593081375,0.0020606665947557677,0.0,0.019616221661461805,0.0006296383978675646,0.0,0.007292371945725523,7.460493810883072,7.556143819056904,0.3887884618882087,0.7274900286918042,0.7547659132014948,0.1269439643164829,0.7562226569424477,0.7709696609161214,0.05540860629017409,0.0028632025450689292,0.0,0.02215246707200192,0.006680805938494168,0.0,0.0330333249123334,0.9904559915164369,1.0,0.04623975095768118,rating,ibcf,cosine,False,item,3,25.0,0.0009208330302499235
"IBCF[cosine,raw,k=20]",val,20,1.018350248428649,0.7935583551815766,9596,0.0009208330302499235,0.005258082994259894,0.014889084035530686,22653992,0.10939357907253269,184,943,880,1.0,0.09431818181818181,0.1,0.10640249698269999,0.20205442313080996,0.1111111111111111,0.26307323295926033,0.5886363636363636,1.0,0.49236071254585473,0.16874922353324537,0.1152847532571496,0.1968331837066433,0.09250415381851396,0.03333333333333333,0.145727377082845,2.029800133878378,2.0356577667929447,0.2036392677724416,0.7180671877503894,0.7265838701915415,0.06428175972450488,0.02361803022111643,0.020939916716240337,0.0126438386965311,0.9409331919406151,1.0,0.11546995634609583,0.05906680805938494,0.0,0.11546995634609583,0.0,0.0,0.0,score,ibcf,cosine,False,item,3,25.0,0.0009208330302499235
"IBCF[cosine,raw,k=20]",val,20,1.018350248428649,0.7935583551815766,9596,0.0009208330302499235,0.005153500009328127,0.014626333024352789,22653992,0.17063020214030916,287,943,880,0.9989395546129375,0.08931818181818181,0.1,0.10493830957187696,0.18976983568295377,0.1,0.26401681557731527,0.5647727272727273,1.0,0.4960686795837834,0.15818156211032885,0.09109240322345807,0.18987860134320386,0.08567847444112324,0.020833333333333332,0.13476646980820725,2.15166790927968,2.117689622514112,0.327384818524792,0.7213480144926916,0.7300187266065936,0.07019158855353096,0.03336744085698623,0.027067221891731115,0.029875597629603793,0.8694591728525982,1.0,0.1856886653619469,0.12757158006362673,0.0,0.17846698838452493,0.002969247083775186,0.0,0.03645207580267871,affinity,ibcf,cosine,False,item,3,25.0,0.0009208330302499235
"IBCF[cosine,raw,k=30]",val,30,1.0206628029709621,0.7971349551248189,9596,0.0008222910109907389,1.3038545419694856,0.016717249993234873,22653992,0.2835909631391201,477,943,880,0.4559915164369035,0.0007954545454545455,0.0,0.010087398609882286,0.0015798772572270016,0.0,0.03426267722289808,0.006818181818181818,0.0,0.08233710024239624,0.0009014223861399437,0.0,0.013554365633900781,0.0002821518759018759,0.0,0.005029104875226316,7.527031871937137,7.58833662854564,0.27499814534290334,0.7259554351090148,0.7555555555555555,0.13050729200292943,0.7656978405647802,0.7749553837001784,0.03841589438404631,0.0006362672322375399,0.0,0.007955438502238956,0.0027571580063626725,0.0,0.02192516196909326,0.9966065747613997,1.0,0.026250893003443063,rating,ibcf,cosine,False,item,3,25.0,0.0008222910109907389
"IBCF[cosine,raw,k=30]",val,30,1.0206628029709621,0.7971349551248189,9596,0.0008222910109907389,0.006963874970097095,0.016058833978604525,22653992,0.10107015457788347,170,943,880,1.0,0.09556818181818182,0.1,0.10522588471249728,0.20428011220483216,0.11324786324786325,0.2639254166895059,0.5909090909090909,1.0,0.491945677059759,0.16904325986949706,0.11751610475642714,0.19763420719061173,0.09276191764584622,0.03333333333333333,0.1487272985081007,2.0158169024889636,2.027708819480158,0.2027518614856772,0.7206524493534459,0.728856942940572,0.06568683834020489,0.022739645832689347,0.020345032718619867,0.012135723390826933,0.9476139978791093,1.0,0.10997071360394323,0.05238600212089078,0.0,0.10997071360394323,0.0,0.0,0.0,score,ibcf,cosine,False,item,3,25.0,0.0008222910109907389
"IBCF[cosine,raw,k=30]",val,30,1.0206628029709621,0.7971349551248189,9596,0.0008222910109907389,0.006665291031822562,0.015881208004429936,22653992,0.15041617122473247,253,943,880,0.9989395546129375,0.09420454545454546,0.1,0.10708912634088016,0.20087229372464954,0.1111111111111111,0.26745062678690135,0.5795454545454546,1.0,0.4939126808157039,0.16608969988888117,0.09791292534996782,0.1965194138018851,0.09092208150095053,0.025,0.14332233552027726,2.1052490729795443,2.084702558242151,0.30661185599018326,0.7250943237381027,0.7329643715746332,0.06859458830239795,0.02983687056951784,0.024747174301011303,0.027825144746471738,0.8962884411452811,1.0,0.16720827987201614,0.10201484623541889,0.0,0.16279854754562356,0.0016967126193001062,0.0,0.033817376088150136,affinity,ibcf,cosine,False,item,3,25.0,0.0008222910109907389
"IBCF[cosine,raw,k=50]",val,50,1.023500270712373,0.8025022969774538,9596,0.0006159580079838634,1.2977591669769026,0.016539375006686896,22653992,0.25148632580261593,423,943,880,0.4559915164369035,0.00022727272727272727,0.0,0.004764600392411636,0.001278409090909091,0.0,0.03396757454298177,0.0022727272727272726,0.0,0.047646003924116366,0.00044157013094277124,0.0,0.010913486165524173,0.00015625,0.0,0.004234288448281919,7.554766907122225,7.5982901959007325,0.22272647539425083,0.725796004153344,0.7555555555555555,0.13115736595116068,0.7696236333596816,0.7762641284949435,0.030048587993259147,0.0,0.0,0.0,0.00010604453870625664,0.0,0.0032564480451291802,0.9998939554612937,1.0,0.00325644804512918,rating,ibcf,cosine,False,item,3,25.0,0.0006159580079838634
"IBCF[cosine,raw,k=50]",val,50,1.023500270712373,0.8025022969774538,9596,0.0006159580079838634,0.004914958029985428,0.014676167047582567,22653992,0.09631391200951249,162,943,880,1.0,0.09420454545454546,0.1,0.1049429292965918,0.20395387205917379,0.1111111111111111,0.26620409967463354,0.5863636363636363,1.0,0.4927649044000367,0.16730856520931917,0.11305340175787204,0.19934341607032982,0.09193580701430404,0.031875,0.151089610543768,2.003660144813698,2.0137338114835472,0.20336874661245988,0.7198142899027555,0.7317489293552868,0.06567828447511906,0.022139652014940864,0.019750148720999408,0.012054646767855677,0.9502651113467656,1.0,0.10795057512103941,0.04973488865323436,0.0,0.10795057512103941,0.0,0.0,0.0,score,ibcf,cosine,False,item,3,25.0,0.0006159580079838634
"IBCF[cosine,raw,k=50]",val,50,1.023500270712373,0.8025022969774538,9596,0.0006159580079838634,0.004954833013471216,0.014249832951463759,22653992,0.12960760998810938,218,943,880,0.9989395546129375,0.09647727272727273,0.1,0.10644252373674593,0.20538513602934988,0.1111111111111111,0.26746039083248624,0.5954545454545455,1.0,0.49108296450044603,0.17009995094932429,0.11305340175787204,0.1978543132248491,0.09337261808132344,0.03333333333333333,0.14708185034453006,2.066354765714105,2.046574684339375,0.288492848340697,0.7233267042403907,0.7363633349232701,0.07001375301132474,0.02701460966967221,0.021772754312908985,0.026312168338142955,0.9170731707317072,1.0,0.14707019119174253,0.08154825026511135,0.0,0.1430593078304028,0.0013785790031813365,0.0,0.0330380956088661,affinity,ibcf,cosine,False,item,3,25.0,0.0006159580079838634
"IBCF[cosine,raw,k=80]",val,80,1.024859713964284,0.8072777980559127,9596,0.0014704170171171427,1.3039758750237525,0.015931000001728535,22653992,0.24613555291319858,414,943,880,0.4559915164369035,0.00011363636363636364,0.0,0.0033709993123162106,0.0011363636363636363,0.0,0.03370999312316211,0.0011363636363636363,0.0,0.03370999312316211,0.0003584828145292372,0.0,0.010634318827046099,0.00014204545454545454,0.0,0.004213749140395264,7.559788541032775,7.601264930240139,0.22053111505921652,0.7241425224898606,0.7555555555555555,0.13249740167072302,0.7703146576767478,0.7767400356930397,0.02963444107707258,0.0,0.0,0.0,0.0,0.0,0.0,1.0,1.0,0.0,rating,ibcf,cosine,False,item,3,25.0,0.0014704170171171427
"IBCF[cosine,raw,k=80]",val,80,1.024859713964284,0.8072777980559127,9596,0.0014704170171171427,0.006289458018727601,0.015901791979558766,22653992,0.093935790725327,158,943,880,1.0,0.09431818181818181,0.1,0.10650936340392171,0.20277438090568253,0.1111111111111111,0.2649199270090601,0.5806818181818182,1.0,0.49372811615689355,0.167481247341279,0.1175227747072427,0.19865355638353027,0.09217947885172588,0.03333333333333333,0.14973344586867474,1.9955808114178852,1.9946629338631539,0.20377272168511765,0.7210642446922345,0.7309060379011548,0.06500430551316382,0.021797546403159763,0.019214753123140988,0.012083323463888242,0.9503711558854719,1.0,0.10745744279548283,0.04962884411452811,0.0,0.10745744279548283,0.0,0.0,0.0,score,ibcf,cosine,False,item,3,25.0,0.0014704170171171427
"IBCF[cosine,raw,k=80]",val,80,1.024859713964284,0.8072777980559127,9596,0.0014704170171171427,0.006699917023070157,0.016380249988287687,22653992,0.1206896551724138,203,943,880,0.9989395546129375,0.09568181818181817,0.1,0.1065734318197634,0.2042588044847931,0.1111111111111111,0.2666472759196427,0.5920454545454545,1.0,0.4917340844024956,0.17133064904672168,0.1100458831490401,0.19957929397032415,0.09471481431377263,0.03333333333333333,0.14779503815761502,2.0407915025792662,2.0214448075299227,0.2747358438626396,0.7235178620245688,0.7376786349643003,0.0680993400909749,0.025338651751879753,0.020701963117192145,0.025608347913067382,0.9279957582184519,1.0,0.13823620506087217,0.0706256627783669,0.0,0.13384851713895843,0.0013785790031813365,0.0,0.0330380956088661,affinity,ibcf,cosine,False,item,3,25.0,0.0014704170171171427
"IBCF[cosine,raw,k=120]",val,120,1.024967143567316,0.810009777711275,9596,0.0006320420070551336,1.2135395410005003,0.01676770899211988,22653992,0.24613555291319858,414,943,880,0.4559915164369035,0.00011363636363636364,0.0,0.0033709993123162106,0.0011363636363636363,0.0,0.03370999312316211,0.0011363636363636363,0.0,0.03370999312316211,0.0003584828145292372,0.0,0.010634318827046099,0.00014204545454545454,0.0,0.004213749140395264,7.557680471921565,7.598290195900733,0.22011098810274354,0.7225964385031961,0.7548516655195101,0.13148159640930193,0.770058346575758,0.7765020820939916,0.029640962874499507,0.0,0.0,0.0,0.0,0.0,0.0,1.0,1.0,0.0,rating,ibcf,cosine,False,item,3,25.0,0.0006320420070551336
"IBCF[cosine,raw,k=120]",val,120,1.024967143567316,0.810009777711275,9596,0.0006320420070551336,0.00499149999814108,0.014624916017055511,22653992,0.09155766944114149,154,943,880,1.0,0.09545454545454546,0.1,0.10940847355783298,0.2032839385384686,0.1111111111111111,0.2655738435020396,0.5818181818181818,1.0,0.493540863064371,0.16806145645917075,0.11284514134893527,0.19951724990822553,0.09275555011566916,0.03333333333333333,0.1500496187277387,1.989291302345139,1.9908437029153383,0.2022165582260877,0.7215478926477328,0.7316156456989882,0.06437126978407608,0.021487676817124587,0.01903628792385485,0.012005752485415322,0.9518557794273595,1.0,0.10634964360198752,0.048144220572640506,0.0,0.10634964360198754,0.0,0.0,0.0,score,ibcf,cosine,False,item,3,25.0,0.0006320420070551336
"IBCF[cosine,raw,k=120]",val,120,1.024967143567316,0.810009777711275,9596,0.0006320420070551336,0.009820958017371595,0.015274374978616834,22653992,0.11296076099881094,190,943,880,0.9989395546129375,0.0968181818181818,0.1,0.1095605603882843,0.20484531844058268,0.1111111111111111,0.2670784158706012,0.5840909090909091,1.0,0.49315827928458367,0.1714689070854015,0.11795278383130281,0.2007489720385421,0.09490559005588768,0.03333333333333333,0.14902334630656758,2.0234467876342324,2.009736955763026,0.26380048452507954,0.7231243320599123,0.735579419803046,0.06794912654158118,0.024160175828279763,0.019869125520523497,0.025109010439733175,0.9366914103923649,1.0,0.12971664857545367,0.06193001060445386,0.0,0.12493432406600694,0.0013785790031813365,0.0,0.0330380956088661,affinity,ibcf,cosine,False,item,3,25.0,0.0006320420070551336
"IBCF[cosine,raw,k=200]",val,200,1.0250060311197156,0.8112203740798472,9596,0.0006271250313147902,0.8813981249695644,0.016802541038487107,22653992,0.24613555291319858,414,943,880,0.4559915164369035,0.00011363636363636364,0.0,0.0033709993123162106,0.0011363636363636363,0.0,0.03370999312316211,0.0011363636363636363,0.0,0.03370999312316211,0.0003584828145292372,0.0,0.010634318827046099,0.00014204545454545454,0.0,0.004213749140395264,7.558406436969863,7.601264930240139,0.22013900237392078,0.7237202320435208,0.7555555555555555,0.1301790342922014,0.770118213480715,0.7766210588935157,0.029614659908306244,0.0,0.0,0.0,0.0,0.0,0.0,1.0,1.0,0.0,rating,ibcf,cosine,False,item,3,25.0,0.0006271250313147902
"IBCF[cosine,raw,k=200]",val,200,1.0250060311197156,0.8112203740798472,9596,0.0006271250313147902,0.0060378339840099216,0.015746166987810284,22653992,0.09036860879904875,152,943,880,1.0,0.09500000000000001,0.1,0.107500297642258,0.20283875605125215,0.1111111111111111,0.2652964218288682,0.5818181818181818,1.0,0.493540863064371,0.16817855349763283,0.11751610475642714,0.199617053101175,0.09269371900696306,0.03333333333333333,0.150189191741933,1.986151197366642,1.9853652952799181,0.20166012176429535,0.7213768358635049,0.731026335157319,0.06461247947514945,0.021365482723445815,0.018738845925044614,0.01202209601026762,0.9517497348886532,1.0,0.10645121355702825,0.048250265111346766,0.0,0.10645121355702825,0.0,0.0,0.0,score,ibcf,cosine,False,item,3,25.0,0.0006271250313147902
"IBCF[cosine,raw,k=200]",val,200,1.0250060311197156,0.8112203740798472,9596,0.0006271250313147902,0.006436083989683539,0.0160385420313105,22653992,0.10879904875148633,183,943,880,0.9989395546129375,0.09613636363636363,0.1,0.1082851313244007,0.20448887611464098,0.1111111111111111,0.26749109443110797,0.5806818181818182,1.0,0.49372811615689355,0.1709549638231181,0.123151194370365,0.20050118158219016,0.0947042988702215,0.03333333333333333,0.14980050392273914,2.0161544587162936,2.007958570348846,0.2586475691484143,0.7216057072318466,0.7335806299087211,0.06812508330659443,0.023679474231050927,0.019571683521713266,0.024874208854944572,0.9404029692470839,1.0,0.1266531736793982,0.0582184517497349,0.0,0.12170849846087321,0.0013785790031813365,0.0,0.0330380956088661,affinity,ibcf,cosine,False,item,3,25.0,0.0006271250313147902
"IBCF[cosine,raw,k=300]",val,300,1.0252029243027605,0.8115662252689251,9596,0.0008298750035464764,0.6077885419945233,0.016822457953821868,22653992,0.24613555291319858,414,943,880,0.4559915164369035,0.00011363636363636364,0.0,0.0033709993123162106,0.0011363636363636363,0.0,0.03370999312316211,0.0011363636363636363,0.0,0.03370999312316211,0.0003584828145292372,0.0,0.010634318827046099,0.00014204545454545454,0.0,0.004213749140395264,7.5579870774951,7.5982901959007325,0.22019650565164706,0.7240504643082558,0.7555555555555555,0.13032668086242474,0.7700542461028159,0.7762641284949435,0.02959897480291814,0.0,0.0,0.0,0.0,0.0,0.0,1.0,1.0,0.0,rating,ibcf,cosine,False,item,3,25.0,0.0008298750035464764
"IBCF[cosine,raw,k=300]",val,300,1.0252029243027605,0.8115662252689251,9596,0.0008298750035464764,0.006622540997341275,0.015550457988865674,22653992,0.09036860879904875,152,943,880,1.0,0.09522727272727274,0.1,0.10803843407394267,0.20302684395240828,0.1111111111111111,0.2653377005023658,0.5818181818181818,1.0,0.493540863064371,0.16832893147897596,0.11751610475642714,0.1996464746332427,0.09278462809787215,0.03333333333333333,0.15023647976333745,1.9856620414064705,1.9842599166620498,0.20154447784318674,0.7214820398166345,0.7316156456989882,0.06464876231235507,0.021346683632110616,0.01867935752528257,0.01202714311351649,0.9515376458112407,1.0,0.10645449180494822,0.048462354188759285,0.0,0.10645449180494823,0.0,0.0,0.0,score,ibcf,cosine,False,item,3,25.0,0.0008298750035464764
"IBCF[cosine,raw,k=300]",val,300,1.0252029243027605,0.8115662252689251,9596,0.0008298750035464764,0.006081417028326541,0.0160398330190219,22653992,0.10939357907253269,184,943,880,0.9989395546129375,0.09613636363636363,0.1,0.1082851313244007,0.2045202488809824,0.1111111111111111,0.26750051466667624,0.5806818181818182,1.0,0.49372811615689355,0.17119839656407537,0.12198124853492959,0.20042097996765365,0.09487427241519503,0.03333333333333333,0.1497314503792701,2.015216235119968,2.0071270999364867,0.25823580003784724,0.7212799490441414,0.7326414626329754,0.06800638952854575,0.023636829312451625,0.019571683521713266,0.02486035321603547,0.9405090137857901,1.0,0.1264934381176284,0.05811240721102863,0.0,0.12154106050805266,0.0013785790031813365,0.0,0.0330380956088661,affinity,ibcf,cosine,False,item,3,25.0,0.0008298750035464764
"IBCF[pearson,mc-item,k=5]",val,5,0.9719417232854549,0.7549833355379016,9596,0.20111316698603332,1.2832839170005172,0.019164249999448657,22653992,0.21878715814506539,368,943,880,0.7730646871686108,0.009545454545454546,0.0,0.03372609644082143,0.014359064135816358,0.0,0.06981606160144688,0.08522727272727272,0.0,0.2793783822775504,0.013495903218219083,0.0,0.05267140580685725,0.005509281806156806,0.0,0.0276066740792295,6.850003551225955,7.541273646021425,1.8384648542793807,0.7120125443097735,0.7211983001784765,0.08861035146667576,0.6536817515706389,0.7430696014277217,0.249716642028643,0.10986214209968186,0.0,0.15184038048185916,0.10593849416755037,0.0,0.1399375976814802,0.7841993637327678,0.9,0.24597518240775618,rating,ibcf,pearson,True,item,3,25.0,0.20111316698603332
"IBCF[pearson,mc-item,k=5]",val,5,0.9719417232854549,0.7549833355379016,9596,0.20111316698603332,0.0065626249997876585,0.016040957998484373,22653992,0.5642092746730083,949,943,880,1.0,0.023750000000000004,0.0,0.052183549772837394,0.04338848835561629,0.0,0.12994082677736182,0.2034090909090909,0.0,0.40276317045610144,0.03878631211150099,0.0,0.10180076224643828,0.018521755250921916,0.0,0.07138532835123733,3.4389187823988143,3.37042868319294,0.6162811731018294,0.7400302059872103,0.7498605940440481,0.08606530188553421,0.17294621504267962,0.16032123735871504,0.08631443951361774,0.220254506892895,0.2,0.17685366135706335,0.468610816542948,0.5,0.187991055964887,0.311134676564157,0.3,0.21908196290753523,score,ibcf,pearson,True,item,3,25.0,0.20111316698603332
"IBCF[pearson,mc-item,k=5]",val,5,0.9719417232854549,0.7549833355379016,9596,0.20111316698603332,0.006751834007445723,0.01617754198377952,22653992,0.33828775267538647,569,943,880,0.9989395546129375,0.024431818181818183,0.0,0.05186746816455192,0.04363502427419795,0.0,0.13112564131156765,0.20454545454545456,0.0,0.4035984586104606,0.03955257061961383,0.0,0.10941697756350277,0.01971275377785794,0.0,0.08423560662584446,3.32045103331067,3.3293126371692936,0.31545475469659356,0.7464175708571272,0.7606727396540198,0.09049218536639222,0.152776871818585,0.15181439619274242,0.040444674394639966,0.18589607635206787,0.2,0.15942578029276178,0.5653234358430541,0.6,0.16503257206672725,0.24878048780487805,0.2,0.16695123549372975,affinity,ibcf,pearson,True,item,3,25.0,0.20111316698603332
"IBCF[pearson,mc-item,k=10]",val,10,0.9407658849085153,0.7356510733380511,9596,0.0010100420331582427,1.3140985840000212,0.017300917010288686,22653992,0.18311533888228299,308,943,880,0.6956521739130435,0.004431818181818183,0.0,0.02461803562729273,0.005282586393258329,0.0,0.0318860187324246,0.038636363636363635,0.0,0.19283633394920977,0.0059951679574642164,0.0,0.03545412529745399,0.002388685966810967,0.0,0.017128196154407832,7.5601781313657925,8.407154299145494,1.534618217483502,0.7036248288807209,0.7211983001784765,0.0879408871489095,0.7514943700506503,0.8697798929208804,0.20746180579006754,0.05885471898197243,0.0,0.11419227600245352,0.054931071049840935,0.0,0.10474197656930906,0.8862142099681867,1.0,0.19132121012951187,rating,ibcf,pearson,True,item,3,25.0,0.0010100420331582427
"IBCF[pearson,mc-item,k=10]",val,10,0.9407658849085153,0.7356510733380511,9596,0.0010100420331582427,0.005712250014767051,0.01614870800403878,22653992,0.6533888228299644,1099,943,880,1.0,0.026477272727272724,0.0,0.05555674922012025,0.04869003650599194,0.0,0.13864708991310776,0.22272727272727272,0.0,0.4163133262381532,0.040535634315113256,0.0,0.10533784524183074,0.018911198865067914,0.0,0.07704604046530804,3.5292600018912914,3.375701738031457,0.8349893321457617,0.7348479340780976,0.7520259599037868,0.08735163430054863,0.18676777381538914,0.16032123735871504,0.11903458588527421,0.2220572640509014,0.2,0.18217024103115032,0.4533404029692471,0.5,0.19332540176271823,0.3246023329798516,0.3,0.25041202962425485,score,ibcf,pearson,True,item,3,25.0,0.0010100420331582427
"IBCF[pearson,mc-item,k=10]",val,10,0.9407658849085153,0.7356510733380511,9596,0.0010100420331582427,0.006330874981358647,0.015107791987247765,22653992,0.31093935790725324,523,943,880,0.9989395546129375,0.02806818181818182,0.0,0.055798229765173436,0.05480459874844999,0.0,0.15358951462251869,0.2340909090909091,0.0,0.423670070305229,0.047951529740802974,0.0,0.12577106589299616,0.025150108654572942,0.0,0.10232429052316204,3.265068782945966,3.292148178987913,0.3368879210284453,0.7400403029597479,0.7543000646879925,0.09462694074397295,0.14527370026047468,0.14455681142177274,0.042411207428109436,0.2051961823966066,0.2,0.1774570870235383,0.5890774125132555,0.6,0.16733675490561656,0.2057264050901379,0.2,0.16352369018952204,affinity,ibcf,pearson,True,item,3,25.0,0.0010100420331582427
"IBCF[pearson,mc-item,k=20]",val,20,0.9273476256844522,0.7267678330071815,9596,0.0008221659809350967,1.3261066669947468,0.016772958973888308,22653992,0.1605231866825208,270,943,880,0.7062566277836692,0.0020454545454545456,0.0,0.016396612410547833,0.0020261509324009325,0.0,0.017022340037734177,0.01818181818181818,0.0,0.13368451012355495,0.0026465761941641985,0.0,0.02155049434201851,0.0009878246753246753,0.0,0.009204097899196118,7.906046885470283,8.49195398980099,1.2388130894222584,0.7048837747139932,0.7211983001784765,0.08950872281363062,0.7992838681716874,0.878167757287329,0.16639325627143972,0.03732767762460234,0.0,0.09491344670156436,0.030965005302226935,0.0,0.07911279435430581,0.9317073170731709,1.0,0.15115251229802454,rating,ibcf,pearson,True,item,3,25.0,0.0008221659809350967
"IBCF[pearson,mc-item,k=20]",val,20,0.9273476256844522,0.7267678330071815,9596,0.0008221659809350967,0.005112708022352308,0.015858625003602356,22653992,0.6771700356718192,1139,943,880,1.0,0.026136363636363635,0.0,0.05702985702239693,0.04883176796966163,0.0,0.14315373980446636,0.21022727272727273,0.0,0.4077016723479674,0.04164658426600457,0.0,0.10690690645090696,0.019728397924826495,0.0,0.07547398379912225,3.6214552282102908,3.3554529134437643,1.02888650352176,0.7288859667666084,0.7451942784632231,0.09402438104107133,0.20035522712519624,0.15698988697204044,0.14713945712556106,0.22386002120890774,0.2,0.18884257343122324,0.437221633085896,0.5,0.20374289790986638,0.3389183457051962,0.3,0.27589210003668674,score,ibcf,pearson,True,item,3,25.0,0.0008221659809350967
"IBCF[pearson,mc-item,k=20]",val,20,0.9273476256844522,0.7267678330071815,9596,0.0008221659809350967,0.004609125026036054,0.014205916959326714,22653992,0.2794292508917955,470,943,880,0.9989395546129375,0.030113636363636363,0.0,0.058147243919082284,0.06162253352140851,0.0,0.15839985268049914,0.24772727272727274,0.0,0.43193805457132994,0.052504277309279326,0.0,0.12716541726382022,0.027091181264172336,0.0,0.09892636606586266,3.1741120488152763,3.1873724487734907,0.3275867936785768,0.7355260713942556,0.7435044329857465,0.08868195684063072,0.13324903181525416,0.13224271267102913,0.040258097554006105,0.23425238600212087,0.2,0.1870648465857898,0.6166489925768823,0.6,0.1743310259228187,0.14909862142099684,0.1,0.1411837046504283,affinity,ibcf,pearson,True,item,3,25.0,0.0008221659809350967
"IBCF[pearson,mc-item,k=30]",val,30,0.925561683023091,0.7260095936399766,9596,0.0006033339886926115,1.5416171660181135,0.021862665947992355,22653992,0.1724137931034483,290,943,880,0.7094379639448568,0.0023863636363636366,0.0,0.019811071138705248,0.0024743832556332556,0.0,0.020993503274575817,0.019318181818181818,0.0,0.13771907115099466,0.0029734775357218844,0.0,0.023904428975434534,0.0011319444444444445,0.0,0.010396094731366734,7.98142115528163,8.507154299145494,1.1388548752231018,0.6992402606834331,0.7111111111111111,0.088460420312281,0.8100635068632455,0.8790005948839976,0.15227226284010173,0.033085896076352074,0.0,0.09092424719887063,0.024072110286320256,0.0,0.06821630310287943,0.9428419936373277,1.0,0.13826796139241204,rating,ibcf,pearson,True,item,3,25.0,0.0006033339886926115
"IBCF[pearson,mc-item,k=30]",val,30,0.925561683023091,0.7260095936399766,9596,0.0006033339886926115,0.004828916979022324,0.014827458013314754,22653992,0.6801426872770512,1144,943,880,1.0,0.02931818181818182,0.0,0.06349321991421589,0.0498890946522426,0.0,0.1429261434541792,0.21704545454545454,0.0,0.4124682470377025,0.04346600705977468,0.0,0.1061728874023447,0.01995268068296342,0.0,0.07029177725801138,3.669776585460415,3.36063928187221,1.129033747311819,0.7310736627701742,0.7474983761578604,0.09365798437179841,0.20757862026024756,0.1587150505651398,0.16189243703472533,0.2241781548250265,0.2,0.19621887035887867,0.4291622481442206,0.4,0.2120270137018256,0.3466595970307529,0.3,0.2964886111292458,score,ibcf,pearson,True,item,3,25.0,0.0006033339886926115
"IBCF[pearson,mc-item,k=30]",val,30,0.925561683023091,0.7260095936399766,9596,0.0006033339886926115,0.005963791976682842,0.015815416991245,22653992,0.26634958382877527,448,943,880,0.9989395546129375,0.03306818181818182,0.0,0.06134365709001519,0.06645011231586274,0.0,0.16140956997378603,0.26931818181818185,0.0,0.4438578302823411,0.056931908250714064,0.0,0.1298837745021629,0.02901876850277148,0.0,0.09969265047458346,3.1256645058952683,3.1237996068801657,0.31554171186225655,0.7321904809243265,0.739601969365485,0.08772204182953215,0.1269276796432967,0.1246281975014872,0.038408263756932105,0.2541887592788971,0.2,0.18654574412347796,0.622693531283139,0.6,0.1725122181910678,0.12311770943796395,0.1,0.12215350899729753,affinity,ibcf,pearson,True,item,3,25.0,0.0006033339886926115
"IBCF[pearson,mc-item,k=50]",val,50,0.9278046691219056,0.729273633310679,9596,0.0009699999936856329,1.3877909579896368,0.01901124999858439,22653992,0.17954815695600476,302,943,880,0.7306468716861082,0.0014772727272727277,0.0,0.012071061185777792,0.00196969696969697,0.0,0.019594593312287283,0.014772727272727272,0.0,0.12071061185777794,0.0018700223469109887,0.0,0.01626767260569511,0.0006243010461760461,0.0,0.006036164211656487,8.050607250590852,8.49195398980099,1.0246929903750488,0.6973248649674003,0.7149238416723069,0.0881635256328194,0.8201699740660857,0.8797739440809043,0.1361384560692153,0.029056203605514315,0.0,0.08744946991817112,0.01707317073170732,0.0,0.054472201672138225,0.9538706256627784,1.0,0.12209847847623288,rating,ibcf,pearson,True,item,3,25.0,0.0009699999936856329
"IBCF[pearson,mc-item,k=50]",val,50,0.9278046691219056,0.729273633310679,9596,0.0009699999936856329,0.005803167005069554,0.01642037503188476,22653992,0.6819262782401903,1147,943,880,1.0,0.02943181818181818,0.0,0.06494695401849804,0.05004252872820321,0.0,0.14364330889411134,0.21931818181818183,0.0,0.41401993174045876,0.04427850559480461,0.0,0.10774393230485242,0.020629584535834536,0.0,0.07139859047967556,3.6895171761378207,3.345472640290127,1.1583401013805412,0.731187760615738,0.743008848255987,0.09362055498077215,0.21060722957538658,0.15532421177870315,0.16593921786095858,0.22173913043478263,0.2,0.1989471967043653,0.4301166489925769,0.5,0.21706566357241908,0.3481442205726405,0.3,0.30514737031018463,score,ibcf,pearson,True,item,3,25.0,0.0009699999936856329
"IBCF[pearson,mc-item,k=50]",val,50,0.9278046691219056,0.729273633310679,9596,0.0009699999936856329,0.0058267919812351465,0.014946083014365286,22653992,0.25089179548156954,422,943,880,0.9989395546129375,0.03556818181818182,0.0,0.06606712128935076,0.0697299815606296,0.0,0.16449111709691278,0.2784090909090909,0.0,0.44847075858432756,0.060305287570197076,0.0,0.13441832226245706,0.031071211691747407,0.0,0.10236750188055134,3.0691937790123953,3.0795999310383357,0.29963242242251775,0.7321154493682239,0.7411051828193114,0.08809292701933255,0.11987133346749239,0.1182034503271862,0.036058767291656774,0.2795334040296925,0.3,0.1865856892271954,0.6251325556733828,0.6,0.17974491961065134,0.09533404029692472,0.1,0.10845111893769994,affinity,ibcf,pearson,True,item,3,25.0,0.0009699999936856329
"IBCF[pearson,mc-item,k=80]",val,80,0.929935701402569,0.7314928443362547,9596,0.0024938329588621855,1.6019462500116788,0.01894787495257333,22653992,0.1813317479191439,305,943,880,0.7465535524920467,0.0013636363636363637,0.0,0.011604186818644299,0.001938131313131313,0.0,0.01957533548257177,0.013636363636363636,0.0,0.11604186818644299,0.001805057924835766,0.0,0.01619236168864469,0.0006192956349206349,0.0,0.006053482220571194,8.091429952356163,8.49195398980099,0.9688512299741509,0.698697796829395,0.7155712144534976,0.08730229430531207,0.8258173346547371,0.8791790600832836,0.12838966361221085,0.025980911983032873,0.0,0.08467163786926908,0.014422057264050903,0.0,0.04902293779607742,0.9595970307529164,1.0,0.11385284423234306,rating,ibcf,pearson,True,item,3,25.0,0.0024938329588621855
"IBCF[pearson,mc-item,k=80]",val,80,0.929935701402569,0.7314928443362547,9596,0.0024938329588621855,0.006182249984703958,0.016376874991692603,22653992,0.6718192627824019,1130,943,880,1.0,0.03034090909090909,0.0,0.06540238387969956,0.049422342485201186,0.0,0.14225029285082774,0.22613636363636364,0.0,0.41856635923526225,0.0434074797392303,0.0,0.10563150384179607,0.01970950988770929,0.0,0.07017436763202449,3.6524613964005703,3.3300788882934,1.100197618866286,0.7309714591824918,0.7452941839049975,0.09545002140402276,0.205418428030076,0.15484830458060678,0.15775472270444274,0.2236479321314952,0.2,0.1987825234468186,0.4336161187698834,0.5,0.21637912252710395,0.3427359490986215,0.3,0.30510125229528356,score,ibcf,pearson,True,item,3,25.0,0.0024938329588621855
"IBCF[pearson,mc-item,k=80]",val,80,0.929935701402569,0.7314928443362547,9596,0.0024938329588621855,0.0063462500111199915,0.016457707970403135,22653992,0.24673008323424495,415,943,880,0.9989395546129375,0.038181818181818185,0.0,0.06991861764502535,0.07219308407291553,0.0,0.16513326219046653,0.2897727272727273,0.0,0.45391478121657153,0.06320572843671962,0.0,0.13659590411977174,0.03236428217120181,0.0,0.1031722455979682,3.0292975514651994,3.027150676470014,0.28554675256235323,0.7300432759943591,0.7397563882360053,0.0864104506456672,0.11495985006147554,0.1134443783462225,0.03425646549452864,0.29756097560975614,0.3,0.18036407578642522,0.6219512195121951,0.6,0.17933472764465253,0.08048780487804878,0.1,0.10344888893468966,affinity,ibcf,pearson,True,item,3,25.0,0.0024938329588621855
"IBCF[pearson,mc-item,k=120]",val,120,0.9323179979463345,0.7347896212555433,9596,0.000697874987963587,1.344104333955329,0.017949083005078137,22653992,0.18192627824019025,306,943,880,0.7539766702014846,0.00125,0.0,0.011116561044914092,0.0018143488455988454,0.0,0.01925933061022814,0.0125,0.0,0.11116561044914092,0.0015621724139651615,0.0,0.014953801195812586,0.0005168425324675324,0.0,0.005580263459429296,8.109603760658908,8.507154299145494,0.9405934402616178,0.6971529320258971,0.7141650428245271,0.08906839811596831,0.8282991932161776,0.8797739440809043,0.12429061253298633,0.025026511134676566,0.0,0.08261499954558378,0.013149522799575823,0.0,0.04581122899466176,0.9618239660657476,1.0,0.10935859505540212,rating,ibcf,pearson,True,item,3,25.0,0.000697874987963587
"IBCF[pearson,mc-item,k=120]",val,120,0.9323179979463345,0.7347896212555433,9596,0.000697874987963587,0.005441917048301548,0.01636183401569724,22653992,0.638525564803805,1074,943,880,1.0,0.029431818181818184,0.0,0.06494695401849804,0.048770563212213104,0.0,0.14231949445746842,0.21931818181818183,0.0,0.41401993174045876,0.04314120143926389,0.0,0.10654030012697714,0.019786613119574428,0.0,0.0706088972356724,3.5909046583382813,3.329471246285069,0.9769783986955121,0.7307618584371068,0.7451942784632231,0.09626083160847501,0.19667211924427655,0.15330160618679356,0.13981181082541289,0.22799575821845175,0.2,0.19813598448330544,0.43287380699893946,0.4,0.20903405380649823,0.3391304347826087,0.3,0.29993999215221967,score,ibcf,pearson,True,item,3,25.0,0.000697874987963587
"IBCF[pearson,mc-item,k=120]",val,120,0.9323179979463345,0.7347896212555433,9596,0.000697874987963587,0.00895141699584201,0.014193833980243653,22653992,0.24435196195005945,411,943,880,0.9989395546129375,0.03954545454545454,0.0,0.06981055285481946,0.07374389007323055,0.0,0.16623222185550196,0.3,0.0,0.4585181652343005,0.06605290641115559,0.0,0.138271238492485,0.03371382672387137,0.0,0.10356892089749282,3.010074242287089,3.010448922634324,0.27953420592547845,0.7300660849121609,0.7394501139690758,0.08622377230239475,0.11274016943154197,0.1107674003569304,0.033573358855789825,0.30763520678685047,0.3,0.17637848499564054,0.6182396606574762,0.6,0.17728273936854758,0.07412513255567339,0.0,0.10204206510716997,affinity,ibcf,pearson,True,item,3,25.0,0.000697874987963587
"IBCF[pearson,mc-item,k=200]",val,200,0.9348455717939003,0.738357765884834,9596,0.0006821670103818178,0.9231472079991363,0.017848542018327862,22653992,0.18311533888228299,308,943,880,0.7720042417815483,0.0010227272727272728,0.0,0.010066872278329418,0.001737012987012987,0.0,0.019281440380364966,0.010227272727272727,0.0,0.10066872278329418,0.0014175797135129987,0.0,0.014657351185763336,0.0004941152597402597,0.0,0.005561907176832423,8.122472190696362,8.507154299145494,0.9245303446084938,0.6953752624127282,0.7121747669588814,0.0912991074518562,0.830074761084367,0.8792980368828079,0.12205862984769109,0.024178154825026513,0.0,0.08222450023854926,0.011983032873807,0.0,0.0434034023797442,0.9638388123011666,1.0,0.10775110651334929,rating,ibcf,pearson,True,item,3,25.0,0.0006821670103818178
"IBCF[pearson,mc-item,k=200]",val,200,0.9348455717939003,0.738357765884834,9596,0.0006821670103818178,0.006236458022613078,0.0158497910015285,22653992,0.5624256837098692,946,943,880,1.0,0.029772727272727277,0.0,0.06522870018758743,0.04932526610827404,0.0,0.1424594523524145,0.2215909090909091,0.0,0.41555337877489557,0.043178628817488116,0.0,0.10543314801852623,0.019697778343239655,0.0,0.06991497251642574,3.517099141333146,3.329471246285069,0.7873993408009736,0.7326157506655621,0.747305083274125,0.0947877888917868,0.18605094806088635,0.15466983938132067,0.11234810130170228,0.2273594909862142,0.2,0.19865290797701313,0.44156945917285256,0.4,0.200822293660399,0.33107104984093316,0.3,0.287051816711455,score,ibcf,pearson,True,item,3,25.0,0.0006821670103818178
"IBCF[pearson,mc-item,k=200]",val,200,0.9348455717939003,0.738357765884834,9596,0.0006821670103818178,0.00614774995483458,0.020496790995821357,22653992,0.24494649227110582,412,943,880,0.9989395546129375,0.04102272727272727,0.0,0.07303808243073441,0.07452621316925823,0.0,0.16630266868627777,0.30454545454545456,0.0,0.4604763549542154,0.06743959450906477,0.0,0.13950416590781659,0.034397203146831125,0.0,0.10413040447233343,3.000505688995469,3.002058354014415,0.27912904211556805,0.729380146462349,0.7394501139690758,0.08604206007244393,0.11165726606959575,0.1098750743604997,0.033589517901271904,0.3148462354188759,0.3,0.17549491044614593,0.612831389183457,0.6,0.17513943547551997,0.072322375397667,0.0,0.1015151354004446,affinity,ibcf,pearson,True,item,3,25.0,0.0006821670103818178
"IBCF[pearson,mc-item,k=300]",val,300,0.9371182448757835,0.7407679452389595,9596,0.0009692080202512443,0.7945403330377303,0.030843165994156152,22653992,0.18311533888228299,308,943,880,0.7709437963944857,0.0009090909090909091,0.0,0.009496585056102527,0.001682900432900433,0.0,0.01921924801171239,0.00909090909090909,0.0,0.09496585056102527,0.0013284907714917766,0.0,0.014425342349831229,0.0004751758658008658,0.0,0.005535085766331441,8.12742517819586,8.507154299145494,0.9218774534258785,0.6956325185044406,0.7148770323923394,0.0913201540350143,0.8306843437003804,0.8792980368828079,0.12174542552797334,0.02386002120890774,0.0,0.08199444289335914,0.011876988335100742,0.0,0.04331018976917199,0.9642629904559915,1.0,0.10749839666195289,rating,ibcf,pearson,True,item,3,25.0,0.0009692080202512443
"IBCF[pearson,mc-item,k=300]",val,300,0.9371182448757835,0.7407679452389595,9596,0.0009692080202512443,0.006549999990966171,0.016392750025261194,22653992,0.525564803804994,884,943,880,1.0,0.03,0.0,0.06581941717233278,0.04937828291636387,0.0,0.14243817436665096,0.2215909090909091,0.0,0.41555337877489557,0.04314624674144912,0.0,0.10530037306787442,0.01964086997383128,0.0,0.06990482867804433,3.490191144048549,3.3280529410057014,0.7185942902443055,0.7338285026751297,0.7473148269122118,0.09294569667314134,0.18215310156619138,0.15425342058298633,0.10199237725885098,0.2292682926829268,0.2,0.19880800605536594,0.4428419936373277,0.4,0.19922669890167044,0.32788971367974556,0.3,0.2831737414847613,score,ibcf,pearson,True,item,3,25.0,0.0009692080202512443
"IBCF[pearson,mc-item,k=300]",val,300,0.9371182448757835,0.7407679452389595,9596,0.0009692080202512443,0.007210457988549024,0.016017040994483978,22653992,0.24494649227110582,412,943,880,0.9989395546129375,0.04090909090909091,0.0,0.07271175757558103,0.07442299491694102,0.0,0.1662237513259252,0.30454545454545456,0.0,0.4604763549542154,0.06736071026317474,0.0,0.13937153671751898,0.03438169088131886,0.0,0.10407116052715444,2.999243595930106,3.002009815648374,0.2793752073949092,0.7294817490897643,0.7399332908800258,0.08593986006232873,0.111539614038253,0.10981558596073766,0.03359454948054383,0.31558854718981977,0.3,0.17564212903166077,0.6123011664899257,0.6,0.17496528763620156,0.07211028632025451,0.0,0.10145701049708188,affinity,ibcf,pearson,True,item,3,25.0,0.0009692080202512443
"IBCF[pearson,raw,k=5]",val,5,1.0706166947759048,0.8390122809750906,9596,0.0011362920049577951,1.2980194160481915,0.01766250003129244,22653992,0.66884661117717,1125,943,880,0.3138918345705196,0.0023863636363636366,0.0,0.015998742710968947,0.00249024897570141,0.0,0.02223291332090457,0.022727272727272728,0.0,0.14911744363790624,0.0034931568385469756,0.0,0.025167975823226035,0.001351911976911977,0.0,0.010956121133686712,6.749623582746512,6.925115001123755,0.6887012742223515,0.7426296976674973,0.7628918281765279,0.11216520282646507,0.6560207244210922,0.6835812016656753,0.09903279101271348,0.01230116648992577,0.0,0.039061528968372276,0.03732767762460234,0.0,0.0708311720485608,0.9503711558854719,1.0,0.08801521109271032,rating,ibcf,pearson,False,item,3,25.0,0.0011362920049577951
"IBCF[pearson,raw,k=5]",val,5,1.0706166947759048,0.8390122809750906,9596,0.0011362920049577951,0.006580374960321933,0.014719249971676618,22653992,0.2633769322235434,443,943,880,1.0,0.028181818181818183,0.0,0.05645067827284328,0.056200070102402064,0.0,0.1555662967671571,0.2340909090909091,0.0,0.423670070305229,0.04704738972011061,0.0,0.11369428272153119,0.022841751378581736,0.0,0.07946355567048537,3.2977193009730925,3.311731319749937,0.27419607581542776,0.7546576097904648,0.7639358347846765,0.08864435828580404,0.14878490369881586,0.14955383700178465,0.03392137949294722,0.17751855779427364,0.1,0.1592291456787564,0.6016967126193001,0.6,0.15336731805075637,0.2207847295864263,0.2,0.14977909884299187,score,ibcf,pearson,False,item,3,25.0,0.0011362920049577951
"IBCF[pearson,raw,k=5]",val,5,1.0706166947759048,0.8390122809750906,9596,0.0011362920049577951,0.006629375042393804,0.015042916988022625,22653992,0.33828775267538647,569,943,880,0.9989395546129375,0.024431818181818183,0.0,0.05186746816455192,0.04363502427419795,0.0,0.13112564131156765,0.20454545454545456,0.0,0.4035984586104606,0.03955257061961383,0.0,0.10941697756350277,0.01971275377785794,0.0,0.08423560662584446,3.32045103331067,3.3293126371692936,0.31545475469659356,0.7464175708571272,0.7606727396540198,0.09049218536639222,0.152776871818585,0.15181439619274242,0.040444674394639966,0.18589607635206787,0.2,0.15942578029276178,0.5653234358430541,0.6,0.16503257206672725,0.24878048780487805,0.2,0.16695123549372975,affinity,ibcf,pearson,False,item,3,25.0,0.0011362920049577951
"IBCF[pearson,raw,k=10]",val,10,1.0348621255782506,0.8175307962765713,9596,0.0008656249847263098,1.3304666250478476,0.017490916012320668,22653992,0.44887039239001186,755,943,880,0.3297985153764581,0.0009090909090909091,0.0,0.009496585056102527,0.001112720347170108,0.0,0.01798439944276432,0.00909090909090909,0.0,0.09496585056102527,0.0010073083453631868,0.0,0.01134335454944809,0.00030018939393939393,0.0,0.0037241087773863053,7.1847821455855705,7.297647568984789,0.46321253427447684,0.743760468052846,0.7631810166779471,0.11496843672224193,0.7186323597969446,0.7350981558596074,0.06566299008308885,0.0021208907741251328,0.0,0.016477425155578648,0.008271474019088017,0.0,0.0359210401864943,0.9896076352067869,1.0,0.04270765213616357,rating,ibcf,pearson,False,item,3,25.0,0.0008656249847263098
"IBCF[pearson,raw,k=10]",val,10,1.0348621255782506,0.8175307962765713,9596,0.0008656249847263098,0.006165041995700449,0.014405834022909403,22653992,0.23781212841854935,400,943,880,1.0,0.030227272727272728,0.0,0.057398617606469644,0.06238784463013538,0.0,0.16723817233859528,0.2556818181818182,0.0,0.43649184627518794,0.04922859630937169,0.0,0.11680184678973726,0.023686186374802447,0.0,0.08456296486751239,3.2113206086959787,3.2436692587701814,0.29862849115509055,0.7390076471936196,0.7475677858562515,0.090606190262596,0.13735638093519803,0.14015466983938132,0.03544025447496302,0.20996818663838812,0.2,0.18673157911462188,0.630965005302227,0.6,0.16354558064395613,0.15906680805938495,0.1,0.13170440262979996,score,ibcf,pearson,False,item,3,25.0,0.0008656249847263098
"IBCF[pearson,raw,k=10]",val,10,1.0348621255782506,0.8175307962765713,9596,0.0008656249847263098,0.006593333033379167,0.014971541007980704,22653992,0.31093935790725324,523,943,880,0.9989395546129375,0.02806818181818182,0.0,0.055798229765173436,0.05480459874844999,0.0,0.15358951462251869,0.2340909090909091,0.0,0.423670070305229,0.047951529740802974,0.0,0.12577106589299616,0.025150108654572942,0.0,0.10232429052316204,3.265068782945966,3.292148178987913,0.3368879210284453,0.7400403029597479,0.7543000646879925,0.09462694074397295,0.14527370026047468,0.14455681142177274,0.042411207428109436,0.2051961823966066,0.2,0.1774570870235383,0.5890774125132555,0.6,0.16733675490561656,0.2057264050901379,0.2,0.16352369018952204,affinity,ibcf,pearson,False,item,3,25.0,0.0008656249847263098
"IBCF[pearson,raw,k=20]",val,20,1.0510601408541906,0.8258793587883709,9596,0.0006212500156834722,1.3056121669942513,0.015553167031612247,22653992,0.30023781212841855,505,943,880,0.391304347826087,0.00022727272727272727,0.0,0.004764600392411637,0.0001472211998527788,0.0,0.0031402864433746273,0.0022727272727272726,0.0,0.047646003924116366,0.0001505777805781569,0.0,0.003156748990697103,2.525252525252525e-05,0.0,0.000529400043601293,7.3667578564616765,7.411665334789615,0.26712176017884137,0.7312840895271756,0.7555555555555555,0.1203981516630585,0.7443495167434927,0.7503866745984533,0.036694236948642676,0.00042417815482502654,0.0,0.0065025169663879764,0.0015906680805938495,0.0,0.014845774663161667,0.9979851537645811,1.0,0.01742962166585265,rating,ibcf,pearson,False,item,3,25.0,0.0006212500156834722
"IBCF[pearson,raw,k=20]",val,20,1.0510601408541906,0.8258793587883709,9596,0.0006212500156834722,0.006888875039294362,0.014904667041264474,22653992,0.21938168846611178,369,943,880,1.0,0.031818181818181815,0.0,0.06209364747690576,0.06451983128116405,0.0,0.16373566403438183,0.2534090909090909,0.0,0.4352104779291123,0.052412970988047536,0.0,0.11762699127204501,0.02528074591579056,0.0,0.08024169618250325,3.1094560843870154,3.1425369748546244,0.2887292231709593,0.7309600737122348,0.7412239176516908,0.08890674055413804,0.12422414320617872,0.12623438429506248,0.033109685466958604,0.24750795334040296,0.2,0.19907334075754965,0.651643690349947,0.7,0.17933278167054664,0.10084835630965004,0.1,0.10084210880179298,score,ibcf,pearson,False,item,3,25.0,0.0006212500156834722
"IBCF[pearson,raw,k=20]",val,20,1.0510601408541906,0.8258793587883709,9596,0.0006212500156834722,0.006691333022899926,0.01466745900688693,22653992,0.2794292508917955,470,943,880,0.9989395546129375,0.030113636363636363,0.0,0.058147243919082284,0.06162253352140851,0.0,0.15839985268049914,0.24772727272727274,0.0,0.43193805457132994,0.052504277309279326,0.0,0.12716541726382022,0.027091181264172336,0.0,0.09892636606586266,3.1741120488152763,3.1873724487734907,0.3275867936785768,0.7355260713942556,0.7435044329857465,0.08868195684063072,0.13324903181525416,0.13224271267102913,0.040258097554006105,0.23425238600212087,0.2,0.1870648465857898,0.6166489925768823,0.6,0.1743310259228187,0.14909862142099684,0.1,0.1411837046504283,affinity,ibcf,pearson,False,item,3,25.0,0.0006212500156834722
"IBCF[pearson,raw,k=30]",val,30,1.0865046920987314,0.8511638341748886,9596,0.0008546670433133841,1.3426559169893153,0.015663582948036492,22653992,0.2740784780023781,461,943,880,0.44750795334040294,0.00011363636363636364,0.0,0.0033709993123162106,8.741258741258741e-05,0.0,0.0025930763940893928,0.0011363636363636363,0.0,0.03370999312316211,7.229635022608151e-05,0.0,0.002144656332676815,1.1363636363636365e-05,0.0,0.0003370999312316211,7.414981168591349,7.45207962060717,0.2392379445752175,0.7300496524432205,0.7555555555555555,0.1210682898953433,0.7510161918213859,0.75639500297442,0.032658266745929074,0.00031813361611876995,0.0,0.005634342669709343,0.0006362672322375399,0.0,0.010283571693410891,0.9990455991516436,1.0,0.01339982251191512,rating,ibcf,pearson,False,item,3,25.0,0.0008546670433133841
"IBCF[pearson,raw,k=30]",val,30,1.0865046920987314,0.8511638341748886,9596,0.0008546670433133841,0.006310999975539744,0.014322458009701222,22653992,0.21105826397146255,355,943,880,1.0,0.03477272727272727,0.0,0.06215649215498841,0.07018825624745606,0.0,0.16663330032123652,0.28295454545454546,0.0,0.4506906824190632,0.05646240947095879,0.0,0.12116815115438206,0.026842792472628784,0.0,0.0849800356816219,3.052614706940728,3.0739972242671865,0.2742043593297288,0.7255446292841948,0.7330101113505592,0.08724236321302398,0.11721346999053106,0.11838191552647233,0.030805411265406053,0.2745493107104984,0.3,0.19965252048321183,0.648780487804878,0.7,0.1872136101881401,0.07667020148462356,0.1,0.08599822513759868,score,ibcf,pearson,False,item,3,25.0,0.0008546670433133841
"IBCF[pearson,raw,k=30]",val,30,1.0865046920987314,0.8511638341748886,9596,0.0008546670433133841,0.0063515420188196,0.01513583300402388,22653992,0.26634958382877527,448,943,880,0.9989395546129375,0.03306818181818182,0.0,0.06134365709001519,0.06645011231586274,0.0,0.16140956997378603,0.26931818181818185,0.0,0.4438578302823411,0.056931908250714064,0.0,0.1298837745021629,0.02901876850277148,0.0,0.09969265047458346,3.1256645058952683,3.1237996068801657,0.31554171186225655,0.7321904809243265,0.739601969365485,0.08772204182953215,0.1269276796432967,0.1246281975014872,0.038408263756932105,0.2541887592788971,0.2,0.18654574412347796,0.622693531283139,0.6,0.1725122181910678,0.12311770943796395,0.1,0.12215350899729753,affinity,ibcf,pearson,False,item,3,25.0,0.0008546670433133841
"IBCF[pearson,raw,k=50]",val,50,1.1623293450293661,0.9091469576569913,9596,0.0006074169650673866,1.3579312919755466,0.014870624989271164,22653992,0.2657550535077289,447,943,880,0.5355249204665959,0.0,0.0,0.0,0.0,0.0,0.0,0.0,0.0,0.0,0.0,0.0,0.0,0.0,0.0,0.0,7.4335947402725875,7.484272430095906,0.24464873920027874,0.721501221465396,0.7501635402862381,0.12911398741894384,0.7532769402649411,0.7607376561570495,0.03347716109928381,0.0006362672322375399,0.0,0.007955438502238956,0.0009544008483563096,0.0,0.012582679398503308,0.9984093319194062,1.0,0.01685500794616533,rating,ibcf,pearson,False,item,3,25.0,0.0006074169650673866
"IBCF[pearson,raw,k=50]",val,50,1.1623293450293661,0.9091469576569913,9596,0.0006074169650673866,0.0058908750070258975,0.014197624986991286,22653992,0.2074910820451843,349,943,880,1.0,0.03852272727272727,0.0,0.06681507552883002,0.07601733093002565,0.0,0.17245522755409085,0.3,0.0,0.4585181652343005,0.06117604621945619,0.0,0.12517722030137568,0.02904856386999244,0.0,0.0869664005965984,2.9933275971484137,3.012275652699359,0.25366379190678134,0.7233779974220744,0.7329792678442782,0.08513240865391832,0.11014261444893113,0.11035098155859609,0.028048378021346597,0.30466595970307525,0.3,0.19308499436833296,0.6362672322375398,0.6,0.18964616918821903,0.05906680805938495,0.0,0.07927470306981332,score,ibcf,pearson,False,item,3,25.0,0.0006074169650673866
"IBCF[pearson,raw,k=50]",val,50,1.1623293450293661,0.9091469576569913,9596,0.0006074169650673866,0.006611082993913442,0.01447283400921151,22653992,0.25089179548156954,422,943,880,0.9989395546129375,0.03556818181818182,0.0,0.06606712128935076,0.0697299815606296,0.0,0.16449111709691278,0.2784090909090909,0.0,0.44847075858432756,0.060305287570197076,0.0,0.13441832226245706,0.031071211691747407,0.0,0.10236750188055134,3.0691937790123953,3.0795999310383357,0.29963242242251775,0.7321154493682239,0.7411051828193114,0.08809292701933255,0.11987133346749239,0.1182034503271862,0.036058767291656774,0.2795334040296925,0.3,0.1865856892271954,0.6251325556733828,0.6,0.17974491961065134,0.09533404029692472,0.1,0.10845111893769994,affinity,ibcf,pearson,False,item,3,25.0,0.0006074169650673866
"IBCF[pearson,raw,k=80]",val,80,1.2464547077782229,0.981034956655332,9596,0.0007827499648556113,1.2936383330379613,0.01363579201279208,22653992,0.26634958382877527,448,943,880,0.5906680805938495,0.00011363636363636364,0.0,0.0033709993123162106,8.741258741258741e-05,0.0,0.0025930763940893928,0.0011363636363636363,0.0,0.03370999312316211,7.889911583724692e-05,0.0,0.002340526014021504,1.4204545454545455e-05,0.0,0.0004213749140395263,7.449146844094306,7.503536937890145,0.25405827323351055,0.7172893349138241,0.7463508097250423,0.12974023944112695,0.7549869636502536,0.7631766805472933,0.034713046274795684,0.0009544008483563097,0.0,0.009727772269620414,0.0012725344644750796,0.0,0.014515273405658205,0.9977730646871685,1.0,0.020743183359464047,rating,ibcf,pearson,False,item,3,25.0,0.0007827499648556113
"IBCF[pearson,raw,k=80]",val,80,1.2464547077782229,0.981034956655332,9596,0.0007827499648556113,0.0064660420175641775,0.01330283295828849,22653992,0.20214030915576695,340,943,880,1.0,0.04079545454545455,0.0,0.07079463788255229,0.07774900714156846,0.0,0.17361830733559258,0.3090909090909091,0.0,0.4623815197100399,0.06422169946483834,0.0,0.12810085498777837,0.030691974664444902,0.0,0.08833429323910304,2.9567396187198787,2.9634537970504313,0.23591409062696844,0.7195337823678802,0.7286097097316766,0.08564937639328056,0.10591635161366228,0.10541344437834621,0.02611921827849689,0.3261930010604454,0.3,0.18252485179308628,0.6203605514316013,0.6,0.1802012245508668,0.05344644750795334,0.0,0.07796713231511619,score,ibcf,pearson,False,item,3,25.0,0.0007827499648556113
"IBCF[pearson,raw,k=80]",val,80,1.2464547077782229,0.981034956655332,9596,0.0007827499648556113,0.00678387499647215,0.014814957976341248,22653992,0.24673008323424495,415,943,880,0.9989395546129375,0.038181818181818185,0.0,0.06991861764502535,0.07219308407291553,0.0,0.16513326219046653,0.2897727272727273,0.0,0.45391478121657153,0.06320572843671962,0.0,0.13659590411977174,0.03236428217120181,0.0,0.1031722455979682,3.0292975514651994,3.027150676470014,0.28554675256235323,0.7300432759943591,0.7397563882360053,0.0864104506456672,0.11495985006147554,0.1134443783462225,0.03425646549452864,0.29756097560975614,0.3,0.18036407578642522,0.6219512195121951,0.6,0.17933472764465253,0.08048780487804878,0.1,0.10344888893468966,affinity,ibcf,pearson,False,item,3,25.0,0.0007827499648556113
"IBCF[pearson,raw,k=120]",val,120,1.365169095092073,1.087961873337777,9596,0.0006126670050434768,1.4463422079570591,0.013136041001416743,22653992,0.2657550535077289,447,943,880,0.6373276776246023,0.00011363636363636364,0.0,0.0033709993123162106,8.741258741258741e-05,0.0,0.0025930763940893928,0.0011363636363636363,0.0,0.03370999312316211,0.00010771405041994408,0.0,0.0031953151110533417,2.840909090909091e-05,0.0,0.0008427498280790527,7.459710390207742,7.509426306795502,0.26062594774112763,0.722564875426086,0.7501635402862381,0.12688177213220686,0.7561401428100101,0.7638905413444378,0.03536040260405823,0.0010604453870625664,0.0,0.010248481561856506,0.0012725344644750796,0.0,0.014515273405658205,0.9976670201484623,1.0,0.020985978645509593,rating,ibcf,pearson,False,item,3,25.0,0.0006126670050434768
"IBCF[pearson,raw,k=120]",val,120,1.365169095092073,1.087961873337777,9596,0.0006126670050434768,0.005345291981939226,0.013484957977198064,22653992,0.20214030915576695,340,943,880,1.0,0.04159090909090908,0.0,0.0716915140189918,0.07808205977792991,0.0,0.17324005237042392,0.31136363636363634,0.0,0.46331442285055907,0.06614173828030927,0.0,0.130096435684667,0.03165505411971185,0.0,0.08908491079235648,2.9366642300704515,2.9423593800810663,0.2283101488336696,0.719396738958042,0.7298218929511164,0.08605312889492672,0.1037360355239742,0.10255800118976799,0.02536561869132836,0.3412513255567339,0.3,0.17589722509468914,0.6065747613997879,0.6,0.17172546499679822,0.05217391304347826,0.0,0.0777404050118225,score,ibcf,pearson,False,item,3,25.0,0.0006126670050434768
"IBCF[pearson,raw,k=120]",val,120,1.365169095092073,1.087961873337777,9596,0.0006126670050434768,0.005414000013843179,0.014018499990925193,22653992,0.24435196195005945,411,943,880,0.9989395546129375,0.03954545454545454,0.0,0.06981055285481946,0.07374389007323055,0.0,0.16623222185550196,0.3,0.0,0.4585181652343005,0.06605290641115559,0.0,0.138271238492485,0.03371382672387137,0.0,0.10356892089749282,3.010074242287089,3.010448922634324,0.27953420592547845,0.7300660849121609,0.7394501139690758,0.08622377230239475,0.11274016943154197,0.1107674003569304,0.033573358855789825,0.30763520678685047,0.3,0.17637848499564054,0.6182396606574762,0.6,0.17728273936854758,0.07412513255567339,0.0,0.10204206510716997,affinity,ibcf,pearson,False,item,3,25.0,0.0006126670050434768
"IBCF[pearson,raw,k=200]",val,200,1.5409862180506215,1.2622155382310825,9596,0.0008399580256082118,0.8556813330505975,0.012172041984740645,22653992,0.26634958382877527,448,943,880,0.689289501590668,0.00011363636363636364,0.0,0.0033709993123162106,8.741258741258741e-05,0.0,0.0025930763940893928,0.0011363636363636363,0.0,0.03370999312316211,0.00010771405041994408,0.0,0.0031953151110533417,2.840909090909091e-05,0.0,0.0008427498280790527,7.475042279421119,7.523951009568168,0.2675601591070241,0.7214509352767221,0.7463508097250423,0.1268530826428244,0.7578027268775908,0.7650208209399167,0.03602209243155514,0.0010604453870625664,0.0,0.010248481561856506,0.0012725344644750796,0.0,0.014515273405658205,0.9976670201484623,1.0,0.020985978645509593,rating,ibcf,pearson,False,item,3,25.0,0.0008399580256082118
"IBCF[pearson,raw,k=200]",val,200,1.5409862180506215,1.2622155382310825,9596,0.0008399580256082118,0.006041834014467895,0.014293333981186152,22653992,0.20154577883472058,339,943,880,1.0,0.04170454545454546,0.0,0.07138674476803003,0.07829577922570077,0.0,0.17310864576020987,0.31477272727272726,0.0,0.4646894011362748,0.06664171845490681,0.0,0.13031866460925332,0.03190711125569756,0.0,0.08925842516829222,2.9278364969717843,2.9362084440670637,0.22758352577685975,0.7193490050623045,0.7304368406940727,0.08713613970369537,0.102835508581659,0.10172516359309935,0.0253130073872739,0.34867444326617175,0.3,0.17227047271272375,0.5988335100742311,0.6,0.1657150653000212,0.05249204665959703,0.0,0.0780035091645567,score,ibcf,pearson,False,item,3,25.0,0.0008399580256082118
"IBCF[pearson,raw,k=200]",val,200,1.5409862180506215,1.2622155382310825,9596,0.0008399580256082118,0.0072090839967131615,0.014672458986751735,22653992,0.24494649227110582,412,943,880,0.9989395546129375,0.04102272727272727,0.0,0.07303808243073441,0.07452621316925823,0.0,0.16630266868627777,0.30454545454545456,0.0,0.4604763549542154,0.06743959450906477,0.0,0.13950416590781659,0.034397203146831125,0.0,0.10413040447233343,3.000505688995469,3.002058354014415,0.27912904211556805,0.729380146462349,0.7394501139690758,0.08604206007244393,0.11165726606959575,0.1098750743604997,0.033589517901271904,0.3148462354188759,0.3,0.17549491044614593,0.612831389183457,0.6,0.17513943547551997,0.072322375397667,0.0,0.1015151354004446,affinity,ibcf,pearson,False,item,3,25.0,0.0008399580256082118
"IBCF[pearson,raw,k=300]",val,300,1.6321248169244864,1.355808421463668,9596,0.000814333965536207,0.6681815829942934,0.011843333020806313,22653992,0.26694411414982167,449,943,880,0.704135737009544,0.00011363636363636364,0.0,0.0033709993123162106,8.741258741258741e-05,0.0,0.0025930763940893928,0.0011363636363636363,0.0,0.03370999312316211,0.00010771405041994408,0.0,0.0031953151110533417,2.840909090909091e-05,0.0,0.0008427498280790527,7.480279091395976,7.529840378473525,0.2704604234071684,0.7210640736508238,0.7444823365155013,0.12701567269754735,0.7583984309697996,0.765437239738251,0.036339706375078905,0.0010604453870625664,0.0,0.010248481561856506,0.0012725344644750796,0.0,0.014515273405658205,0.9976670201484623,1.0,0.020985978645509593,rating,ibcf,pearson,False,item,3,25.0,0.000814333965536207
"IBCF[pearson,raw,k=300]",val,300,1.6321248169244864,1.355808421463668,9596,0.000814333965536207,0.006883791997097433,0.014462334045674652,22653992,0.20154577883472058,339,943,880,1.0,0.04170454545454546,0.0,0.0710672995931709,0.07829877110097525,0.0,0.17305335864319446,0.3159090909090909,0.0,0.465141265350456,0.06702964373933898,0.0,0.13038221751746096,0.03214263614747246,0.0,0.08931030923261932,2.9267534099367296,2.9364904654486623,0.2284824977438002,0.7195341157425337,0.7301168086863724,0.08733150261948984,0.10277551550830409,0.10184414039262343,0.02538757274264131,0.3502651113467656,0.3,0.17313591277098997,0.5969247083775185,0.6,0.1660745798951838,0.0528101802757158,0.0,0.07799268449464246,score,ibcf,pearson,False,item,3,25.0,0.000814333965536207
"IBCF[pearson,raw,k=300]",val,300,1.6321248169244864,1.355808421463668,9596,0.000814333965536207,0.005956208042334765,0.015017000027000904,22653992,0.24494649227110582,412,943,880,0.9989395546129375,0.04090909090909091,0.0,0.07271175757558103,0.07442299491694102,0.0,0.1662237513259252,0.30454545454545456,0.0,0.4604763549542154,0.06736071026317474,0.0,0.13937153671751898,0.03438169088131886,0.0,0.10407116052715444,2.999243595930106,3.002009815648374,0.2793752073949092,0.7294817490897643,0.7399332908800258,0.08593986006232873,0.111539614038253,0.10981558596073766,0.03359454948054383,0.31558854718981977,0.3,0.17564212903166077,0.6123011664899257,0.6,0.17496528763620156,0.07211028632025451,0.0,0.10145701049708188,affinity,ibcf,pearson,False,item,3,25.0,0.000814333965536207
"IBCF[adjusted_cosine,mc-item,k=5]",val,5,0.9518837915498287,0.7393533200664453,9596,0.07609358296031132,1.4213587919948623,0.019115792005322874,22653992,0.2568370986920333,432,943,880,0.855779427359491,0.004204545454545455,0.0,0.022737638550355734,0.005340913053212318,0.0,0.03653887724347857,0.03636363636363636,0.0,0.1872997258396748,0.005408488140355101,0.0,0.033738582970396114,0.0021635551948051947,0.0,0.019787458114763505,7.417990400259119,8.040857797873253,1.424465286847662,0.705091473050715,0.7211983001784765,0.09490991148810697,0.732757921325172,0.8157644259369423,0.1924973663153914,0.046871686108165424,0.0,0.0965886910451332,0.06171792152704136,0.0,0.09876099184774156,0.8914103923647934,1.0,0.1612070452609871,rating,ibcf,adjusted_cosine,True,item,3,25.0,0.07609358296031132
"IBCF[adjusted_cosine,mc-item,k=5]",val,5,0.9518837915498287,0.7393533200664453,9596,0.07609358296031132,0.00627454201458022,0.017063957988284528,22653992,0.48097502972651607,809,943,880,1.0,0.050795454545454546,0.0,0.08122668165829194,0.09360876183356462,0.0,0.18759544839953735,0.3659090909090909,0.0,0.48195807568755067,0.08730358396448044,0.0,0.15588151523918656,0.04598600535542499,0.0,0.11693865276512594,3.086929784656684,3.0217502811924026,0.6070681981362582,0.7229239208735395,0.7381246629500793,0.09375160442973814,0.13057154915236915,0.11713265913146935,0.07893522885178483,0.3739130434782609,0.4,0.23995368641415424,0.4302226935312832,0.4,0.18329565305028944,0.195864262990456,0.1,0.20088411439379147,score,ibcf,adjusted_cosine,True,item,3,25.0,0.07609358296031132
"IBCF[adjusted_cosine,mc-item,k=5]",val,5,0.9518837915498287,0.7393533200664453,9596,0.07609358296031132,0.006128208013251424,0.01798341702669859,22653992,0.2140309155766944,360,943,880,0.9989395546129375,0.07602272727272728,0.0,0.09801255721280366,0.14935921237794292,0.0,0.2343819009600814,0.49886363636363634,0.0,0.5002830412032219,0.13437860769062787,0.0,0.18757184196273613,0.07345007723207127,0.0,0.14255890947447408,2.4860587448825573,2.4422153074346316,0.3369087798184282,0.6977722015767835,0.7038959670251905,0.08224862500711361,0.06175728606728687,0.05574063057703747,0.03558458206051506,0.6674443266171793,0.7,0.2026641580620547,0.30010604453870626,0.3,0.1763934194468338,0.03244962884411453,0.0,0.07420521093926964,affinity,ibcf,adjusted_cosine,True,item,3,25.0,0.07609358296031132
"IBCF[adjusted_cosine,mc-item,k=10]",val,10,0.9280351982384989,0.7226517014245532,9596,0.0009027079795487225,1.3452480409760028,0.017383167054504156,22653992,0.19976218787158145,336,943,880,0.8441145281018028,0.0029545454545454545,0.0,0.01884968930914781,0.0025788294684260873,0.0,0.017674236007364574,0.026136363636363635,0.0,0.15963148558602816,0.0027828909844235827,0.0,0.01804337277593969,0.0007849025974025974,0.0,0.005680357398448048,7.863106007141443,8.46565054921761,1.1819849087417134,0.7041947808626061,0.7211983001784765,0.09334963206322464,0.7939436645485095,0.875550267697799,0.15854071569311426,0.022799575821845178,0.0,0.07108358406402114,0.03011664899257688,0.0,0.07036971796584966,0.9470837751855781,1.0,0.12098972768665271,rating,ibcf,adjusted_cosine,True,item,3,25.0,0.0009027079795487225
"IBCF[adjusted_cosine,mc-item,k=10]",val,10,0.9280351982384989,0.7226517014245532,9596,0.0009027079795487225,0.005876875016838312,0.0163177500362508,22653992,0.5523186682520809,929,943,880,1.0,0.05193181818181818,0.0,0.08450293603889333,0.09671736805628552,0.0,0.1965145277083391,0.3534090909090909,0.0,0.4783001907795369,0.08547488043505633,0.0,0.14775089209978234,0.04296947651114318,0.0,0.09693500128087974,3.1347412577175073,2.9876580639201977,0.7737742820187349,0.7171293792044063,0.7306858071979598,0.09321188262394065,0.137752802042414,0.11296847114812611,0.10409543397674824,0.3783669141039236,0.4,0.2565463191142739,0.41601272534464473,0.4,0.1892218051854461,0.2056203605514316,0.1,0.24035583160094792,score,ibcf,adjusted_cosine,True,item,3,25.0,0.0009027079795487225
"IBCF[adjusted_cosine,mc-item,k=10]",val,10,0.9280351982384989,0.7226517014245532,9596,0.0009027079795487225,0.006772249995265156,0.015942458005156368,22653992,0.1938168846611177,326,943,880,0.9989395546129375,0.07602272727272728,0.1,0.09696227727521937,0.15216687482747496,0.046536796536796536,0.23622078389933895,0.5011363636363636,1.0,0.5002830412032218,0.1366596313658336,0.06362078819895173,0.1909289436740833,0.07548391422014934,0.01,0.14619852858725255,2.4351203344880146,2.393384207680885,0.32351457005640216,0.6861699488846066,0.6962937638054771,0.08210027619867906,0.05613478065308548,0.049494348602022606,0.03383287574446719,0.6969247083775186,0.7,0.2011144155091284,0.2844114528101803,0.3,0.18234392842613203,0.01866383881230117,0.0,0.0619183459714333,affinity,ibcf,adjusted_cosine,True,item,3,25.0,0.0009027079795487225
"IBCF[adjusted_cosine,mc-item,k=20]",val,20,0.9210215330960759,0.7198065091528237,9596,0.0005993329687044024,1.3562608329812065,0.018141457985620946,22653992,0.17717003567181927,298,943,880,0.8525980911983033,0.0021590909090909095,0.0,0.018034782702141306,0.0019717371223053042,0.0,0.017130461301275705,0.017045454545454544,0.0,0.12951435577752238,0.002172727781837698,0.0,0.017707868840312654,0.0006776131854256854,0.0,0.006191504241180038,8.102763496741918,8.49195398980099,0.9267994809241031,0.7032706290382923,0.7211983001784765,0.08993378325863684,0.8271350374057759,0.8784651992861393,0.1229763981849993,0.013149522799575824,0.0,0.05310872872872976,0.017603393425238603,0.0,0.05743808324388502,0.9692470837751855,1.0,0.09940462589401922,rating,ibcf,adjusted_cosine,True,item,3,25.0,0.0005993329687044024
"IBCF[adjusted_cosine,mc-item,k=20]",val,20,0.9210215330960759,0.7198065091528237,9596,0.0005993329687044024,0.00582537503214553,0.016397457977291197,22653992,0.5784780023781213,973,943,880,1.0,0.054318181818181814,0.0,0.0865440033477871,0.09435627097398958,0.0,0.18754297197441203,0.3625,0.0,0.4809954836483419,0.08713585739804508,0.0,0.1533111714239538,0.04443192125334983,0.0,0.10865800452084488,3.147520202296499,2.977678844947235,0.9171241183947325,0.7163402126470612,0.7233607548012062,0.08718139165933836,0.1409039208722274,0.11106484235574063,0.12484598760117181,0.39946977730646877,0.4,0.27393828029404704,0.3955461293743372,0.4,0.19995034878214676,0.20498409331919407,0.1,0.2594837573745007,score,ibcf,adjusted_cosine,True,item,3,25.0,0.0005993329687044024
"IBCF[adjusted_cosine,mc-item,k=20]",val,20,0.9210215330960759,0.7198065091528237,9596,0.0005993329687044024,0.0058105000061914325,0.01683566701831296,22653992,0.18311533888228299,308,943,880,0.9989395546129375,0.07931818181818182,0.1,0.09707667300980073,0.1582217200707605,0.07019704433497537,0.237034989784696,0.5215909090909091,1.0,0.49981768317385444,0.13866159898502692,0.07336392209936006,0.188039261390567,0.07531909962006689,0.014285714285714285,0.143664679312257,2.403373553457668,2.368906235040525,0.3149085465723544,0.6753580788510137,0.6863893516609387,0.0822089060422984,0.05309368066652241,0.047174301011302794,0.03310185645005926,0.7171792152704135,0.7,0.19684803085962368,0.2675503711558855,0.3,0.17818095169546605,0.015270413573700955,0.0,0.05791957639398723,affinity,ibcf,adjusted_cosine,True,item,3,25.0,0.0005993329687044024
"IBCF[adjusted_cosine,mc-item,k=30]",val,30,0.9224050479312333,0.7215091882383419,9596,0.0008898339583538473,1.3836501250043511,0.01804366597207263,22653992,0.18192627824019025,306,943,880,0.8600212089077413,0.0014772727272727272,0.0,0.016108263746495863,0.001073483755301937,0.0,0.011931547165725297,0.010227272727272727,0.0,0.10066872278329418,0.0013766106054163316,0.0,0.014292742348626718,0.00043145743145743147,0.0,0.00480722577468306,8.153362213099479,8.507154299145494,0.8488201581570455,0.7004428418977241,0.7211983001784765,0.08986850443977903,0.8342769257555752,0.8800713860797144,0.11175937487357214,0.010604453870625663,0.0,0.051453970744806184,0.013997879109225874,0.0,0.04957599407680084,0.9753976670201484,1.0,0.0891647124110751,rating,ibcf,adjusted_cosine,True,item,3,25.0,0.0008898339583538473
"IBCF[adjusted_cosine,mc-item,k=30]",val,30,0.9224050479312333,0.7215091882383419,9596,0.0008898339583538473,0.005813082971144468,0.017139833013061434,22653992,0.5731272294887039,964,943,880,1.0,0.05272727272727273,0.0,0.08881378907697807,0.08673230759379497,0.0,0.1770412675958871,0.34545454545454546,0.0,0.47578665855788943,0.08306282751760279,0.0,0.14903455145279038,0.042023292197771366,0.0,0.10067928700056744,3.1729774468011813,2.9690603391893076,0.986915830083382,0.7161290224744711,0.7250684077853368,0.08850351606042645,0.14449978330577606,0.10969660916121357,0.13540919239848523,0.39798515376458116,0.4,0.2816884408325551,0.39469777306468723,0.4,0.21083568648013384,0.2073170731707317,0.1,0.2679629695935203,score,ibcf,adjusted_cosine,True,item,3,25.0,0.0008898339583538473
"IBCF[adjusted_cosine,mc-item,k=30]",val,30,0.9224050479312333,0.7215091882383419,9596,0.0008898339583538473,0.005845917039550841,0.016621500020846725,22653992,0.1807372175980975,304,943,880,0.9989395546129375,0.08079545454545455,0.1,0.10042822521943735,0.15890018970594808,0.067816091954023,0.23896334278189846,0.5136363636363637,1.0,0.500098242494446,0.13941213316301337,0.06943122193677728,0.18846169769473806,0.07567970557330676,0.0125,0.14150117279485047,2.3917566651292375,2.353934336997578,0.31267300281424565,0.6755398858984643,0.6839328458675655,0.08180279617202035,0.052066480652391556,0.046162998215348014,0.0330682043118887,0.7283138918345705,0.8,0.19720450518753382,0.25652173913043474,0.2,0.17779431597895487,0.015164369034994699,0.0,0.058403653606296804,affinity,ibcf,adjusted_cosine,True,item,3,25.0,0.0008898339583538473
"IBCF[adjusted_cosine,mc-item,k=50]",val,50,0.9286233159008758,0.7272880596090735,9596,0.0006262499955482781,1.3468804999720305,0.01825270801782608,22653992,0.18846611177170036,317,943,880,0.870625662778367,0.0014772727272727272,0.0,0.016108263746495863,0.0010458863527045346,0.0,0.012062927976395823,0.010227272727272727,0.0,0.10066872278329418,0.0012875369644979298,0.0,0.013498998339152364,0.0003885281385281385,0.0,0.004372744741529936,8.174124139820707,8.48491505701185,0.7928580382964029,0.7008028533867986,0.7211983001784765,0.09215319108716048,0.8373258481828281,0.8784057108863772,0.10402201116139881,0.009437963944856841,0.0,0.047506867543447136,0.011876988335100742,0.0,0.04499324944232018,0.9786850477200425,1.0,0.08269331375177386,rating,ibcf,adjusted_cosine,True,item,3,25.0,0.0006262499955482781
"IBCF[adjusted_cosine,mc-item,k=50]",val,50,0.9286233159008758,0.7272880596090735,9596,0.0006262499955482781,0.006640209001488984,0.01644924998981878,22653992,0.5713436385255648,961,943,880,1.0,0.05409090909090909,0.0,0.09053797452968076,0.08690288460514876,0.0,0.17369825011077805,0.3534090909090909,0.0,0.4783001907795369,0.08419217340101307,0.0,0.14907428999987932,0.04240905404670285,0.0,0.10098078176126292,3.1720585949808635,2.9472990640826366,1.0058215091939156,0.7181251163803716,0.7265068401875274,0.08594871280098372,0.14452854970057086,0.10690065437239737,0.13788091666988206,0.40127253446447503,0.4,0.2908704137939088,0.38886532343584307,0.4,0.21168890640660049,0.20986214209968188,0.1,0.27138529985064475,score,ibcf,adjusted_cosine,True,item,3,25.0,0.0006262499955482781
"IBCF[adjusted_cosine,mc-item,k=50]",val,50,0.9286233159008758,0.7272880596090735,9596,0.0006262499955482781,0.0054713329882360995,0.016240625001955777,22653992,0.17776456599286564,299,943,880,0.9989395546129375,0.08204545454545453,0.1,0.10195092498646201,0.16169270991904636,0.07142857142857142,0.24069377731042782,0.5170454545454546,1.0,0.4999935360012407,0.14218551498948287,0.07324038027163501,0.18983579452881752,0.0774002723879956,0.013194444444444444,0.14181966515592453,2.38055169250015,2.3309295644757,0.3109560029318298,0.672054463185486,0.6808322643541115,0.0816299174458298,0.05100622451792632,0.044437834622248665,0.03300011609547819,0.73966065747614,0.8,0.19591554197256475,0.2457051961823966,0.2,0.17576072462027237,0.014634146341463415,0.0,0.0579007201815784,affinity,ibcf,adjusted_cosine,True,item,3,25.0,0.0006262499955482781
"IBCF[adjusted_cosine,mc-item,k=80]",val,80,0.9364125992747048,0.7345721825479611,9596,0.0008419579826295376,1.4016145000350662,0.01784229202894494,22653992,0.1902497027348395,320,943,880,0.8812301166489925,0.0010227272727272726,0.0,0.011139795600610168,0.0008631061699243517,0.0,0.011019128233737342,0.00909090909090909,0.0,0.09496585056102529,0.0009531677342318859,0.0,0.01031406367151341,0.0002576208513708514,0.0,0.0029906418335025097,8.198828396962742,8.482643049361842,0.7433488316119962,0.6959494007295813,0.7111111111111111,0.09317768786962477,0.8410292691758618,0.8776918500892326,0.09716416489939658,0.007317073170731708,0.0,0.04197249371156367,0.009862142099681868,0.0,0.04245994838742257,0.9828207847295863,1.0,0.07459513306855335,rating,ibcf,adjusted_cosine,True,item,3,25.0,0.0008419579826295376
"IBCF[adjusted_cosine,mc-item,k=80]",val,80,0.9364125992747048,0.7345721825479611,9596,0.0008419579826295376,0.006202125048730522,0.01710020797327161,22653992,0.5214030915576694,877,943,880,1.0,0.05272727272727273,0.0,0.09158852525520775,0.08408847867827376,0.0,0.17262853827506458,0.3386363636363636,0.0,0.4735151195205076,0.08067620177161788,0.0,0.1473986814762504,0.04078060150828008,0.0,0.1001146035644511,3.107355790766632,2.9373620428035827,0.8970894363164903,0.7180681368706616,0.725927412217698,0.08596611408637876,0.13510496895311142,0.10660321237358714,0.12122718028463564,0.4057264050901379,0.4,0.29026870451372766,0.3985153764581124,0.4,0.20657432751625077,0.19575821845174973,0.1,0.25397693041373925,score,ibcf,adjusted_cosine,True,item,3,25.0,0.0008419579826295376
"IBCF[adjusted_cosine,mc-item,k=80]",val,80,0.9364125992747048,0.7345721825479611,9596,0.0008419579826295376,0.0065846669604070485,0.016759667021688074,22653992,0.17657550535077288,297,943,880,0.9989395546129375,0.08352272727272728,0.1,0.10347258157133167,0.1625910370084469,0.07417582417582418,0.24027454269052123,0.5238636363636363,1.0,0.4997142114265564,0.14359642635191533,0.07193629958249528,0.1904807196949416,0.07817356995407591,0.0125,0.1422406148309711,2.374437757246147,2.3237168583048,0.3121532116208228,0.6714069431620592,0.6806991478932107,0.0816410484981715,0.050549621084758044,0.0438429506246282,0.033131775497639154,0.745068928950159,0.8,0.19672091766657088,0.24019088016967127,0.2,0.17602223622309254,0.014740190880169672,0.0,0.05796542774772102,affinity,ibcf,adjusted_cosine,True,item,3,25.0,0.0008419579826295376
"IBCF[adjusted_cosine,mc-item,k=120]",val,120,0.947594879520441,0.7458135942120114,9596,0.0008821669616736472,1.4213207499706186,0.020560958015266806,22653992,0.1902497027348395,320,943,880,0.8950159066808059,0.0007954545454545454,0.0,0.010087398609882284,0.0006966690716690717,0.0,0.01042917457562392,0.006818181818181818,0.0,0.08233710024239624,0.0007377396333919975,0.0,0.009289848461939273,0.00020080266955266955,0.0,0.002747352264427962,8.208010048271007,8.46565054921761,0.7272346315319442,0.6961143459669582,0.7100871890673655,0.09221797574720972,0.8424022967695212,0.876918500892326,0.09500010905438103,0.007104984093319194,0.0,0.041755488426955714,0.008377518557794275,0.0,0.04021990512089222,0.9845174973488865,1.0,0.07339185655501626,rating,ibcf,adjusted_cosine,True,item,3,25.0,0.0008821669616736472
"IBCF[adjusted_cosine,mc-item,k=120]",val,120,0.947594879520441,0.7458135942120114,9596,0.0008821669616736472,0.006250249978620559,0.01706804195418954,22653992,0.4762187871581451,801,943,880,1.0,0.05147727272727273,0.0,0.09149298601995148,0.08391916717321939,0.0,0.17549974007596628,0.32954545454545453,0.0,0.47031543427297706,0.07893736884734358,0.0,0.1465148786146846,0.03996224844104308,0.0,0.09946143813626207,3.067195501513001,2.9373620428035827,0.7994596870029627,0.7190861433227975,0.7264923393008706,0.08514115637803017,0.1289747619044615,0.10666270077334919,0.10625228063484822,0.4049840933191941,0.4,0.2890547130479694,0.40986214209968186,0.4,0.2060607223968875,0.1851537645811241,0.1,0.24002864457540188,score,ibcf,adjusted_cosine,True,item,3,25.0,0.0008821669616736472
"IBCF[adjusted_cosine,mc-item,k=120]",val,120,0.947594879520441,0.7458135942120114,9596,0.0008821669616736472,0.005479250045027584,0.01643833302659914,22653992,0.1759809750297265,296,943,880,0.9989395546129375,0.08443181818181818,0.1,0.10405168439353525,0.1631803630463254,0.07692307692307693,0.240118662333725,0.5272727272727272,1.0,0.4995395542530298,0.14425959063125413,0.07336392209936006,0.19013701069661107,0.07845572934561029,0.014285714285714285,0.14204268984906895,2.371740986218359,2.3229710643120027,0.31176484776484925,0.671086563095176,0.6804386247445604,0.08146056400812061,0.0503584759614505,0.04360499702558002,0.03312632986778432,0.7468716861081653,0.8,0.1963798462867845,0.2383881230116649,0.2,0.1754894579100294,0.014740190880169672,0.0,0.05796542774772102,affinity,ibcf,adjusted_cosine,True,item,3,25.0,0.0008821669616736472
"IBCF[adjusted_cosine,mc-item,k=200]",val,200,0.9630377081669411,0.7609417509694978,9596,0.0008695839787833393,0.9810656249755993,0.019096750009339303,22653992,0.1902497027348395,320,943,880,0.911983032873807,0.0009090909090909091,0.0,0.010627241235756634,0.0008039923039923039,0.0,0.010923180093237813,0.007954545454545454,0.0,0.08888334048598688,0.0008368581433911173,0.0,0.009799484756504995,0.00022655122655122653,0.0,0.002903784388195044,8.216203709425498,8.46565054921761,0.7084473875378564,0.6940445692732861,0.7054848161521088,0.09493221193513658,0.8435209057881644,0.876918500892326,0.09230875692685792,0.006680805938494168,0.0,0.04131478920940677,0.007423117709437964,0.0,0.03726359561854485,0.9858960763520678,1.0,0.07065373997071768,rating,ibcf,adjusted_cosine,True,item,3,25.0,0.0008695839787833393
"IBCF[adjusted_cosine,mc-item,k=200]",val,200,0.9630377081669411,0.7609417509694978,9596,0.0008695839787833393,0.004774500033818185,0.01719908299855888,22653992,0.39655172413793105,667,943,880,1.0,0.05113636363636364,0.0,0.08961340071988154,0.08408301065845614,0.0,0.1756212704279396,0.32954545454545453,0.0,0.47031543427297706,0.07839178295112978,0.0,0.14496558591161143,0.03941985741055681,0.0,0.0982661714039479,3.0143165966753642,2.9373620428035827,0.6398312316975868,0.7213487163420512,0.7264923393008706,0.08154207517049619,0.12087689560132805,0.10618679357525282,0.0813736054694215,0.40466595970307534,0.4,0.28463756851679534,0.42120890774125136,0.4,0.19855053811016868,0.17412513255567338,0.1,0.21417062972125758,score,ibcf,adjusted_cosine,True,item,3,25.0,0.0008695839787833393
"IBCF[adjusted_cosine,mc-item,k=200]",val,200,0.9630377081669411,0.7609417509694978,9596,0.0008695839787833393,0.006299417000263929,0.016633874969556928,22653992,0.1759809750297265,296,943,880,0.9989395546129375,0.08431818181818182,0.1,0.10376085498591064,0.16314879738975976,0.07692307692307693,0.2401273407271314,0.5272727272727272,1.0,0.4995395542530298,0.1443168364421798,0.07336392209936006,0.19009224572019764,0.07855802461978058,0.014285714285714285,0.14208379023262063,2.371089989294911,2.322417682454066,0.3117785260206767,0.6713069622895466,0.6806752177697316,0.08132218525581278,0.05029387774156044,0.04348602022605592,0.033126820761147084,0.7476139978791093,0.8,0.19628214098503408,0.23764581124072112,0.2,0.1753176483249095,0.014740190880169672,0.0,0.05796542774772102,affinity,ibcf,adjusted_cosine,True,item,3,25.0,0.0008695839787833393
"IBCF[adjusted_cosine,mc-item,k=300]",val,300,0.9726275687621648,0.7693502780989434,9596,0.00091833301121369,0.7295380000141449,0.01816841698018834,22653992,0.1902497027348395,320,943,880,0.9172852598091198,0.00045454545454545455,0.0,0.006730483674084933,0.0006168831168831168,0.0,0.010400035215821522,0.004545454545454545,0.0,0.06730483674084932,0.0005026597366187663,0.0,0.007847463676783172,0.00014858405483405483,0.0,0.002543877382922076,8.221659628629954,8.46565054921761,0.7022896628135159,0.6933090325453726,0.7054848161521088,0.09386586811790226,0.8442183646935401,0.8765020820939917,0.0915247464560415,0.006574761399787912,0.0,0.04120319488727291,0.006998939554612937,0.0,0.036482945422894354,0.9864262990455992,1.0,0.06992759849742793,rating,ibcf,adjusted_cosine,True,item,3,25.0,0.00091833301121369
"IBCF[adjusted_cosine,mc-item,k=300]",val,300,0.9726275687621648,0.7693502780989434,9596,0.00091833301121369,0.006351124960929155,0.017615500022657216,22653992,0.36623067776456597,616,943,880,1.0,0.050795454545454546,0.0,0.0884671846234355,0.08384681510899168,0.0,0.17536855121559547,0.3306818181818182,0.0,0.4707261967880457,0.07888627665226398,0.0,0.14551186377133446,0.03974245842065782,0.0,0.0984342646866053,2.9867039835966267,2.928697256102179,0.5615457940644267,0.7216316115981982,0.7265948279313923,0.08139976083776948,0.11699810053476474,0.10529446757882213,0.0683354112466895,0.4077412513255567,0.4,0.2839916584428127,0.42460233297985156,0.4,0.19584111664037912,0.16765641569459175,0.1,0.20301213888247158,score,ibcf,adjusted_cosine,True,item,3,25.0,0.00091833301121369
"IBCF[adjusted_cosine,mc-item,k=300]",val,300,0.9726275687621648,0.7693502780989434,9596,0.00091833301121369,0.005595875030849129,0.01712258398765698,22653992,0.1759809750297265,296,943,880,0.9989395546129375,0.08431818181818182,0.1,0.10376085498591064,0.16314879738975976,0.07692307692307693,0.2401273407271314,0.5272727272727272,1.0,0.4995395542530298,0.1443168364421798,0.07336392209936006,0.19009224572019764,0.07855802461978058,0.014285714285714285,0.14208379023262063,2.371089989294911,2.322417682454066,0.3117785260206767,0.6713069622895466,0.6806752177697316,0.08132218525581278,0.05029387774156044,0.04348602022605592,0.033126820761147084,0.7476139978791093,0.8,0.19628214098503408,0.23764581124072112,0.2,0.1753176483249095,0.014740190880169672,0.0,0.05796542774772102,affinity,ibcf,adjusted_cosine,True,item,3,25.0,0.00091833301121369
"IBCF[adjusted_cosine,mc-user,k=5]",val,5,0.9761327431556052,0.7559100557710489,9596,0.000689124979544431,1.3326153340167366,0.017054041964001954,22653992,0.6872770511296076,1156,943,880,0.37751855779427357,0.005113636363636364,0.0,0.02627821386121306,0.0060502499992774105,0.0,0.03489451852529098,0.04318181818181818,0.0,0.20338179240087945,0.006880740532767667,0.0,0.03852372830103385,0.00281158685064935,0.0,0.02009145152237023,6.417927468238686,6.637381393643371,0.9012677313336412,0.7304843482451499,0.7495046245609283,0.11302628687093645,0.6092436646115937,0.6412254610350981,0.12967790052858966,0.04379639448568398,0.0,0.09088622940861821,0.07073170731707316,0.0,0.10762932339620687,0.8854718981972428,1.0,0.1595873294371497,rating,ibcf,adjusted_cosine,True,user,3,25.0,0.000689124979544431
"IBCF[adjusted_cosine,mc-user,k=5]",val,5,0.9761327431556052,0.7559100557710489,9596,0.000689124979544431,0.005833083996549249,0.017871208023279905,22653992,0.2901307966706302,488,943,880,1.0,0.06602272727272727,0.0,0.09368015894056315,0.11918255143344861,0.0,0.20656854104229863,0.4340909090909091,0.0,0.49591880772315206,0.11312980188343531,0.0,0.17789904986086372,0.061671919556964196,0.0,0.13698215310730374,2.634689976390723,2.593105623930305,0.38768182614855373,0.7011004694321323,0.7087358310099481,0.09253849813336562,0.07732167200884692,0.0685901249256395,0.04152054733961927,0.588016967126193,0.6,0.23009873198999464,0.347507953340403,0.3,0.18295650432229024,0.06447507953340402,0.0,0.1100082759112661,score,ibcf,adjusted_cosine,True,user,3,25.0,0.000689124979544431
"IBCF[adjusted_cosine,mc-user,k=5]",val,5,0.9761327431556052,0.7559100557710489,9596,0.000689124979544431,0.0074508750112727284,0.018547834013588727,22653992,0.2140309155766944,360,943,880,0.9989395546129375,0.07602272727272728,0.0,0.09801255721280366,0.14935921237794292,0.0,0.2343819009600814,0.49886363636363634,0.0,0.5002830412032219,0.13437860769062787,0.0,0.18757184196273613,0.07345007723207127,0.0,0.14255890947447408,2.4860587448825573,2.4422153074346316,0.3369087798184282,0.6977722015767835,0.7038959670251905,0.08224862500711361,0.06175728606728687,0.05574063057703747,0.03558458206051506,0.6674443266171793,0.7,0.2026641580620547,0.30010604453870626,0.3,0.1763934194468338,0.03244962884411453,0.0,0.07420521093926964,affinity,ibcf,adjusted_cosine,True,user,3,25.0,0.000689124979544431
"IBCF[adjusted_cosine,mc-user,k=10]",val,10,0.9518781400481462,0.7388422109136774,9596,0.0007538340287283063,1.4729015000048093,0.01806895900517702,22653992,0.5802615933412604,976,943,880,0.44644750795334043,0.003295454545454546,0.0,0.0184878640456859,0.0036716611951059706,0.0,0.025381007559267255,0.031818181818181815,0.0,0.1756155788175564,0.004146620619465459,0.0,0.02518918820504736,0.00141112012987013,0.0,0.00991900169014104,6.934068678025267,7.12540096653768,0.6912188287388507,0.7303277288047837,0.7474675326515794,0.11475309979975061,0.6836420779178177,0.7109458655562164,0.09879159954127303,0.01420996818663839,0.0,0.05140888117836962,0.025238600212089082,0.0,0.06941766660047768,0.9605514316012727,1.0,0.09985399774562226,rating,ibcf,adjusted_cosine,True,user,3,25.0,0.0007538340287283063
"IBCF[adjusted_cosine,mc-user,k=10]",val,10,0.9518781400481462,0.7388422109136774,9596,0.0007538340287283063,0.0064327080035582185,0.01664808305213228,22653992,0.2835909631391201,477,943,880,1.0,0.06818181818181818,0.0,0.09377126400694144,0.12496755738008443,0.0,0.20743947942802674,0.44545454545454544,0.0,0.4972985247639931,0.11558710684115284,0.0,0.17652069703060025,0.06171819921150278,0.0,0.1322114318956996,2.590964104928454,2.55058707193549,0.3724061649615311,0.691747184942276,0.6985331587200765,0.09412820575980455,0.0722180972165359,0.06311719214753123,0.03940762799742493,0.6090137857900317,0.6,0.22977276419174444,0.33997879109225876,0.3,0.18632323458182504,0.05100742311770945,0.0,0.10082748372096395,score,ibcf,adjusted_cosine,True,user,3,25.0,0.0007538340287283063
"IBCF[adjusted_cosine,mc-user,k=10]",val,10,0.9518781400481462,0.7388422109136774,9596,0.0007538340287283063,0.006147790991235524,0.017884999979287386,22653992,0.1938168846611177,326,943,880,0.9989395546129375,0.07602272727272728,0.1,0.09696227727521937,0.15216687482747496,0.046536796536796536,0.23622078389933895,0.5011363636363636,1.0,0.5002830412032218,0.1366596313658336,0.06362078819895173,0.1909289436740833,0.07548391422014934,0.01,0.14619852858725255,2.4351203344880146,2.393384207680885,0.32351457005640216,0.6861699488846066,0.6962937638054771,0.08210027619867906,0.05613478065308548,0.049494348602022606,0.03383287574446719,0.6969247083775186,0.7,0.2011144155091284,0.2844114528101803,0.3,0.18234392842613203,0.01866383881230117,0.0,0.0619183459714333,affinity,ibcf,adjusted_cosine,True,user,3,25.0,0.0007538340287283063
"IBCF[adjusted_cosine,mc-user,k=20]",val,20,0.9437868271166157,0.7348514107724637,9596,0.00118283397750929,1.4577604159712791,0.01817345799645409,22653992,0.42508917954815695,715,943,880,0.5503711558854719,0.0010227272727272728,0.0,0.011139795600610168,0.0007990213849431106,0.0,0.008743899862387253,0.00909090909090909,0.0,0.09496585056102527,0.0007662020339132174,0.0,0.008791297490398803,0.00016960277376944045,0.0,0.0023791997948963543,7.23617938160428,7.338329268232177,0.40253136415822627,0.7210671682923749,0.7363564215404683,0.12076275138982615,0.7266872026762841,0.7418203450327187,0.05678774890544055,0.003923647932131496,0.0,0.025142534287839694,0.005938494167550372,0.0,0.03068130188247432,0.9901378579003182,1.0,0.04295707231729374,rating,ibcf,adjusted_cosine,True,user,3,25.0,0.00118283397750929
"IBCF[adjusted_cosine,mc-user,k=20]",val,20,0.9437868271166157,0.7348514107724637,9596,0.00118283397750929,0.0062697919784113765,0.016872042033355683,22653992,0.27824019024970276,468,943,880,1.0,0.07147727272727272,0.0,0.0950066134184148,0.12419524799233525,0.0,0.197106050285796,0.4693181818181818,0.0,0.49934153560449307,0.11661756178429811,0.0,0.17010959977789916,0.06065150316229185,0.0,0.12437256561855559,2.5251502954518372,2.4787436134659786,0.3682791514357278,0.6925739401883757,0.6989153466705018,0.08489980209513884,0.06562422130441721,0.056573468173706135,0.036821894273315295,0.6435843054082715,0.7,0.22587100824338496,0.3178154825026512,0.3,0.1868293381295881,0.03860021208907742,0.0,0.09177971573698497,score,ibcf,adjusted_cosine,True,user,3,25.0,0.00118283397750929
"IBCF[adjusted_cosine,mc-user,k=20]",val,20,0.9437868271166157,0.7348514107724637,9596,0.00118283397750929,0.006035750033333898,0.016395207960158587,22653992,0.18311533888228299,308,943,880,0.9989395546129375,0.07931818181818182,0.1,0.09707667300980073,0.1582217200707605,0.07019704433497537,0.237034989784696,0.5215909090909091,1.0,0.49981768317385444,0.13866159898502692,0.07336392209936006,0.188039261390567,0.07531909962006689,0.014285714285714285,0.143664679312257,2.403373553457668,2.368906235040525,0.3149085465723544,0.6753580788510137,0.6863893516609387,0.0822089060422984,0.05309368066652241,0.047174301011302794,0.03310185645005926,0.7171792152704135,0.7,0.19684803085962368,0.2675503711558855,0.3,0.17818095169546605,0.015270413573700955,0.0,0.05791957639398723,affinity,ibcf,adjusted_cosine,True,user,3,25.0,0.00118283397750929
"IBCF[adjusted_cosine,mc-user,k=30]",val,30,0.9437353785721656,0.7355182241840876,9596,0.0008842910174280405,1.37561754102353,0.01760583301074803,22653992,0.38287752675386444,644,943,880,0.623541887592789,0.0005681818181818182,0.0,0.008905770718715032,0.00032328184670357235,0.0,0.005031876674436805,0.004545454545454545,0.0,0.06730483674084932,0.0004139562745189099,0.0,0.00682557292059305,9.7492784992785e-05,0.0,0.001910526280465782,7.30681294647591,7.382035648793061,0.3583295426806388,0.7176232557323696,0.7363564215404683,0.12328652791123472,0.7364741484106252,0.7474717430101131,0.05071768829706572,0.0027571580063626725,0.0,0.02093441860574011,0.004984093319194063,0.0,0.028896454013676673,0.9922587486744433,1.0,0.03873653269604164,rating,ibcf,adjusted_cosine,True,user,3,25.0,0.0008842910174280405
"IBCF[adjusted_cosine,mc-user,k=30]",val,30,0.9437353785721656,0.7355182241840876,9596,0.0008842910174280405,0.005824250052683055,0.017180083028506488,22653992,0.28478002378121287,479,943,880,1.0,0.0731818181818182,0.0,0.09568084812273987,0.12483214001418287,0.0,0.194192947192302,0.4727272727272727,0.0,0.4995395542530298,0.11949651071878184,0.0,0.17221090564878874,0.06253834583075654,0.0,0.12662420066456154,2.5093445065969875,2.4547100945416322,0.3689582940195613,0.6896440918552095,0.6990189064951714,0.08494315689957678,0.0641306398062558,0.05466983938132064,0.037202432370439596,0.6557794273594909,0.7,0.22602914463847068,0.30689289501590666,0.3,0.1866147074211964,0.03732767762460234,0.0,0.09558216831502907,score,ibcf,adjusted_cosine,True,user,3,25.0,0.0008842910174280405
"IBCF[adjusted_cosine,mc-user,k=30]",val,30,0.9437353785721656,0.7355182241840876,9596,0.0008842910174280405,0.006196999980602413,0.016348458011634648,22653992,0.1807372175980975,304,943,880,0.9989395546129375,0.08079545454545455,0.1,0.10042822521943735,0.15890018970594808,0.067816091954023,0.23896334278189846,0.5136363636363637,1.0,0.500098242494446,0.13941213316301337,0.06943122193677728,0.18846169769473806,0.07567970557330676,0.0125,0.14150117279485047,2.3917566651292375,2.353934336997578,0.31267300281424565,0.6755398858984643,0.6839328458675655,0.08180279617202035,0.052066480652391556,0.046162998215348014,0.0330682043118887,0.7283138918345705,0.8,0.19720450518753382,0.25652173913043474,0.2,0.17779431597895487,0.015164369034994699,0.0,0.058403653606296804,affinity,ibcf,adjusted_cosine,True,user,3,25.0,0.0008842910174280405
"IBCF[adjusted_cosine,mc-user,k=50]",val,50,0.9440720915975003,0.7378758595441252,9596,0.0006387089961208403,1.3492562080500647,0.017312916985247284,22653992,0.34780023781212843,585,943,880,0.7126193001060446,0.00022727272727272727,0.0,0.004764600392411637,0.0001472211998527788,0.0,0.0031402864433746273,0.0022727272727272726,0.0,0.047646003924116366,0.0001613852922473035,0.0,0.0034016280454132017,3.0303030303030302e-05,0.0,0.0006548755598034401,7.354501819496289,7.413490505245238,0.3417171814759323,0.7107810654851962,0.7280270703820313,0.120952528514616,0.7429921340312129,0.7520523497917906,0.048150635890318046,0.002651113467656416,0.0,0.023116345085624695,0.003711558854718982,0.0,0.024316768872871434,0.9936373276776246,1.0,0.03745944680663584,rating,ibcf,adjusted_cosine,True,user,3,25.0,0.0006387089961208403
"IBCF[adjusted_cosine,mc-user,k=50]",val,50,0.9440720915975003,0.7378758595441252,9596,0.0006387089961208403,0.00651212502270937,0.017102707992307842,22653992,0.28418549346016647,478,943,880,1.0,0.07352272727272728,0.0,0.10013119690304374,0.12432888252696815,0.0,0.19482528536224195,0.4693181818181818,0.0,0.49934153560449307,0.12179231354985574,0.0,0.17585446695706683,0.06459120864254793,0.0,0.12880400551756635,2.486732319141919,2.4170127435469255,0.3757524927768163,0.6889138103676238,0.6926296938976729,0.08186147510556914,0.06199536583473328,0.052052349791790596,0.03772200081764096,0.6720042417815483,0.7,0.23089623220330482,0.29331919406150586,0.3,0.19033970894442465,0.03467656415694592,0.0,0.09384495249267434,score,ibcf,adjusted_cosine,True,user,3,25.0,0.0006387089961208403
"IBCF[adjusted_cosine,mc-user,k=50]",val,50,0.9440720915975003,0.7378758595441252,9596,0.0006387089961208403,0.006097042001783848,0.01618670899188146,22653992,0.17776456599286564,299,943,880,0.9989395546129375,0.08204545454545453,0.1,0.10195092498646201,0.16169270991904636,0.07142857142857142,0.24069377731042782,0.5170454545454546,1.0,0.4999935360012407,0.14218551498948287,0.07324038027163501,0.18983579452881752,0.0774002723879956,0.013194444444444444,0.14181966515592453,2.38055169250015,2.3309295644757,0.3109560029318298,0.672054463185486,0.6808322643541115,0.0816299174458298,0.05100622451792632,0.044437834622248665,0.03300011609547819,0.73966065747614,0.8,0.19591554197256475,0.2457051961823966,0.2,0.17576072462027237,0.014634146341463415,0.0,0.0579007201815784,affinity,ibcf,adjusted_cosine,True,user,3,25.0,0.0006387089961208403
"IBCF[adjusted_cosine,mc-user,k=80]",val,80,0.9465562531168475,0.7410926855824119,9596,0.0008098750258795917,1.3589059580117464,0.018053833045996726,22653992,0.3442330558858502,579,943,880,0.7942735949098622,0.00022727272727272727,0.0,0.004764600392411637,0.0001472211998527788,0.0,0.0031402864433746273,0.0022727272727272726,0.0,0.047646003924116366,0.0001541880061263254,0.0,0.003233322596576167,2.683080808080808e-05,0.0,0.0005634620807289591,7.375258172641665,7.448282835587269,0.3537420934749508,0.7065416844837136,0.7214325798681613,0.12451820417511726,0.7455765675004086,0.7562165377751338,0.04965120251268503,0.0029692470837751855,0.0,0.026302303229280125,0.0038176033934252387,0.0,0.024517783047112888,0.9932131495227996,1.0,0.039591386356322804,rating,ibcf,adjusted_cosine,True,user,3,25.0,0.0008098750258795917
"IBCF[adjusted_cosine,mc-user,k=80]",val,80,0.9465562531168475,0.7410926855824119,9596,0.0008098750258795917,0.0060913750203326344,0.017093166999984533,22653992,0.2877526753864447,484,943,880,1.0,0.07431818181818182,0.0,0.101072693228052,0.12415713431766329,0.0,0.19415929579879923,0.47045454545454546,0.0,0.49941013918802013,0.11991791358325456,0.0,0.1743808075877835,0.06320737580596211,0.0,0.12882405659620844,2.470092468773803,2.4031178135437727,0.3806365469178138,0.6878926390266612,0.6913005548232923,0.08005724001322696,0.060679429441269556,0.05110053539559787,0.038366259119145,0.6856839872746554,0.7,0.23353812781314998,0.28016967126193004,0.3,0.1920919942070123,0.03414634146341464,0.0,0.09510575075585309,score,ibcf,adjusted_cosine,True,user,3,25.0,0.0008098750258795917
"IBCF[adjusted_cosine,mc-user,k=80]",val,80,0.9465562531168475,0.7410926855824119,9596,0.0008098750258795917,0.012928250012919307,0.01733950001653284,22653992,0.17657550535077288,297,943,880,0.9989395546129375,0.08352272727272728,0.1,0.10347258157133167,0.1625910370084469,0.07417582417582418,0.24027454269052123,0.5238636363636363,1.0,0.4997142114265564,0.14359642635191533,0.07193629958249528,0.1904807196949416,0.07817356995407591,0.0125,0.1422406148309711,2.374437757246147,2.3237168583048,0.3121532116208228,0.6714069431620592,0.6806991478932107,0.0816410484981715,0.050549621084758044,0.0438429506246282,0.033131775497639154,0.745068928950159,0.8,0.19672091766657088,0.24019088016967127,0.2,0.17602223622309254,0.014740190880169672,0.0,0.05796542774772102,affinity,ibcf,adjusted_cosine,True,user,3,25.0,0.0008098750258795917
"IBCF[adjusted_cosine,mc-user,k=120]",val,120,0.9480410727785564,0.7432329251217186,9596,0.0008057910017669201,1.4168650420033373,0.017197499983012676,22653992,0.3436385255648038,578,943,880,0.8536585365853658,0.00034090909090909094,0.0,0.005832095816016594,0.0003438995215311005,0.0,0.006211663608603881,0.003409090909090909,0.0,0.058320958160165956,0.00026123726921596196,0.0,0.004483230984346612,5.0279581529581526e-05,0.0,0.0008703196708663429,7.385264231101702,7.47134412840141,0.3797671252163736,0.7054175473576487,0.7187365722335026,0.12394408418589212,0.7467318915229345,0.7579417013682332,0.053066588540080464,0.004029692470837751,0.0,0.034244766032905306,0.0042417815482502655,0.0,0.02571757587574356,0.991728525980912,1.0,0.046712320358794725,rating,ibcf,adjusted_cosine,True,user,3,25.0,0.0008057910017669201
"IBCF[adjusted_cosine,mc-user,k=120]",val,120,0.9480410727785564,0.7432329251217186,9596,0.0008057910017669201,0.00678687501931563,0.018785250023938715,22653992,0.28656361474435194,482,943,880,1.0,0.0740909090909091,0.0,0.1032424977497503,0.12353078166833634,0.0,0.19491230067345258,0.46136363636363636,0.0,0.49878847947212157,0.11974318772160698,0.0,0.17591288817414244,0.06361954597706086,0.0,0.130302228902307,2.45764265096189,2.3823048652951604,0.38624007771557145,0.686839541357392,0.6900090682263667,0.08196067697303962,0.05967077618167744,0.04866151100535396,0.038897529271089165,0.6954400848356309,0.7,0.23605568175393601,0.2700954400848356,0.2,0.19263700121234578,0.0344644750795334,0.0,0.09593602211689155,score,ibcf,adjusted_cosine,True,user,3,25.0,0.0008057910017669201
"IBCF[adjusted_cosine,mc-user,k=120]",val,120,0.9480410727785564,0.7432329251217186,9596,0.0008057910017669201,0.006089875008910894,0.01647358399350196,22653992,0.1759809750297265,296,943,880,0.9989395546129375,0.08443181818181818,0.1,0.10405168439353525,0.1631803630463254,0.07692307692307693,0.240118662333725,0.5272727272727272,1.0,0.4995395542530298,0.14425959063125413,0.07336392209936006,0.19013701069661107,0.07845572934561029,0.014285714285714285,0.14204268984906895,2.371740986218359,2.3229710643120027,0.31176484776484925,0.671086563095176,0.6804386247445604,0.08146056400812061,0.0503584759614505,0.04360499702558002,0.03312632986778432,0.7468716861081653,0.8,0.1963798462867845,0.2383881230116649,0.2,0.1754894579100294,0.014740190880169672,0.0,0.05796542774772102,affinity,ibcf,adjusted_cosine,True,user,3,25.0,0.0008057910017669201
"IBCF[adjusted_cosine,mc-user,k=200]",val,200,0.9487842040134733,0.7451807707002726,9596,0.0007009579567238688,0.9423299579648301,0.017276750004384667,22653992,0.34839476813317477,586,943,880,0.9172852598091198,0.00045454545454545455,0.0,0.006730483674084933,0.0005711722488038278,0.0,0.009158756162303373,0.004545454545454545,0.0,0.06730483674084932,0.00037725703640108883,0.0,0.0056465909835332565,7.553210678210678e-05,0.0,0.0011472058645214797,7.391392726454295,7.477233497306766,0.3898331877003356,0.7107275288838194,0.72412858750282,0.12132589812338913,0.7471944879550184,0.7600832837596669,0.054332676453190495,0.004347826086956522,0.0,0.03497305473319418,0.005090137857900318,0.0,0.028321166457508134,0.990562036055143,1.0,0.04861131119726324,rating,ibcf,adjusted_cosine,True,user,3,25.0,0.0007009579567238688
"IBCF[adjusted_cosine,mc-user,k=200]",val,200,0.9487842040134733,0.7451807707002726,9596,0.0007009579567238688,0.006272958999034017,0.017050374997779727,22653992,0.28656361474435194,482,943,880,1.0,0.07420454545454547,0.0,0.10210772592035296,0.1242922640399457,0.0,0.1955985619719112,0.4625,0.0,0.498875299325982,0.11984206615394222,0.0,0.1752138057878561,0.06343574742607481,0.0,0.12968457721740229,2.4416614651136195,2.369947841214024,0.38570020468059996,0.6861493410886923,0.6908461822401706,0.08161832052123735,0.05830412009212817,0.04747174301011303,0.03885114385147008,0.7056203605514317,0.7,0.2352669624468726,0.260763520678685,0.2,0.19034065524021185,0.03361611876988335,0.0,0.09467997855214987,score,ibcf,adjusted_cosine,True,user,3,25.0,0.0007009579567238688
"IBCF[adjusted_cosine,mc-user,k=200]",val,200,0.9487842040134733,0.7451807707002726,9596,0.0007009579567238688,0.006181499978993088,0.016701959015335888,22653992,0.1759809750297265,296,943,880,0.9989395546129375,0.08431818181818182,0.1,0.10376085498591064,0.16314879738975976,0.07692307692307693,0.2401273407271314,0.5272727272727272,1.0,0.4995395542530298,0.1443168364421798,0.07336392209936006,0.19009224572019764,0.07855802461978058,0.014285714285714285,0.14208379023262063,2.371089989294911,2.322417682454066,0.3117785260206767,0.6713069622895466,0.6806752177697316,0.08132218525581278,0.05029387774156044,0.04348602022605592,0.033126820761147084,0.7476139978791093,0.8,0.19628214098503408,0.23764581124072112,0.2,0.1753176483249095,0.014740190880169672,0.0,0.05796542774772102,affinity,ibcf,adjusted_cosine,True,user,3,25.0,0.0007009579567238688
"IBCF[adjusted_cosine,mc-user,k=300]",val,300,0.9475723968581858,0.7446824988029863,9596,0.0007145829731598496,0.7757933340035379,0.019130583037622273,22653992,0.34958382877526756,588,943,880,0.9342523860021209,0.00034090909090909094,0.0,0.005832095816016594,0.0005113636363636364,0.0,0.008988672328007716,0.003409090909090909,0.0,0.05832095816016595,0.0002983579205638419,0.0,0.005143253992031125,6.132756132756133e-05,0.0,0.0010678336573498861,7.393895973754619,7.479025688106492,0.39104567955728253,0.7098804270992818,0.7267364436103663,0.12293773851655274,0.747449600456225,0.7603212373587149,0.05446889429113891,0.004453870625662777,0.0,0.035111193456151615,0.005196182396606575,0.0,0.028488808587053896,0.9903499469777306,1.0,0.04878768636953696,rating,ibcf,adjusted_cosine,True,user,3,25.0,0.0007145829731598496
"IBCF[adjusted_cosine,mc-user,k=300]",val,300,0.9475723968581858,0.7446824988029863,9596,0.0007145829731598496,0.005486375011969358,0.01769795798463747,22653992,0.28656361474435194,482,943,880,1.0,0.0740909090909091,0.0,0.10157616065435605,0.12418323960199187,0.0,0.19544507497630545,0.4636363636363636,0.0,0.4989595131052968,0.1193499449197779,0.0,0.17446302182288909,0.06306304720962458,0.0,0.1293872469674926,2.4377089921882624,2.35914330666419,0.3865149679595448,0.6861104956919721,0.690370061876969,0.08119466612611244,0.05798731124419074,0.04663890541344438,0.03891853975300925,0.7088016967126194,0.8,0.235620304144944,0.2576882290562036,0.2,0.1902667708691315,0.0335100742311771,0.0,0.09466154736854242,score,ibcf,adjusted_cosine,True,user,3,25.0,0.0007145829731598496
"IBCF[adjusted_cosine,mc-user,k=300]",val,300,0.9475723968581858,0.7446824988029863,9596,0.0007145829731598496,0.005903584009502083,0.016313000000081956,22653992,0.1759809750297265,296,943,880,0.9989395546129375,0.08431818181818182,0.1,0.10376085498591064,0.16314879738975976,0.07692307692307693,0.2401273407271314,0.5272727272727272,1.0,0.4995395542530298,0.1443168364421798,0.07336392209936006,0.19009224572019764,0.07855802461978058,0.014285714285714285,0.14208379023262063,2.371089989294911,2.322417682454066,0.3117785260206767,0.6713069622895466,0.6806752177697316,0.08132218525581278,0.05029387774156044,0.04348602022605592,0.033126820761147084,0.7476139978791093,0.8,0.19628214098503408,0.23764581124072112,0.2,0.1753176483249095,0.014740190880169672,0.0,0.05796542774772102,affinity,ibcf,adjusted_cosine,True,user,3,25.0,0.0007145829731598496
