similarity,coefficient,target_item
0.08426817803345603,0.030566083793643326,379
0.03513406644691008,0.04079467844112408,784
0.0,-0.002539158725296709,1421
0.011135217187914895,0.014001720470260532,1005
0.06044630352520637,0.018311671258056578,523
0.008490273939207229,0.008568211829150128,732
0.0,0.00024350454325560518,1629
0.02820656211571079,0.0022079073671380563,718
0.0565331337696281,0.03682874209714559,808
0.09911795880647539,0.06090841668247488,64
0.0,0.0,1456
0.0280761200754009,0.023567994814473022,582
0.020730492817576697,0.03246834132060934,1139
0.22505787134894298,0.08298465279841541,192
0.06249337341248038,0.014725649805802975,622
0.10915636860572826,0.04616478323856108,427
0.0,0.0,906
0.03895586357125715,0.025383829134386637,1152
0.07665143243483043,0.02252255158899328,259
0.030409997085121886,-0.0016758310430227087,334
0.0,0.0,1333
0.0,0.0,1291
0.0576858961454077,0.03707692947831881,641
0.1352543101255434,0.1477670743789195,300
0.015031087578957703,0.007013367548241013,1178
0.0012192709599780653,0.004006328789560916,1254
0.012298298544912243,0.004469122524353186,781
0.02012288921843032,-0.0005355685952403731,1141
0.14216351360876217,0.03189699400677113,673
0.013968711784440393,0.018632840968552604,1400
0.10202812818390315,0.0424333860094373,467
0.036528663702723584,0.01780369699448871,773
0.009969151516594568,0.008804049191452563,781
0.0,0.0,1241
0.0,0.00023065000535520022,1650
0.24900037375980402,0.0720438214588534,401
0.06377042135951398,0.05259025573553052,670
0.11216753179101813,0.03327384624360987,312
0.019227404402022762,0.03415844218930793,1136
0.006603423515459092,0.0015383630046051922,1517
0.1990460516687298,0.05697298896575031,86
0.10688849555984402,0.02843320393972066,517
0.015474446015141747,-0.00022708158495696515,884
0.0,0.0,1356
0.21747241657523678,0.02776661880019227,510
0.08443363535828091,0.030425039126926536,468
0.0,0.0,1354
0.0912741816195811,0.013486583239880771,524
0.0982264141827724,0.05668680156538169,13
0.02595877611919311,0.04057323160183355,1126
0.022900607191697286,0.01068432518090621,973
0.021286874158627362,0.028567907721549296,951
0.0,0.0,1668
0.06036572974139351,-0.006344952798107409,472
0.07106010374751238,0.03273458781050267,1117
0.09217101998709339,0.0209528394480606,163
0.014870854849033612,0.03288050159827344,1021
0.019061981842829315,0.009889586387205678,785
0.024782972316811664,0.09520309482512349,897
0.04896663353077957,0.020097869068427313,38
0.023393532438022585,0.015172122292796828,376
0.1669427447726273,0.03433369474219628,606
0.03964887798549901,0.06420131787014276,323
0.0,0.0,837
0.028255677643022663,0.044526814270459444,335
0.0904714041238586,0.024313871436311283,565
0.0,0.0,1612
0.06220857898637525,0.04335650107975334,362
0.0,0.0,1404
0.012346817873846054,0.009533000701486275,458
0.0,0.0,1232
0.04507152587068044,0.018227077820018606,865
0.12212977203286077,0.06997230231761013,71
0.01110879918686139,0.020238551201974486,1116
0.013188053930547899,0.03528892946382737,1474
0.01995509836158976,0.0065238846704565815,1059
0.0,0.0,1416
0.05859001852557777,0.009971805165985222,1019
0.06553674424332812,0.04782016910241293,879
0.043435926031620935,0.026474495402148152,1136
0.0,0.0,1498
0.1974745230554652,-0.0158528791267789,181
0.043236009272777216,0.011023618991685564,793
0.0,-4.6703286763644775e-05,1606
0.023866779920868195,0.012718467893448358,778
0.0,0.0,1286
0.026809983566625686,0.02285703574370073,924
0.0,0.0,1346
0.12676294139807026,0.09010725642387157,142
0.0,0.0,1544
0.15426307789828658,0.027356162745793083,704
0.0,-0.006645161510906976,1554
0.03531978994062772,0.030119704657250813,101
0.14008336141287053,0.07546443992575085,215
0.027970233193245677,0.024611321994990724,1016
0.05846543583387373,0.035791401801106175,945
0.0,0.0,867
0.0876686032780653,0.050808778140391746,234
0.0,0.0,1441
0.07948031292257295,-0.0038024093361120953,403
0.0,0.0,1361
0.03303555708773946,0.02001020914919323,771
0.10539984328530266,0.07661492482126825,265
0.105307736929205,0.01980736331132257,493
0.11065197940930505,0.01166447741181123,791
0.05047977095838324,0.03261670125912829,265
0.0,0.0,1636
0.12604897958640404,0.011518676516488783,163
0.037146459208346534,0.0253235349125815,19
0.0,0.0,1369
0.14506720969897954,0.05544155400371272,355
0.014188133719513602,0.002551419091368018,1254
0.16611582307031025,0.09113910790472457,130
0.0762014600046679,0.035258973940865725,293
0.03282898022270762,0.028699588830711203,948
0.0,0.0,1660
0.046648216175093495,0.02546426077910323,958
0.06776988933271189,0.01774274288022769,92
0.03913458415572443,0.026377442336033754,255
0.021452977393619864,0.010856725903156277,802
0.04308458169639693,0.031461108717639186,889
0.02336565649163375,0.014564641017251318,1169
0.0,0.0,1490
0.047244110432750674,0.04933262068861652,351
0.0,0.0,1360
0.0,0.0,1360
0.014925827662674734,0.0036181809308382528,1165
0.02222018971293869,0.01262659777436753,1443
0.023754669831835527,0.00684484225244577,935
0.0,0.004592073733688269,1328
0.0,0.0,1212
0.04579881449867325,0.03964404162459306,706
0.03344732413596979,0.002353082245153325,794
0.08427022953250284,0.006829354985771147,468
0.0760795160720706,0.007548379681334524,200
0.009254840823246886,0.010413994252833346,1502
0.024488164084065154,0.03486787296123573,521
0.0,0.0,1501
0.03668763251962673,0.010844685538482002,952
0.12418253551032206,0.06004599495152803,0
0.10422472571016285,0.041632159354277797,87
0.08037702786971453,0.0343599756014268,72
0.09557790037551099,0.03698097796282318,812
0.0,0.0,1107
0.0,0.0,896
0.17460597595011057,0.04278692531715792,21
0.17677955720326827,0.07209712493868665,117
0.1095112666941748,0.03582755326146143,738
0.14521535277635023,0.03526573130026987,508
0.017857335199968048,0.009223275321829844,908
0.11965952953352024,0.055784137783302185,420
0.01519226738687874,0.03914181913133561,853
0.08908820764707945,0.019544009920548173,228
0.09387847210238837,0.008418443842625299,504
0.02256941957823897,0.010574409668487992,786
0.012570137560592935,0.014588894360157745,350
0.23093640746205374,0.047959508482731845,526
0.0739374782543104,0.015574548588556244,489
0.1339094616566328,0.07067610644928846,108
0.08073002778344937,0.026265706775663596,707
0.02990943961765336,0.011176253864226738,1135
0.1572189059306152,0.04925023036408363,76
0.017793169085619977,0.008045585403841987,766
0.0200196036472434,0.013359594606585565,963
0.052628222246478173,0.04603564958250486,968
0.07836733551996025,0.026873223794124518,132
0.026582238825291295,0.04285153599954224,343
0.11138612120561182,0.021176594829494553,658
0.03733260215033697,0.021306837162463076,388
0.04105043078509187,0.0008697359695067115,947
0.07360926983091723,0.019417296645552223,931
0.0,0.0,1671
0.028946424955396056,0.006791415390450033,1136
0.03707261405966409,0.024264133078986873,1207
0.034035666452686034,0.02299649270668348,946
0.017424262552167755,0.0173962680462399,1228
0.0,0.0,1591
0.10842256242032752,0.006529733538968783,660
0.0,0.0,1332
0.0,0.0,1632
0.12242593800946874,0.04764613073837574,516
0.00949857853213241,0.003763864141274721,1287
0.03281990159094121,0.0213428864676524,1078
0.026436873488521136,0.0067226722800202005,1056
0.01517192144998634,0.0037527365461690115,1474
0.06938670941704814,0.03220130329578624,1420
0.04032305764670441,0.007157728220347765,622
0.1554896706055773,0.032630340157011405,230
0.0,0.0,1620
0.01759224417117858,0.019187233289961636,1425
0.17481086986286626,0.06287279013874633,98
0.07957365435185731,0.03512815619333073,59
0.0,0.00016741475160567064,1628
0.0,0.0,1625
0.052509952877833055,0.019851212325802378,588
0.0,0.0,1551
0.042198886118248,0.02616899331346558,864
0.05118105453913254,0.010506201211256946,963
0.04442550982804037,0.019744188798540094,626
0.11630550058596778,0.05469322241514837,755
0.05281514594500648,0.04178350565323843,749
0.0,0.0,1591
0.02603255712918562,0.023022325959171742,531
0.04710500091342145,0.003945181926364006,415
0.0,0.0062178113189388885,1339
0.0010935806880355194,0.001640054755269756,1469
0.004794386111897069,-0.002103857660923411,1067
0.13207226176968587,0.05116324654952603,30
0.057989372273249594,0.008513333862715964,1003
0.014071790045723823,0.012524752397427407,881
0.04153883516740419,0.03418937748038892,801
0.028001718907974156,0.014677235059878047,784
0.01091615897326034,0.013036845157962829,573
0.02309278480127714,0.0017754587794427024,1179
0.0036251757874014405,0.0024859186954477555,934
0.08302086280019769,0.024955744668143553,200
0.03149483357281373,0.020145596097466363,760
0.08511013719302185,0.01866727355243082,941
0.0,0.0,1491
0.0281483910799917,0.004188783802259507,305
0.18018744229452108,0.05516189907856472,1046
0.005843721440248943,0.017454637910233564,73
0.03692285126072765,0.024616916973483026,648
0.04215795643961602,0.021507503902883664,735
0.0,0.005338344224616176,1316
0.12731629151232463,0.054187417129218526,496
0.0002332881664480795,-0.016324279116053355,667
0.01975255201479802,-0.002273097886065517,1029
0.0,0.0,359
0.11515747513119096,0.039376224072734646,923
0.0,0.006668520912969291,1561
0.023713652792758846,0.016398206626096454,617
0.014356653827386129,0.00339773969325171,935
0.06057577387817966,-0.0010194758161476733,157
0.010087079185587886,-0.0006853580177671475,1638
0.0024751645475481706,0.0035993240193548646,1074
0.0,0.004255553262753913,1026
0.0,0.0,1337
0.0069843669991256066,0.023899398280531035,1183
0.01781448703984182,0.012019684874796455,1300
0.0,0.0,1456
0.017733060958119173,0.006956652064009781,1231
0.02600775902789695,0.01475616294680963,1094
0.059126344825487925,0.024996357093721087,462
0.006995843196662521,0.004718387041595189,1269
0.020914895896790953,0.0219407768127636,1225
0.015276095267615815,0.009558866563336403,453
0.1499857679104826,0.023990689938949386,512
0.054563133294342134,0.05632356888485012,351
0.0,0.0,1319
0.056950360128818815,-0.004230084734043163,647
0.0,0.0,1637
0.043265024141767826,0.017966826824527608,40
0.0,0.0,1413
0.1248889724403318,0.017562309031854288,41
0.02778213469832656,0.01464890872860284,876
0.08400838258794549,0.013246585266970368,80
0.020910068333185795,0.01658787590390159,633
0.0,0.0,1002
0.0059767090969574995,-0.0016824102577991846,1122
0.11726192557051993,0.0662545769718474,530
0.0752325046879687,0.0683143709658364,400
0.009752495816686302,0.014255541898994516,900
0.037625104334521604,0.03433592739437861,1064
0.028021871304309817,0.02458501698456951,1313
0.09084818324290204,0.03173493715232584,234
0.0,0.0,1484
0.10975229474069846,0.004032461853324884,156
0.10199983257225836,0.0494160017635806,216
0.002479465748812718,0.006507578086115962,1245
0.07718965286647497,0.008445772995431084,575
0.011396138189394493,0.018988029015646172,1055
0.0343860537666468,0.012548476820007065,616
0.07497938889319111,0.06371526144527459,506
0.06068969997589063,0.023495524878078343,721
0.08005071126953191,0.0210005650184982,575
0.23319256813219774,0.07519832519279021,209
0.007229766341824194,0.009720994440390839,1081
0.03978243061610251,0.039457769209247116,644
0.043637142687549764,0.03089344817997676,145
0.003842654163735018,-0.0023428881482969502,1081
0.04901546247809298,0.0211579763007143,472
0.0,0.0,1416
0.0,-0.007552165624497705,1577
0.06321942019110358,0.041816257607391265,958
0.09889227721002582,0.036433796624536864,1187
0.018890101489057093,0.02155248368609264,333
0.014403919658789066,0.03066437656803178,694
0.0,0.0,1626
0.03887079631942789,0.019737213879100025,1007
0.01841883075609618,0.017785428417988202,350
0.032227042718565184,-0.006884272448942667,962
0.0,0.0,849
0.0,0.0,1397
0.04659065629896896,0.024191009373362823,279
0.034456967777202266,0.000993188178095357,939
0.16908399180028885,0.030386676587544983,49
0.08565786497645224,0.04726483627328169,122
0.017030382220818853,0.01454946711546932,423
0.10004605576309596,0.013873914194139933,498
0.0,0.0,1226
0.0,0.0,898
0.0,0.0,1300
0.01413158456802309,0.010181216846925441,1014
0.017872562328631703,0.0251170795976543,1445
0.01642255624874885,0.03140397222838237,753
0.016803063151601787,0.01210229776631103,340
0.023238591691025084,0.03611091821307084,758
0.01732611007853866,0.01634840819799421,1130
0.2270019977208288,0.08332654506220405,587
0.0648172445189004,0.040928861892623125,85
0.054118488323236395,0.04966266091141188,1078
0.0784901849481993,0.011684450361900115,1118
0.22244977090676857,0.024543403601811925,734
0.0,0.0,1382
0.1505394659411684,0.014472062964614604,527
0.07261033432923814,0.0017320637942336453,271
0.028093195496930894,0.036332933294244786,766
0.0,0.0065598200760019045,1174
0.0,0.0,1627
0.0013982119050064197,0.0057066584756012275,358
0.13144623479216352,0.029474750897583054,4
0.031868283822987925,0.024368662514492937,77
0.0,0.0,1454
0.03858991038385689,0.04056245671373352,335
0.0,0.0,1233
0.04319525185866349,0.01541189890448885,1010
0.010678428675797234,0.022377813183402533,1265
0.003935449092928385,0.004083357474430227,1523
0.11795650414417895,0.017432983330530318,222
0.046942047725820675,0.036047327971569815,100
0.058025991509448004,0.019517857818673903,486
0.08592223470259255,0.05290071285282761,23
0.15319424655930222,0.036369806285770696,37
0.006811400619474929,0.009385725323987348,1417
0.0,0.0005882513417377167,1588
0.038021409610566055,0.004640583778630556,952
0.0,0.0,1679
0.0,0.0,986
0.018058798904637786,0.012452835681306819,1131
0.0,0.0,1289
0.0,-0.002271030669547283,1321
0.0,0.0,1681
0.033633555663813985,0.028237980744215685,1238
0.03609170980964387,0.014383019810318295,1072
0.02030460816132533,0.018767934542418374,886
0.0,0.0,1503
0.03321500846417593,0.04601941062466354,261
0.016718614508746215,0.013672579935099566,932
0.0,0.0,1541
0.051992560026574965,0.03076626577503207,735
0.0,0.0,1557
0.11467617136041004,0.06599894449691175,719
0.015170929276957346,0.01948431349347914,1164
0.0,0.0,1605
0.0,0.039646073817659194,1485
0.01802145924332775,0.009946671132325606,617
0.03178316010372082,0.045062996083649824,1141
0.0,-0.022498092020710705,1501
0.0,0.0,1551
0.06607645900095269,0.047965462645376176,346
0.03442396283469549,0.037251745978853334,886
0.0,0.0,1525
0.033308506296563026,-0.0075398693849263575,636
0.013968829443696311,0.00946166062073928,1297
0.010273219766926179,0.028498429092569205,1194
0.0,0.0,1625
0.032566261772884096,0.0395607845868177,1279
0.025606161937734993,0.025606791530974445,1285
0.008488159998740488,0.009985317881548474,351
0.0726442487404604,0.018483140173334224,918
0.14849892314186408,0.0459114111211863,251
0.05432856240314576,0.015414786959275414,743
0.022975812157066594,0.0006286222839712285,1091
0.03859966158289926,0.03171574940236102,1177
0.011472383937960743,0.014973700119432568,1060
0.0,0.0,1611
0.042369800897071895,0.04441343832660084,977
0.03549839673667223,0.016129369779078345,924
0.05618762905386615,0.04195215362493094,949
0.0079412900174719,0.0025283286993667887,1222
0.013828982040789894,0.02096615353215589,148
0.10240026183567187,0.031977229781561645,684
0.09365763122126375,0.021201827059032403,664
0.030905534890057366,0.03770319015196958,1029
0.05699362555806637,0.0234298303943523,784
0.0,0.0,1565
0.05989390017428495,0.01860208063783009,244
0.040792097508734235,0.02336376413296097,928
0.012937875722219048,0.008861733394529635,593
0.01639385557182177,0.01643414127678211,1142
0.04007512145638113,0.04599072230159512,277
0.06404771038538191,0.020863636528443637,366
0.026307281716858692,0.01948478011101654,45
0.0,3.2956066582846734e-05,1185
0.0,0.0,1620
0.05192769550577824,0.0025357954537526457,211
0.06518735091929481,0.04790360398257898,244
0.0,0.0,1455
0.01994535702883271,0.023482756677565376,456
0.040712418315143745,0.026496191842854483,1072
0.17816852039330103,0.006178263834906529,68
0.09085450441617042,0.019459973924906317,647
0.0,0.0,1340
0.02236155431867339,0.011920872177905642,982
0.042458833914828194,0.06436075793953107,269
0.0,0.0,1002
0.010580840261320147,-0.006540775188153075,1299
0.12546526053926751,0.044720940302119205,7
0.0,0.0,1551
0.0,0.0,1592
0.0,0.004962495949679965,1328
0.01717408695047623,0.03517914593822657,349
0.05126720845289585,0.03953713377302028,141
0.0,0.0,1663
0.0,0.0,1361
0.0,0.0,1319
0.04893557076327891,0.03901741793758343,486
0.016296488118861006,0.02183976707262619,897
0.0,0.0,1289
0.0,0.0,1338
0.0,0.0,1354
0.052909706278833214,0.02806476616506211,50
0.0,0.005558324360204682,1566
0.01991275367192664,0.01590533775184518,310
0.0,0.00024762133512412654,1637
0.022690947968871097,0.025387083759890884,739
0.0,0.0,1258
0.0,0.0,665
0.11692889476779762,0.022240740738766817,466
0.0,0.0,1337
0.05015724731814979,0.02096563288805161,863
0.029225590042694895,0.009794491603803933,1477
0.07195899972205341,0.01543636346492846,1219
0.019009658611971212,0.02051483008579644,1128
0.21139635998454584,0.015269208159411315,198
0.0,0.0,919
0.14460298859294204,-0.023480772346239614,134
0.011470914027901746,0.00964073256980508,1267
0.14895293894842848,-0.024824182514575965,478
0.10143172917035335,0.0500476339971914,183
0.0,0.0,532
0.09544512350823374,0.05590962240701606,236
0.10034879340727552,0.0261648717593971,251
0.0,0.0,1598
0.041706614143824684,0.023632318171526154,411
0.0,0.006007494806606089,1556
0.055565158983760306,0.01242025620717308,869
0.025991180461645346,0.03170472903642071,546
0.0,0.0,1416
0.03302958765747503,0.02075187229866604,1102
0.0,0.0,1669
0.13674553801504322,0.03209700393077816,81
0.038520508728554004,0.02143693064888849,1049
0.013572722549550328,0.005808826131821388,1246
0.0765031244502389,0.02736238189975573,707
0.035759229524317135,0.015895837884925667,713
0.00534484600507425,0.0020360515921592514,1591
0.1560374426878204,0.10478346133019714,345
0.0,0.0,1326
0.04995755946163872,0.0373792381256822,735
0.06655746325171398,0.024226802834509162,714
0.01942955333328385,0.007400563362189557,1056
0.05863781035872397,-0.007898238852139238,282
0.0,0.0,1373
0.1423233070437454,0.04027395179901561,506
0.0886736311875989,0.06045628661206887,137
0.010941528980401212,0.009731933986919253,803
0.04628794128442981,0.031315388261609796,1117
0.02760723287293141,0.03853368971450146,573
0.0,0.0,1451
0.14028525872807845,0.04097562588711026,131
0.14773785669149406,0.050101708428460665,312
0.03442647939305512,0.0007121372001669785,452
0.10552373479729207,0.041269480126044075,1227
0.1593694323697709,0.06027369875370338,1
0.06007826950141888,0.035112009360698006,315
0.0,0.0,1286
0.05259877770949478,0.021717007147370387,40
0.0,0.0,917
0.05582130138233174,0.010428607468769245,730
0.021138458377508572,0.013677361619172095,45
0.022520247534545595,0.0218015540406094,1128
0.01593722361621742,0.04862912830477214,907
0.08102005389349921,0.03288215180909433,711
0.08054591151069634,0.002974456847152688,138
0.0,0.0,710
0.04497512712725142,0.00655654034101036,397
0.0,0.0,1650
0.1160145142013583,0.040731550004090025,86
0.036045777039481856,0.05009835421294862,1072
0.025983966135426525,0.0011190938168474187,811
0.08968795002954248,0.05227836367589165,408
0.0,0.0,1356
0.04035221377256659,0.03206006770800172,556
0.03824625278698621,0.025929352339983718,83
0.0950471691536305,0.03323408271895002,641
0.25461770865478894,0.050030866948902165,209
0.18005345334174755,0.035875351715211466,506
0.030844539423541522,0.02702326454832446,33
0.08300686286360198,0.02519354746375272,498
0.030277661636686354,0.024639683466144906,406
0.005578709532860694,0.01785560116314875,336
0.11053661459241572,0.015833946185382152,745
0.0077297886269472715,0.0011406096166969631,1246
0.03615627872914494,0.011007905808924667,1203
0.0027032006801581787,0.0008674592444066685,1149
0.17096866137469813,0.04232664177800104,848
0.14513984706793043,0.05563841899501653,630
0.05305756417561699,0.01734853625704423,1102
0.03313669372240306,0.0035969943303666963,804
0.0,0.0,1386
0.018274565759773417,-0.006827558435209686,1060
0.002035548335811384,0.009272240321929975,1163
0.009411148532406833,0.017694512797783116,1335
0.052251959188155804,0.0022156869547791985,29
0.0,0.0,1211
0.07445656961009821,0.06542302074674099,226
0.02810091835233954,0.03398261284205092,1120
0.05626810942670873,0.060710617147957426,325
0.022142148769066193,0.008331378687912158,563
0.0075451894106703865,0.00780314866652808,1021
0.0,0.0,1595
0.0,0.0,1627
0.12592503525413193,0.06480277469061986,124
0.0,0.0,1430
0.0,-0.0030040137420273513,1568
0.07609165795373422,0.02079366895215346,24
0.04580302872287234,0.016096801648288327,643
0.13255224168458804,0.034045453967807185,719
0.0,0.0,1678
0.03934893644838713,0.0018219084956392776,611
0.17574773799580518,0.029177726064316026,402
0.0,0.0,437
0.14707615590962184,0.0362032075860431,515
0.03229470909573637,0.013916808778860116,766
0.06258522435883357,0.01797077117715253,435
0.01248012237850118,0.012669186949812578,1314
0.11469406839564587,0.10095453043587126,275
0.023002660923443396,0.02131996858650935,864
0.0,0.0,359
0.1464991583061302,0.06650912160501476,204
0.0,0.0,1366
0.028506544356657067,0.0148258319720555,963
0.10595623123552932,0.08636336611502753,200
0.0,0.0,1547
0.004928029537263927,0.0024380206626727517,1001
0.06913331895624152,-0.004044657304383022,655
0.0440370741029755,-0.0013604212172744,1136
0.018827267978144727,0.022863154575089285,866
0.0,0.0,1344
0.017178692453131736,0.012802796543657355,1283
0.0,0.0,246
0.0,0.0,1651
0.10006042442732015,-0.0051267376752231605,530
0.02111150162365805,0.022490239372521162,1136
0.11987152903756289,0.024645881234749076,727
0.0,0.0,1316
0.06920657410050765,0.023103843828669087,72
0.050031885331674505,-0.008201928221582088,976
0.11795705248666993,0.036732712036567715,282
0.015898517985698735,0.01257990892656266,713
0.1168271948766661,-0.006323902496194932,419
0.14673565170080904,0.05498323318812199,82
0.06253368759064337,0.03907836561479592,455
0.026670646666014226,0.029062252444747895,954
0.10152834947014194,0.028364101213982248,152
0.06031815028020479,0.06771769085265292,249
0.14387541529207507,0.07401948204168685,368
0.0,0.0,1512
0.047024368227052395,0.06543255076554219,325
0.007280297000560732,0.013849582970815896,1116
0.0,0.0,1452
0.019093712104254482,0.00995704281757743,554
0.06502024919705766,0.011655540860336412,929
0.09752682173027855,0.025069110053842963,927
0.10610090355728324,0.07382531002834217,233
0.0,0.0,1386
0.06092647873757248,0.08865081290278157,951
0.1237888954416988,0.031301001051333543,151
0.038401074595536315,0.023916532164390304,1210
0.022189887552296075,0.03607186833963566,949
0.018025154493724264,0.010984103378912466,916
0.009432020879223265,0.023020554424039223,351
0.0329326471121219,0.02306829927074454,15
0.0838627403823504,0.04648211395808194,256
0.045705825012928754,0.031568462993522214,139
0.0,0.0,1581
0.002283111869238917,0.010810313754596967,1488
0.02334334428401227,0.00970275361501491,265
0.028719328271876416,0.015261507034130376,1018
0.06674130121593554,0.04011572923627084,50
0.047574509584020215,0.0559644132651944,981
0.0,0.0,1352
0.09216703609798196,0.01652710365459123,432
0.0,0.0,1416
0.01632748471269078,0.0258692106941586,1093
0.07514117001605872,0.012604427162089149,85
0.14642945583180544,0.017813457442667092,708
0.005719481497091227,0.003179201942605252,999
0.0029209438176057245,-0.001562347508928872,1263
0.16900838869973892,0.029900836744719213,27
0.004677887034828704,0.0021492619525566433,1439
0.0,0.002204392408186701,1185
0.10055318150482524,0.07675933011807615,125
0.0,0.0,1380
0.1375453410752089,0.09280833801173549,96
0.019350200109484267,0.013615642444631102,817
0.10615299303341698,0.023523570405985714,490
0.0,0.0,1371
0.011247469296445874,0.005915961453306564,1054
0.013082519883651765,0.014511430879677992,903
0.07266915936848253,0.024692695024550775,920
0.0,0.006327404554202169,1383
0.05678971916442546,0.017779778071788335,920
0.039575832977659264,0.05093828434792786,40
0.0,0.0,1395
0.05135742261120225,0.05104419269576361,311
0.0,0.0005791792008894563,1556
0.030862342128525892,0.07198476373951444,319
0.0,0.0,1451
0.08098929135192215,0.023765814103322066,683
0.06397638659384967,0.06838674276661746,285
0.12247224082703369,0.07012997559364222,16
0.006782205691872202,0.008140045436526045,1172
0.0383622054605228,0.020447061503999515,853
0.0387994851058082,0.02432896733123986,973
0.25201152784429426,0.055338213431938656,426
0.04481828208057331,0.00015982336005747054,165
0.019664602993767502,0.019622845828597038,858
0.022179649896539227,-0.0032513596781148964,538
0.06263204049013235,0.03727990478292574,952
0.047593328134278697,0.0435917002406698,465
0.037306030435395966,0.034894666577545586,667
0.016338166666934134,-0.0007687407190043836,680
0.030295541073289974,0.011737544804359111,1169
0.0,0.0,1671
0.026105804665052558,0.03347968867987005,536
0.043539624671360175,0.03685265526669165,458
0.0038238459857173543,0.003658259033951379,1081
0.04066975766974082,0.024911059543843532,159
0.0,0.0,1383
0.03687014446682015,0.025577248837392808,908
0.05827212902053108,0.02611864961216036,1041
0.19057656355399588,0.08422056793131028,182
0.0,0.0,1333
0.0,0.0,1354
0.0579391237697178,0.026641218676612344,211
0.037442427365113086,0.021219958526227736,1029
0.004192244644729007,0.005682636682303473,1215
0.11119173374155834,0.03813851975975734,662
0.0,0.0,1389
0.05513997588173766,0.04725635603675066,997
0.0,0.0,1547
0.2075563184746467,0.03090696971273284,482
0.0,0.0,1505
0.07666036462118443,0.012208698991106035,925
0.13870211781959907,0.07164518681192533,418
0.02516463992976222,0.022481903874616363,388
0.08397946520978028,0.06370396479118735,581
0.2205711282872272,0.0358634319091517,495
0.029763761329386067,0.05007989130997261,554
0.0036396139899052844,0.0023333049267256116,1222
0.05085949262095389,0.03501408380842292,828
0.0,0.0,1561
0.0,0.0,112
0.0,0.0,1662
0.0,0.0,1601
0.2437765927218225,0.022326154776612612,473
0.0015630928716882462,0.0093166699943865,1387
0.0027375937366625968,0.004002975094842646,1254
0.014950209100368863,0.0035235244288805917,1175
0.0,0.0,1597
0.0,0.0,1600
0.010053106995233273,0.010144408517086815,910
0.004970092390208284,0.0023512568627063577,1189
0.0,0.0,1679
0.06239189154880603,0.03979321542348583,536
0.04676249738233954,0.014311797050856744,945
0.015131508277852505,0.01721150615758277,1151
0.0,0.0,1274
0.049179422247416324,0.01643585037189213,759
0.030784394104949563,0.05165329731550374,1239
0.06941487482196483,0.051064365449080024,870
0.0,-0.013548458378971178,1149
0.0625881180532923,0.020996345597734348,1138
0.07098475528165293,0.04887533304160866,85
0.05135259364240987,0.03599892959791714,958
0.07075297165531182,0.06784097361833089,224
0.1336362945300045,0.023203378886535057,225
0.07314722226752315,0.04993933413814248,146
0.010261816949141188,0.027739379803740728,989
0.0,0.0,1584
0.01858312674993085,0.024823234023181456,1513
0.0,0.0,1495
0.0,0.0,1317
0.1288019067273152,0.009644366326630937,662
0.07811396839205098,0.04709031154899267,383
0.0,0.0,1627
0.00893231315381479,-0.0013056346205240538,1175
0.025073142409327693,0.01289740173570168,137
0.0,0.0,1204
0.0,0.0,1475
0.07022676399253741,0.0018511792273829064,768
0.0040890703315383725,0.0028595390400975597,1312
0.00980923200217105,0.017298977041643893,979
0.02117119009047034,0.04197165993512867,915
0.0,0.0,1242
0.03610960079746263,0.007959927849847082,968
0.019086729057205376,0.004916768562594392,995
0.019371861622143216,0.004774128943776248,866
0.02191494872109468,0.018621273449698442,1108
0.17289018262998987,0.06437184976393237,407
0.03372666100422959,0.025250879469385642,1508
0.005090082888519326,0.0025311747251756883,1513
0.0031731768926294506,0.001675512102790141,1455
0.029360670007584466,0.006277638632333869,712
0.0,0.0,1552
0.008101634449709768,0.003332549062122037,1273
0.1028229684391699,0.045036362811563264,220
0.08694317556586302,0.03560365257694515,96
0.0757552267137899,0.03598773680508573,213
0.0627401274466639,0.06068806459582451,789
0.15449682787751967,0.06555436426169506,225
0.0,0.0014094532452811881,1644
0.06815134604623063,0.05351080689145444,128
0.08828434909228829,0.007055789868434013,147
0.03673250060718335,0.021840150963422532,1487
0.03628087610111158,0.009347634397440276,1045
0.11880540719545873,0.03710242023372183,567
0.0234721559515593,0.0006025979693027385,354
0.0,0.0,1666
0.006215719559500314,0.0038353967711929793,994
0.07858584999728314,0.004036518233723108,245
0.12368328261345798,0.04668024801930282,239
0.013147579608534965,0.014331991536754718,806
0.023321960999683724,0.007482717074729077,255
0.07889584635304263,0.03837926362403872,944
0.067053927349948,0.021951560819048935,413
0.10405838812420654,-0.017220202987056447,568
0.0,-0.0034265364381539697,1332
0.0,0.0,1596
0.057719122376855315,0.008830271164548513,394
0.0,0.0,1533
0.000402315114784634,-0.004039498385709774,1559
0.02484965299215196,0.04294833844238542,1244
0.0,0.0,1550
0.021919046795194456,0.022750522100436692,812
0.0,-0.0009730585669471437,1639
0.16485698615078587,0.04959397424522994,153
0.0,0.0,1329
0.0705443690102219,0.03464913098856511,878
0.06013294698667133,0.0250979913731339,584
0.021597139376184734,0.014951749113775063,102
0.0,0.0,1537
0.028543045846020024,0.006613724043175317,1238
0.11927423170077628,0.04773483451316718,57
0.0320187123648478,0.011689584455421783,687
0.0,0.0,1402
0.052609437745449156,0.043400578101121745,733
0.02743145985396016,0.02652294016705845,1181
0.08991345891535237,0.03610774715578451,274
0.0,0.0,1338
0.0,0.0,1250
0.024148268815982813,0.009885394381008964,633
0.0,0.0029957055446353737,1480
0.07456961970368298,0.015321077925345419,448
0.08265140839700567,0.012471835457958635,470
0.0365398724288611,-0.005168474239128089,397
0.09786768844629325,0.06750293498999158,422
0.23729189899293268,0.03180935587533448,482
0.0,0.0,1621
0.014280073533755324,0.011942290009143297,1159
0.0,0.0,1466
0.0,0.0,1245
0.0,0.0,1544
0.06133406719145998,0.03815241733381026,1040
0.0,0.0,1611
0.11346272491972405,0.03254134308330538,734
0.04988303171023381,0.030462374350514278,346
0.020569141477984887,0.035985647999773725,739
0.043350665090967494,0.010336450967198964,405
0.0,0.0,1599
0.10839538197991899,-0.01083530641824763,204
0.004706803426288415,-0.0012346516424842416,902
0.0,0.0,1612
0.021772634959085952,-0.0013884155375399692,1443
0.0,0.0,1307
0.18809499035017854,-0.02721250448202717,482
0.0,0.0,1366
0.08357565041588941,0.02386062992882956,761
0.0,0.0,437
0.03629290497115692,0.0284441596490432,83
0.02835595770612172,0.01481490610543512,748
0.11961320076342113,0.07850771964317753,567
0.024224745628250582,0.013704842247695512,1077
0.06678481573241618,0.03898380621499331,451
0.15679185208722715,0.038001758824783106,227
0.025662095989241306,0.006888600093663638,952
0.0,0.0,986
0.013455062731673921,0.022964596951396462,1418
0.05098829550990991,0.016465983726594333,768
0.0,0.0,359
0.06131683105581767,0.02254398894673068,796
0.008970257913183243,0.018091669823946544,1206
0.0,-0.03066754532532549,1490
0.011000773074992927,0.004135767816132358,1424
0.0,0.0,1398
0.0,0.0,1577
0.14158031486459186,0.04158452289270322,660
0.020048067747681447,0.01003345023830207,967
0.06937481938590374,0.04554141974872104,726
0.009576278598493996,0.01036739113040563,266
0.06435131227198868,-0.009658886075620371,475
0.017827005493092858,0.01627507555928152,959
0.025128787336538876,0.0038307533062526215,335
0.0927856452190277,0.02302743019565253,477
0.02451735561208978,0.042248634677122456,578
0.0687489991042432,0.04443884519671796,595
0.4418124858481673,0.31292020295789036,180
0.022073302003742037,0.0011063832295045057,544
0.020415061642593543,0.032580211048153486,333
0.005903220035454826,0.006013812875503696,1183
0.10451150241783431,-0.00501849263638145,691
0.0,0.006223002369025488,1577
0.05632592412194461,0.021670630402406167,1118
0.16966940547356646,0.035094114435791274,176
0.0,0.0,246
0.05386358633824346,0.02425341443200109,269
0.011042596162043731,0.010798658969524066,1438
0.0,-0.000880785752933885,1321
0.0,-0.0030040137420273513,1578
0.08791213855468724,0.0648578750181683,85
0.01375928242082786,0.01069810022370821,990
0.09450538647014599,0.021315464829751624,683
0.0,0.0,1591
0.0,0.0,1235
0.043495943053612596,0.03037614411296053,1097
0.11630550058596778,0.046028391569505854,925
0.04806873902859618,0.022616248006958464,1062
0.06574472204815958,0.054687216717961076,364
0.0,0.0,1677
0.2054760070608304,0.04433622749872237,519
0.06423972138539912,0.04002034729296741,346
0.033435751165521575,-0.003606457937002141,337
0.03853756058108038,0.010495236372147153,942
0.0,0.0,1307
0.07331901587165927,0.08498975109958498,121
0.02758501205108477,0.012917617485374027,382
0.0,0.00024350454325560518,1256
0.01855355172457424,0.024479450577849175,885
0.09631266465701568,0.01979877435446225,647
0.03763964608249571,0.009590466410698268,414
0.0,0.0,1565
0.03473847364572282,0.05115031905163078,1151
0.027385677715472578,0.006094571455172912,1111
0.061621361776642,0.015218942745899557,405
0.1467297632609162,0.01706626500754901,481
0.037388969422192816,0.040565728607187594,1008
0.13677894282520867,0.01941694820354651,434
0.08455252261458338,0.058299207923515006,256
0.12328550172180314,0.02576585054285801,614
0.0,-0.000763620359132159,1481
0.08814215180492055,0.022232706873110134,514
0.0,0.0,1237
0.034778120132812035,0.01865342527976329,457
0.0,0.00426289636838978,1107
0.0031189829034043567,-0.00218750486942677,821
0.030024054588390196,0.024101149064364964,978
0.0,0.0,1441
0.06059395287792949,0.011815601971615831,647
0.0,0.0,837
0.049412163836518294,0.025050590374692497,472
0.038102802490809204,0.018012971236814175,711
0.007737209238421178,0.006792219516147042,36
0.07975695230941061,0.020311274126750895,165
0.01750524726070429,0.02602151817887315,897
0.10273709187640932,0.023672567489065238,613
0.029090445042013535,0.02840327554172631,556
0.07932112268772934,-0.005001330506275031,755
0.05983542816411053,0.00570351172535922,162
0.11970115609437627,0.01052885233983785,728
0.02382800892600338,0.004744915629435612,977
0.0,0.0,118
0.01527485944415271,0.017551481253776115,752
0.05530732589117056,0.04305230523912793,1068
0.0772768317470366,0.05374666505038336,61
0.0,0.0,1129
0.11505209885761032,0.04682735595947083,406
0.10575855906040535,0.04457468457357794,641
0.06057483122392128,0.009826171011017593,727
0.06715400417161156,0.027288295914925067,1077
0.0,0.0,1573
0.028848612979894897,0.021234735272793882,223
0.0561589914565656,0.010173939996819677,102
0.12685903440536878,0.0457566596459168,404
0.056530045848683624,0.03121215710693742,922
0.0,0.0,1604
0.06557001558123471,0.04181723625952527,824
0.12786696019043867,0.06212582601949904,471
0.0,0.0,1258
0.0,0.0,1669
0.04409765446320964,0.011175574412940332,364
0.06810372199386437,0.025324980908477124,501
0.06356630619919658,0.02769348387937994,612
0.04399593525895221,0.025277202725757918,458
0.0,0.0,1454
0.1686592243852406,0.0700938208272801,10
0.015881166114219827,0.011151281913276185,1111
0.08041382168693037,0.0621383123841912,130
0.010271522100147033,0.009305537238664842,756
0.10889611027827802,0.024384085868786036,489
0.10310693993724436,0.02579424735485552,548
0.08182523844286564,0.03155307269843604,206
0.18838724486381792,0.0374449771821049,512
0.032260169373675686,0.028329760504881906,729
0.14083798692882082,0.04237904768811243,1294
0.18964245168793029,0.020531773213095145,131
0.0,0.0,1309
0.022638299998329916,0.019463417683290254,1445
0.10855540488410706,-0.03099263677021684,407
0.1671346247912161,0.021885350265680052,312
0.04893863485495436,0.020246593819736303,743
0.03662095652015235,0.012230616806397119,760
0.031098667053815723,0.03311828260889356,669
0.025038583446471016,-0.0008786220179358519,800
0.0,0.0,906
0.08933639359702006,0.03036281739368065,158
0.14118027821859613,0.05574398342576307,525
0.02596027664251269,0.025191516553579665,1097
0.003640886534354816,-0.0042727443374203315,1288
0.050523985236827856,0.02558304267863205,673
0.13836730242464074,0.0790055422511794,470
0.051893290655120446,0.04672197074043104,342
0.029186422938867904,0.012303261504328518,623
0.07362331963237367,0.03009027494458177,92
0.07328680003670607,0.055525155672699424,219
0.12054396812726133,0.03324657721419179,558
0.043423678253722,0.05639488170231628,878
0.03508133716075088,0.025822013102888033,338
0.02917609853546018,0.006962897140258209,538
0.042080812390438836,0.023088143593200793,792
0.000995775025179703,0.0030037832894691872,1300
0.0,0.0,1613
0.008411680388324282,0.0022771525386164272,1400
0.09054581204725992,0.05422290117293752,325
0.0,0.0,1613
0.050860546260723276,0.00877195278642056,125
0.14374588428576213,0.03261986884117395,52
0.06218033922976315,0.010445489658135085,465
0.0,0.0,438
0.0,0.021097628398780266,1584
0.0,0.00024762133512412654,1639
0.014015097317348702,0.009333831973186652,1414
0.098895897398783,0.006231872907104209,91
0.022832819755896565,0.023495994642700524,961
0.0,0.0,1339
0.07554915567644778,0.03492813535616595,459
0.04028877695701146,0.021257918422312425,1221
0.046251900900690715,0.018698233637518557,792
0.0,-0.008541701433783033,1503
0.07608291481047577,0.033627523996081404,1043
0.028433853386826448,0.006932267188369756,1075
0.04340245689865657,0.02541107767985469,405
0.0,0.0,1366
0.0,0.0,1527
0.019621490054217896,0.02138709283103875,1310
0.08251872189087199,0.009925366162635648,48
0.016253289602039506,0.008653498783649901,1176
0.0,0.0030035614375719757,1391
0.039371694909729714,0.025396039431497062,1000
0.06726630980849764,0.03449422891157909,60
0.03510619049863465,0.012145663034366854,920
0.0,0.0,1382
0.01684513076131184,0.03258058322176492,1032
0.07705122801263233,-0.0068876703467427415,314
0.10888011528197876,0.03441525773342809,945
0.10048098293423816,0.05394502389283107,658
0.11016599290671626,0.0334615822003238,8
0.06270889299076511,0.021629011588617145,346
0.07062570791295411,0.02414239562701689,685
0.0,0.0,980
0.1570701390449448,0.013315220808153129,78
0.044398860838335635,0.032808382877370236,84
0.03037981717369714,0.04462522466789805,1151
0.07408178716308568,0.011676551533896481,962
0.01294514155562273,0.010904043749638652,904
0.020304465196143876,0.008072757481104073,1213
0.07014317625878012,0.029476158453999163,1238
0.0,0.0,1002
0.01717767179248142,0.008581287676436102,1248
0.018059310196010123,0.023759800969823504,874
0.0,0.0,1486
0.11609009700586262,0.05648789061566193,85
0.01991169040619604,0.020074067557429305,1251
0.00700229088509741,0.007688098227537709,713
0.007686769684418431,0.00474073925093762,1160
0.0,0.0,1253
0.004618756771010603,0.008807510940895494,1160
0.03598636578000856,0.029036453461449466,686
0.1394532090685808,0.10185957062213485,731
0.10156527807291835,0.06567439308784485,474
0.04179540310562459,0.030656677591263476,164
0.02250025396662161,0.009678960441592506,276
0.0,0.0,1607
0.005069899703415715,0.005487680581585439,266
0.0,0.0,1079
0.11757438033466479,0.03459369097251073,217
0.07143306770240046,0.005930465886180794,80
0.17674983705452724,-0.016233893476266227,473
0.09544711756909706,0.027991616218044475,517
0.15918593229273906,0.05029200711701359,135
0.002516651879518659,0.010333974895579577,1061
0.05138038078726934,0.0009961949384030128,845
0.165717858186565,0.06461950021139976,596
0.05720156729715882,0.04437225838509712,468
0.037787951974641035,0.010469044645793457,1006
0.016599568659145515,0.03425052303789553,265
0.0,0.0,1580
0.0,0.0,1506
0.05040580621073176,0.027255811656902485,140
0.027614871956860614,0.015833135654168655,1177
0.04660050625652709,0.027277668113387065,1010
0.09871873347443819,0.04915341923713358,844
0.0,0.0,1620
0.1388294987032765,0.01969948030680559,518
0.04575122683704703,-0.0014222846611992477,1122
0.0,0.0,1665
0.10156527807291836,0.07672990959109258,275
0.014730855197793805,0.011272276354773025,617
0.04242543647965172,0.02286205153048933,758
0.052549736295084616,0.04738585579413407,326
0.014602597599333628,0.009271153554551468,969
0.03001390337356034,0.0192116670086975,250
0.0,0.00544736003157504,1466
0.018090046888174265,0.015634104761395085,1171
0.0,0.0,1344
0.06846463723503718,-0.00355971559907959,448
0.0,0.0,1409
0.0,0.0,359
0.0,0.0,783
0.13402432481532725,0.05865308761998513,364
0.0468800265519493,0.04722235083477522,604
0.0,0.0,1113
0.0,0.0,1611
0.009706016633596251,0.0038372799552009165,1075
0.005091346569882418,0.01202113975989205,1042
0.06817857082281359,0.016434833901795266,486
0.05623964933179463,0.013019550499890729,632
0.0372595732822922,0.007731707532487656,319
0.08112535596782537,0.056931028220764256,615
0.0,0.0,1149
0.043890426886915156,0.047150994028016674,569
0.09342981490294315,0.06747635751357305,59
0.19641789140965454,0.0599694104339522,191
0.037812579627508176,0.03315697542623723,923
0.1400582819741113,0.019019751477044128,149
0.0,0.0,1124
0.27963889080893944,0.06691635911698358,209
0.06395752845558578,0.020734092631866367,1184
0.0,-0.0011841362934568809,1343
0.02877866065138933,0.0116418644077182,109
0.026255252099360932,0.025191933428606754,1396
0.0,0.0,1555
0.007276705262772548,0.018088128950549558,827
0.18642571884224654,-0.004403929457151401,126
0.04676817392077049,0.028165834537165885,364
0.028946424955396063,0.006789178993660212,1085
0.017239582012674348,0.0003622105565966898,354
0.10187087997095787,0.04376284526252081,822
0.0,0.0,1606
0.0,0.0,1382
0.11421444001665484,0.058665657373400446,202
0.17810269029722625,0.025119984570498834,22
0.0,0.0,1605
0.014684341683188766,0.007626684663356585,350
0.0,0.0,1665
0.03472474083265741,0.02337596009074361,1035
0.03614472426852705,0.025181829362433295,801
0.012598063868126898,0.015520598837149983,1057
0.020951563669865506,0.033702399038801435,1229
0.0006515830009798482,-0.0023867297399239227,1523
0.1874034533740609,0.012080465824154911,193
0.0,0.0035662457988457712,1622
0.09464925889592424,0.06615880408550373,1089
0.0,0.0,1431
0.07198299805746304,0.08939488457319067,368
0.050031376578328283,0.026747263423552513,1467
0.08748353569629969,0.0624850484444145,24
0.0,0.0,1063
0.0,0.006668520912969291,1571
0.12173331409129647,0.020899921877709598,728
0.08388618611917771,0.029769385307454547,32
0.03170253542223565,0.017326660761651142,736
0.0,0.0,838
0.004197985164787604,0.01754456473141334,1426
0.006546342305489342,0.03592546362698371,262
0.12210918943770323,0.05050000872252459,127
0.015492458219700645,0.015386016059419836,1017
0.012067358658330809,0.03524066492267016,936
0.05904899706779416,0.03480772573337089,944
0.01448982608350028,0.010086860863573403,961
0.0,0.0,1681
0.009784122364218202,0.00810844123326771,1240
0.0,0.0,1599
0.07647393945786206,0.04975959541845901,446
0.04454872103243578,0.005556389275556123,652
0.0,0.0,1306
0.018538301800923244,0.010433886833910071,1178
0.007286324755677457,0.01755015294448571,33
0.19589324099809896,0.04534075454889251,683
0.04356001774494411,0.01792733513336681,823
0.01640818498675202,0.012550930881614977,1198
0.003948245458369379,0.009567547897301378,1557
0.005303838506949586,0.006726149889481615,1295
0.012542534175659486,0.008549528056049428,790
0.0,-0.007552165624497705,1556
0.0,0.0,1510
0.15415147381083122,0.027615327295329707,478
0.007397754104513624,0.005164597443686686,1180
0.018174864459756784,0.011334174993132062,797
0.14218032240845555,0.01503721236728661,1038
0.04461550983151058,0.012363947293770699,652
0.080083016933551,0.037657353606166205,221
0.052753648020038825,0.0415195934028074,582
0.05647602612152416,0.01246877358702692,200
0.07688585580948107,0.033537678307064125,644
0.11397952950065317,0.024153961010779077,245
0.15210051111993395,0.005593818225900959,178
0.04463270536625872,0.042170053444070925,258
0.046935203748548315,0.023649217800633077,1125
0.035359963817742486,0.03740689723133378,1220
0.03823775805024107,0.03334428902680925,387
0.08122318657422578,0.04451489637973168,139
0.07228997845970657,0.0388390711731113,714
0.015763012408431826,0.022312022332702866,1150
0.0,0.0,1488
0.0,0.0,1361
0.0008229092014267785,-0.00607520342473302,1498
0.008676040639196022,0.040345099804665316,1469
0.002513416877516391,0.011514056476552858,1101
0.0357178070862812,0.029157445769451916,868
0.15064775113111892,0.03154440234256809,179
0.0,0.0,1390
0.08085852517210065,0.08907779272125496,430
0.0,0.0,1250
0.017738428420967147,0.010761499631647154,797
0.0891029104010248,0.02055670129405243,492
0.0,9.777764723768036e-05,1637
0.20998566907096988,0.024779044734483984,63
0.0,0.0,1647
0.017757675689220615,0.03019732454699129,329
0.0,0.0,972
0.0,0.0,1671
0.0,0.0,1318
0.031194070226527662,0.002463779743319982,1538
0.0,0.0,1622
0.08193983001440372,0.03536366562799758,762
0.12131311021359555,0.07215517346355375,761
0.05331228567942795,0.017734398671636342,372
0.06811626445862602,0.009642582424261635,92
0.048042165096974856,0.03556105300464662,895
0.1372467950103259,0.03467611753506785,237
0.0,0.0,1333
0.0,0.0,1026
0.06944322767070438,0.04168989473233736,391
0.013558307296937903,0.02884440110863325,1151
0.008612898182530335,0.012199133761014965,1403
0.011476128809324733,0.009737382146539873,1267
0.06945097916811874,0.03582029230718286,770
0.07366842209396357,0.020164619094757294,283
0.0,0.0,1551
0.006916062941016372,0.01766739288370575,1414
0.06541057563276897,0.03650697226806649,211
0.03883563397033882,0.00026310666280453216,105
0.02342433158117102,0.025718141107511774,833
0.028572432761316227,0.014019025657987445,924
0.011866191757491668,0.012452946249733128,1299
0.04433006908745359,0.03171905437233385,685
0.0837326156335539,0.017304257505006623,721
0.07497595508312963,0.0183401764642425,150
0.03341118885057308,0.015256484378518663,1156
0.1531735499540651,0.05067831008110299,484
0.16931176293174344,0.09031529392917521,596
0.0,0.0,1307
0.01198614940424652,0.018849556440678553,1482
0.026868094342917523,0.022865344522042173,1132
0.09174475226412852,0.047846198197689066,54
0.03710718803301757,0.03426107940164537,5
0.024508599203566617,0.06648615803659785,913
0.03748976480171679,0.03123902449340992,399
0.0,0.0,1402
0.07650573796982248,0.04779445553987196,839
0.11398571441838026,0.06490438048850417,105
0.07288046885251713,0.04149636164163035,1227
0.0,0.03184814079016407,986
0.10287453363714438,0.033022209849555895,929
0.05333231338608592,0.03123976366119551,383
0.0,0.0,1647
0.12569479689048849,0.07719788940337571,309
0.0,0.0,1476
0.028563140237033935,0.042082464986477164,1445
0.0,-0.022466228701790207,1428
0.17080720535498173,0.10214279519894938,173
0.11779662873741825,0.039893761418353504,379
0.0,0.0,1274
0.0279830922334192,-0.009633216092486335,1029
0.0,0.0,1544
0.012286075749844506,0.020263585953041674,1281
0.1696930019465089,0.0026657755121700126,204
0.0,0.0,1259
0.026250437102492214,0.01756477579326402,1024
0.05391407127403934,0.03389356475048062,931
0.016518453563446493,0.006104710021074975,458
0.0,0.0,1292
0.036588190079818415,0.01668009781403314,766
0.08435965589694193,0.002571284792928433,250
0.15599163390779416,0.05054897375355315,227
0.13825670128971768,0.05702129183941041,93
0.07949742298730596,0.028221363468410487,719
0.07764404489895477,0.009807141127610898,183
0.04791117356700025,0.015480673895534256,1069
0.05726650802567869,0.016700231684156935,557
0.0,0.0,972
0.020298248086690646,0.00994549499265868,620
0.10990393784218463,0.08373682639478422,90
0.0,0.0,816
0.013188630985910553,0.006481512739318466,1030
0.05412338299346751,0.02902412562864543,1156
0.01687131363035711,0.05237092684000042,537
0.0,0.0,1593
0.30049957411441675,0.06247512256029948,479
0.03240418425738291,0.019625068309905593,600
0.11604169705605426,0.04284090764750001,741
0.06472315090476372,0.01178378303073572,944
0.02603250087495671,0.03662463533980673,1226
0.0788972106098537,0.015356335554816674,213
0.08328584971861791,0.02722702825651651,502
0.008956537605215587,0.034574768190050224,308
0.0,0.0,1211
0.08755735110324579,0.016669459887618948,540
0.11775973621440444,0.12450144279169639,337
0.0395286799587386,0.017561451089341224,1238
0.03645962258175407,0.021482613807087398,106
0.09821583319900755,0.03719084756972056,471
0.07827725106786446,0.027750203487683603,484
0.02912077188856838,0.024483655459986348,872
0.020976834731574166,0.023218586645117372,885
0.01487056100410824,0.019039983229966688,531
0.03985344411294268,0.03199285046520204,325
0.04330341329075927,0.032778386335406466,1125
0.06832027483209792,0.012854399598788941,101
0.13933250764179358,0.043157195845083214,196
0.15361057546188372,0.012374357439453774,168
0.15954804093202585,0.06710456033298165,301
0.018768137799767444,0.0042570831302861855,947
0.05282196073986343,0.028179972503284002,571
0.10614025104231438,0.012564993807999846,632
0.0,-0.0058017465823998115,1382
0.1409140689380621,0.0702154588853152,481
0.022064077933481863,0.04933804036851519,985
0.0,0.0,1437
0.02703925011898515,0.03521064172527204,243
0.04078007462968422,0.0163978078556946,724
0.0,0.0,1289
0.04883353390112375,0.016300192144143875,1477
0.08552478565239119,0.02217651199002438,424
0.06389519260170969,0.00769063121253064,600
0.007023193696543779,0.004699928822712306,1517
0.06691454331705746,0.04376917133781332,200
0.0894561438687981,0.02879763625253939,377
0.043801615315436214,0.0018379976801957628,801
0.0,0.0,1188
0.0,-0.007435195915058511,919
0.03750019616446031,0.0346140357503212,889
0.0772204248650445,0.03906268881036372,212
0.08923396195215197,0.02869654151835996,1
0.09346855176208085,0.04883141434426657,685
0.0,0.0,1481
0.0,0.0,1466
0.02774878696744348,0.01870660228282451,864
0.0,0.004592073733688269,1358
0.04076517301291833,0.020659350650690807,306
0.049093005229414774,0.053418448674212665,631
0.09950130590340872,0.027503063093771124,596
0.07745931285473667,0.04602669433121803,635
0.06186165286683456,0.04778414645067798,950
0.03921489823420644,0.031629742775012744,608
0.0692044707779024,0.008341551517731968,449
0.0,0.0,1002
0.0,0.0,1604
0.08993700566405931,-0.002553341105350812,30
0.24681904761410525,0.037784052498494744,134
0.09549764616881176,0.030653444592140207,130
0.061971156011449015,0.037556404598619045,828
0.0,0.0,1659
0.0,0.0,1327
0.03888733385510247,0.023531297632889164,726
0.06989262948775171,0.028582944579149994,1177
0.025977682945483794,0.01013894170496445,978
0.16710295074748632,0.008115978626014687,158
0.04495567991484735,0.020734255608392003,645
0.1459999214017611,0.029452399648128756,704
0.08205135282365024,0.0795028177181585,287
0.029488480589132973,0.057355449798852154,1375
0.07824407282309243,-0.004511776064869955,251
0.0,0.0,1671
0.10974187134642123,0.07668231541491288,627
0.022626795933830796,0.016368943121401202,893
0.0,0.0,1413
0.10882690582021044,0.03558101986018493,780
0.03620591149053235,0.019308528844866998,1063
0.03486754549203266,0.007220927975371747,362
0.0,0.0,912
0.0,0.0,1678
0.08767686795086585,0.004460229951685333,404
0.08049231602819266,0.012759778521178775,659
0.011421974459865461,0.00626080797026903,700
0.0,0.0,599
0.03473030031551978,0.012060413053874295,1223
0.01666791768606903,0.0071916570769081775,586
0.010822167826848372,0.010388985760512054,881
0.0,0.0,1286
0.057091975277981016,0.044057038395263565,801
0.03010802461808147,0.029879378255784957,459
0.04159705625990084,0.039737672950815414,343
0.0,0.005461447170479908,1536
0.1591893345438924,0.09022525511434173,46
0.00037151934897948345,0.0033924511333853565,1147
0.034386980773593985,-0.0026985990162788,981
0.04811353187349917,0.015612788158132043,585
0.004721449993574978,0.028656634356579183,334
2.6950066396208736e-05,0.004781665045764149,1345
0.0,0.0,1204
0.0,0.0,1528
0.12074522109200311,0.036570213970457635,738
0.0,0.0,1241
0.027314405946722253,0.02729514772337099,888
0.06016692242807424,0.06110876993847417,127
0.05527378801355308,0.03591425808122411,318
0.032568108805052,0.000534320786792024,736
0.04491767373880207,0.04718002150371671,242
0.0,0.0005198314141897898,1185
0.010943834108458065,-0.0009564264384074821,1424
0.0,0.0,1341
0.0,2.5667761206068525e-05,1648
0.007259378320599247,0.0023670677468880363,1166
0.28484547901132345,0.13919233115493637,227
0.0,0.0,1325
0.054140978887450404,0.022357031408258843,585
0.012414621888665737,0.007468422417415584,1439
0.07342001178832029,0.03838231097456897,449
0.050628909383018963,0.013456345581682176,476
0.07407267926153004,0.03355599103942452,2
0.04565735391113997,0.019418859026709204,706
0.0,0.0,1338
0.016284241469190143,0.03858087062413671,111
0.11378724789547302,0.01002848954996477,0
0.06082028855149985,0.026274826395017777,455
0.16694913378417234,0.05084515070532583,660
0.07717563612676258,0.0350977696633265,391
0.06158480535712841,0.02627944642559082,557
0.02899367795652255,0.04130480275946197,546
0.046962740001297985,0.02141361581671586,721
0.016890059276875775,0.04608778962331819,352
0.10296807896055758,0.04827295140880098,72
0.06568389018141596,0.08621571683549581,323
0.013635308049754746,0.008235646300777869,935
0.07542254389258629,0.08148895187349753,581
0.03871858934707503,0.02804878657341654,644
0.06169754636854955,0.051833926984009515,641
0.07405164146588171,0.01306690451233645,460
0.012860232179672094,0.013709574917896202,1055
0.017616209137546704,0.016550947901718557,542
0.05232969036921462,0.01708407900353785,824
0.020051481990196716,0.0022136829783089935,995
0.009297084214125603,0.016076447542725546,911
0.0,0.0,1489
0.0,0.0,1653
0.08043387218986449,0.0569144066738124,275
0.0,0.0,1592
0.0,0.0,1323
0.009331814472750891,0.01001306457741131,352
0.05224358718609917,0.03156692060441326,733
0.07954059056407616,0.03368082267686738,755
0.008187633036667728,0.006340610616731483,1421
0.030164859652951827,0.03873759534165869,1139
0.029738570598020084,0.013650631945288972,1028
0.0,0.0,1590
0.014223674963140313,0.019593027701879682,1267
0.0254715120372186,0.009674993385258183,916
0.17810269029722622,0.011552200232357864,182
0.039605192826553094,0.01698422236140787,895
0.0,0.0,1570
0.053131586564110815,0.020551485422432608,940
0.0,0.006668520912969291,1562
0.04379114992114065,0.0303659397071862,689
0.16010163482665513,0.0856727070723939,431
0.08595942095228154,0.0025349692073030413,138
0.035386141082049204,0.03657009908959102,1008
0.05231249215809545,0.045634992910290176,988
0.12071658251789046,0.09240321074490958,24
0.0,0.0,1402
0.046358095913702366,0.04942469330290517,759
0.027624257228113607,0.041423397832768306,1169
0.011389504116145923,0.03992408481411467,936
0.13222832064941278,0.1049803619025219,230
0.02957200459217916,0.004880106002655482,845
0.0,0.0,1345
0.048015244261305365,0.019179401573430885,769
0.004659172779763471,-0.0006804948980149789,586
0.07788009639173508,0.071157766239576,723
0.0,0.0,1521
0.04044540565811897,0.03066464418263818,1044
0.017472513742289357,0.015448765130740897,35
0.060717681156885084,0.03200052452444189,445
0.01785510886831047,0.011263609027175228,1244
0.03775011822132448,0.01882440327761016,250
0.0906374639746018,0.04150979551744657,390
0.0,0.0,1550
0.013858728993838443,0.018185619616850748,328
0.011951898310237056,0.018975569431827464,1375
0.0,0.0,1368
0.0226976902721581,0.010375735662440775,868
0.0,0.0,1558
0.015076973226848318,0.013920557772761709,1074
0.0735333799095044,0.024088784351117914,1221
0.023236098332946948,0.027231478199352236,1056
0.01331228750297536,0.0042754695199033405,1284
0.04086965470227373,0.0215103860389992,77
0.043645809679878286,0.036600038151168725,1008
0.0,0.0,1654
0.0684666775050615,0.053529829830607195,749
0.0,0.0,1329
0.027661505541963775,0.01397594445505406,1031
0.06616518883368794,0.07980197617407941,318
0.03508425257449223,0.01928582728246154,1221
0.050015189200115474,0.012094889519289722,302
0.0,0.0,1544
0.005696369447043403,0.005609850646494479,593
0.0,0.0,1465
0.0235757341120187,0.028757751451052988,1016
0.0,0.0,1544
0.007487608717844991,0.006282518540305313,1160
0.0,0.0,1655
0.050197331877560994,0.030074038939129293,101
0.0,0.0,1678
0.0,0.0,1348
0.054084437480814936,0.02290795374577435,826
0.02987183648583469,0.04060250763116354,878
0.019991004780843896,0.03782748937417034,973
0.01331946932185977,0.03192865434816317,373
0.001415583837011542,-0.0009970550162531821,1275
0.0,0.0,1358
0.04104643602161578,0.03707847473327837,258
0.06673816591636166,0.017083677525552718,730
0.04130889490317368,0.01902916301623995,764
0.05477898787158804,0.05066479976149519,639
0.0,0.0,1323
0.023537692124188807,0.009937352709655786,868
0.05756866644505947,0.026549291498860397,380
0.09419872858655652,0.04040122087910469,225
0.12029164837664456,0.030571794961059204,7
0.02229194563078311,0.02125836398881334,1221
0.0,0.0,867
0.02082492249750227,0.017802220120502345,852
0.020118700326405548,0.008095571589701098,1115
0.03894780311030998,-0.003601889070397134,799
0.0575214578370025,0.04739433217500093,511
0.13500204441733438,0.03925568683077076,434
0.0,0.0,1124
0.012892965073030742,0.009594324737699892,1075
0.0,0.0,1339
0.08409040753947351,0.019920568448715578,480
0.019255325927159752,0.0024268459984479645,1284
0.02367330384264058,0.022160033169681737,333
0.11197678765266363,0.05589726255383988,124
0.08345014369084984,0.025518717024692335,62
0.012067253370255914,0.012805938104702382,1281
0.0,0.0,1316
0.04356722136215987,0.024643688133131378,648
0.0,0.0,1642
0.08169973754151484,0.053715426415775716,258
0.026870897527780935,0.012314150051665071,1229
0.0,0.0,1327
0.06148623481643757,0.015111275464775737,627
0.08522584228420413,0.021640847838017466,815
0.18215391333710826,0.04554858833205214,155
0.0,0.0,1616
0.11815498604148136,0.11603624569523893,332
0.021009068692659106,0.0379607546132023,330
0.0,0.0,1583
0.039820446948878006,0.016545208279368933,1020
0.02715649077879335,0.024965647699918606,1022
0.00878658281114839,0.007959751391966146,1474
0.06738125906987326,0.017077556424511302,1047
0.08482506614683925,0.030956149718625987,369
0.04821912037162924,0.030905239660433088,822
0.10007337421662309,0.057927932448786065,768
0.009963996504442662,0.002041545236187718,1470
0.0,0.0,1663
0.02365376115322502,0.002846484405803076,1065
0.0,0.0,1490
0.20380613001549805,0.042164959232702824,356
0.20640576387645906,0.03353958668156707,426
0.11546625745026516,0.026265114622516638,646
0.011074886290930301,-0.0003199350893437357,1054
0.0,0.0,1617
0.2624602774699873,0.03000018647725412,113
0.06302506696853817,0.020810173904319895,132
0.1090143145530531,0.04020228666081496,365
0.08019334970290472,0.02172244648982475,575
0.1408328712391976,0.04923992227006654,91
0.04584545392264805,0.039891968428398095,621
0.0,0.0,690
0.0889446199201192,0.026891601486021398,43
0.0,0.0,1638
0.14185670010566487,0.0885556213484487,471
0.056274402723521404,0.03172851862175709,768
0.07777804603301001,0.04734833264122814,273
0.008504085645609198,0.013425311659584894,358
0.05431124250395679,0.054922506278053417,863
0.03636517784567948,0.07443737830342456,323
0.06083451627767122,0.033164413120023,818
0.06051472475457119,0.009825895339512074,1216
0.03125630536339421,0.005288855612922962,456
0.1403181152163032,0.02140186695194909,207
0.034194974558494996,0.029432396897299415,546
0.045172940264973926,0.03401546596772056,259
0.0,0.0,1638
0.0,0.0,1651
0.11434272678802027,0.05751895164201874,410
0.17078024661147187,0.09204907222537473,128
0.13624148943997602,0.016796888840912,522
0.0,0.0,1185
0.042086857685591984,0.03506990229131295,353
0.2216598777786151,0.0731727257601497,565
0.024098246211252162,0.011286528843483279,1128
0.022050088398565027,0.028722430198092255,951
0.16518115339926545,0.0036251985181159187,203
0.0,0.0,1475
0.0,0.0,1279
0.14794901598018928,0.02901810804676946,47
0.0,0.0031863301135898843,1345
0.17830462029358837,-0.00955722899188364,356
0.028632433227329276,-0.00069848810437527,375
0.024356549333884595,0.022160258149122227,803
0.11697253421262933,0.08861292647247136,180
0.036249622123776325,0.021816694429606577,1410
0.0,0.0,1595
0.09096060077963676,0.012779753048896933,224
0.045071011133778774,0.04445114650147676,253
0.0,0.0,838
0.06319744381669129,-0.0014231255259639468,1187
0.07609700331748474,0.03617304785233647,443
0.0,-0.0008691290965897597,1465
0.038786057975540175,0.019314951728124405,1069
0.2123832614287311,-0.0012887615930191612,653
0.014560443758242815,0.023783816189837267,343
0.03886640607961965,0.019780028005762507,1438
0.0,0.0,1449
0.0,0.0,1569
0.00402120925423136,0.0031473566691577947,1250
0.0362337955112887,0.022075850375406873,736
0.08300686286360198,0.025502870908179293,484
0.156282613844726,0.02379585259541576,944
0.0038191717694056847,0.00045962403832582055,1315
0.006395859804698148,0.02779753881714884,308
0.033760934156054405,0.04766754692563429,675
0.0,0.0,1548
0.05616260509620599,0.030091997563585528,748
0.1293943605750936,0.058026693370138556,655
0.028847381517248822,0.00470024418825899,1133
0.019285752412510366,0.018619524173893096,680
0.049602314549787065,0.06137309858750725,878
0.028953335938165632,0.025044699448428763,669
0.11909719657362655,0.03611585296789115,493
0.015497911906886246,0.01095615818288226,766
0.03339810400018787,0.013241843198252213,1230
0.045267334852140295,0.0065111494033251,457
0.0,0.0,1484
0.0,0.0,1630
0.10963391465267529,0.014593237988089853,119
0.0,0.0,1492
0.05707547531849862,0.021066648270934882,1020
0.0012270046317518074,0.0010555948655760294,1189
0.002546155534530735,0.0015839731229221135,1367
0.13036957654493944,0.05816178329254377,201
0.07527177418633159,0.028503109276129916,292
0.06041634949784143,0.010628411473796317,460
0.0,0.0,1679
0.034623759877236995,0.03132075815014362,686
0.0,0.0,1459
0.0,0.00024762133512412654,1648
0.019347666422747097,0.025663565270227562,350
0.03167635308994951,0.021037382371382307,397
0.05079352649925294,0.037554150133156536,870
0.0,0.0,1149
0.07808712315210044,0.06667547968360492,52
0.0,0.0,1518
0.07999513314687862,0.029983850634668737,719
0.02222645067421356,0.02635904461280127,1494
0.1259389638700333,0.0033196804846160116,731
0.044876224448225956,0.01833743249705464,288
0.007644467106674933,0.005565550420335474,1334
0.0,0.0,1324
0.0,0.0,1368
0.12791814993055997,0.017557840652895295,704
0.0,0.0,1154
0.038358821759368535,0.025158096429595402,942
0.030705634249724667,-0.0054148443953533016,375
0.04509126216906223,0.003091742264164889,950
0.0,0.0,441
0.0,0.0,1362
0.004017343918283078,0.007366975034838878,334
0.1267348264801068,0.061671501648581234,565
0.05388726064534711,-0.0058445640277675695,562
0.03281068347466207,0.02422559374986132,1096
0.010569095786694585,0.0015793155015473713,1638
0.035983575738736874,0.023496284572207805,397
0.07134777839469002,0.045690280583449094,383
0.10483017092371813,0.030876107204802675,419
0.018195169396862765,-0.0017118747883051138,1146
0.10389929205057426,0.05601043698906301,156
0.033170435012637486,0.040601522127556286,1016
0.0995842224851807,0.09761302415468959,0
0.0,0.0,1320
0.05687480968109274,0.028930208216019018,355
0.08995474447547257,0.05645015826077182,824
0.012165793372991292,0.0050471154136996245,963
0.03178647094635507,0.013857313121356338,794
0.0,0.0,1359
0.12585757193672864,0.06977440064183406,52
0.164059200824062,0.08180007264694568,10
0.20570054402100996,0.0921613575495874,264
0.0271846361858853,0.010578479166162499,1152
0.0,0.0,1526
0.060049146746012694,0.0058368587153094205,612
0.12209093119468296,0.024847524481553883,528
0.00973360861920118,0.0048043516694727395,790
0.0023525470905988648,-0.00013566010673248807,1458
0.0737030433250812,0.07532990206167704,1011
0.062159882974122276,0.025765180778184637,608
0.03428614456289784,0.02120345452439963,894
0.006997787157499081,0.00259534029196695,1150
0.09228985813743425,0.021956208975916977,1227
0.0,0.0,1595
0.15277480922676412,0.07435800672645998,142
0.08808240539529591,-0.008046006218628587,480
0.023086158299797682,0.017312504089807664,875
0.05627321446119822,0.0002869712978820685,440
0.0,0.004545400935161334,1644
0.05658738288570331,0.014820344905945396,539
0.015015225374448795,0.019027786131519807,307
0.09738598021120477,0.04855688680227244,672
0.0,0.0,667
0.04993754506056026,0.030555273451769508,378
0.06882618075684185,0.014079686093117163,465
0.06908689374170539,0.037480605964031286,968
0.0,0.0,1394
0.02614003978570123,0.06396719046050402,960
0.01868129101807567,0.024620148150216355,354
0.02487702088016028,0.014524693079936923,970
0.06521756694729901,-0.015826208548116096,405
0.002682374536029537,0.02154955235132377,389
0.18127125029744606,0.0419660123685106,97
0.004063742294453546,0.009322188590579202,1237
0.006820328744751401,0.0012519981585883085,1030
0.03570120985207231,0.010812708654616579,863
0.23413635362007756,0.04469973909754238,198
0.03350515663082015,-0.001995268095432357,1090
0.0295580904763746,-0.019926599349579886,298
0.10975505901722958,0.05187295959458244,524
0.08116461629386923,0.003341785521780954,24
0.0,0.0,1555
0.04967890942099941,0.013609002674051171,345
0.0489817901244424,0.014452314712359799,1109
0.10314252316490932,0.04824675324688918,691
0.05962880061760845,0.04569631523512343,894
0.018098806948486066,0.00722222103801055,1448
0.08069667528952167,0.076893490026727,714
0.05748167645464527,0.03395754649987491,139
0.013461738400604365,0.015261075221207752,1003
0.06123401728581363,0.023233579199583798,933
0.03043856969127064,0.021472986847911546,757
0.022957866793751624,0.014802193058703174,744
0.008380088720364219,0.018937790329223072,901
0.14984667869757382,0.03771155421182515,731
0.0,0.0,1462
0.0,0.0,1026
0.023346881399892935,0.010881833971628996,1088
0.011385774662896683,0.028545997199199948,1521
0.03855506503992434,0.01249646703576256,1075
0.08272635522341205,0.04357006069325697,23
0.1135078416235668,0.031756437568708995,474
0.08094439508463949,0.03363155364323876,670
0.0,0.0,1631
0.0474949385170109,0.03639955646116927,464
0.0,0.0,1408
0.08242968393547309,0.01573480446097195,431
0.0,0.004621341678923947,1025
0.09441043218991607,0.032669761786276966,60
0.01715642742364031,0.022523690143466214,33
0.007206996832616991,0.0027087337885881003,1323
0.11934475356337325,0.06631446438175066,7
0.06305466611990797,0.03482564038123868,647
0.026957275918781665,0.037164289674066694,687
0.14139517022332454,0.09187723340820575,46
0.04239839905413478,0.02570856853569624,968
0.012236389384463389,0.015482064186961865,957
0.049507270699835924,0.011760466627917774,502
0.007509477318890874,0.011127117754486522,1301
0.009659820622612895,0.026275016637556887,308
0.050948008893385084,0.028476357513378868,26
0.08701250081368596,0.03397175394018318,773
0.07148526749691121,0.02200389139944783,611
0.15999689895195274,0.018200770653090684,653
0.06788103801492218,0.0315222137731136,355
0.09974026701819477,0.05478034531851668,159
0.007142623951222679,0.01090640132548096,1312
0.07197738148933383,0.03381597127218324,456
0.04754256097166278,0.038054338716673956,4
0.04759653640382191,0.003912596092495387,465
0.06863572071911153,0.04873356487040798,23
0.00030860151668613613,-0.0033128404600917104,591
0.1722998873484432,0.0027975001788089916,186
0.031539633676929475,0.041760849592550095,1472
0.015718710301269794,0.0037022859405934664,1231
0.14673465367656552,0.090090856171842,120
0.07930120157247307,0.015439789302927658,92
0.2055876886251916,0.09464813401406756,933
0.0,0.0,1540
0.057931243953125613,0.02090165547511291,465
0.09634811608270022,0.06068934823279019,595
0.060702516649515585,0.02932790059176799,767
0.09987026821723506,0.020886341446733642,230
0.11264768270566232,0.029178380208626935,1027
0.03782525949556384,0.014749607050253794,1007
0.0,-0.0028056651172316013,1558
0.10085702982205778,0.08479464964378687,968
0.021972605098462265,0.004725450454270656,1474
0.013024762788655662,0.02037774048779643,573
0.14918271503243985,-0.0011528476343251551,22
0.009190499319324818,0.024087622688606345,1198
0.034796000507957,0.02197246915012002,564
0.006000262116322091,0.00767176837364597,1521
0.0,0.0,1580
0.21212021951311405,0.015896021589580093,133
0.0,0.0,1253
0.0,0.0,896
0.007790644125164044,0.00648706074095116,1222
0.0,0.0,359
0.018567870092046176,0.003604966454627623,459
0.06295229896879519,0.026010074394781466,4
0.03574263412459822,0.02232917636998604,722
0.13361142369783285,0.007216283831089295,658
0.08014044650680156,0.020874619543983227,151
0.0,0.0,1624
0.0,0.0,1483
0.004566073780061661,0.005756790220310017,1093
0.0,0.0,1512
0.05849490435723776,0.0015137668042806023,1266
0.13026558496390359,0.02306809323326083,519
0.10829991649315648,0.007460774349097855,316
0.025049587981396986,0.05147720299433735,34
0.038326575715870906,0.021311556276891023,800
0.018496776321367158,0.011785588828870423,884
0.0186807885739456,0.006988790554334486,1186
0.08173481504281986,0.007675588334714724,768
0.0,0.0,1428
0.03511315851545834,0.030126966349690972,331
0.15124827486189285,0.09265254047252665,312
0.03698606157685663,0.024345088467325776,1087
0.09133376440808684,0.027894643483884988,754
0.02998898310154676,0.03256457799532472,1091
0.022203292108157326,0.027784673181443002,129
0.09876722282225231,0.04090947016181698,183
0.08003967351547508,0.025255918441915663,217
0.024433382910205026,0.0039012947071218073,897
0.15372322877933026,0.019735695315521398,169
0.0,0.0,1480
0.055332298266721,0.009080370325067831,588
0.04336252431324721,0.001016079019615739,796
0.0026720962015685627,-0.0007993661507919557,1183
0.045092183296492,-0.02087647381084824,832
0.016180649254407858,0.02547580290575061,1264
0.13541802499741243,0.027427168814159197,312
0.13165893777410434,0.08246011854219773,147
0.0,0.0,118
0.0,0.0,1318
0.045672750137523886,0.030793082891118997,1011
0.012192213518658328,0.005916060779501784,1262
0.0,0.0,1328
0.017534982355301945,0.00672170628837803,713
0.0840913623283495,0.041646905709691186,144
0.0853030694300656,0.08020040470266002,234
0.048580316392567505,-0.003601174210750843,777
0.028277093351690277,0.027367143987206206,546
0.03614537482236173,0.02779539410441162,835
0.0,0.0,1562
0.0,0.0,1572
0.0,0.007091814448875421,642
0.0,0.0,1113
0.0,0.0,1397
0.061178138550257444,0.03763641174038142,589
0.06212372657891064,0.02107784541701005,539
0.08506863372407483,0.025856708836737127,240
0.060507844941091196,0.04427000456959836,1187
0.020531902212511246,0.007809036259224114,1313
0.1333021460394831,0.03336021291767814,79
0.02019736910283645,0.011898607086858234,811
0.03604053078792906,0.017083369451916186,1208
0.009725357165254375,0.012408806593280291,1042
0.02894092710023299,0.006977774573986523,1087
0.14923042243308657,0.05143735170224172,519
0.0021543613215228496,0.006013592142243361,1076
0.015396806390118142,0.01470190864397739,1050
0.0,0.0,1381
0.027611462631048515,0.031877971332342575,1078
0.0,0.0,437
0.11805785338800717,0.0383059651546622,596
0.010778662358039115,0.026314099323667916,1092
0.0,0.0,1308
0.2879298323597108,0.16712586582096897,167
0.07246767303594037,0.04340066150646574,377
0.20251492502871077,0.07883598869943229,442
0.09085100178900557,0.04985802561415573,610
0.0,0.001748128080403846,1325
0.10064809956743473,0.04886027136090215,824
0.03494675529863896,0.00952064975898761,439
0.02336700489617381,0.04679808954097269,252
0.022371933133036915,0.00697573175260278,1284
0.0,0.0,1350
0.0,0.0,1630
0.20607341353913644,0.07813127562617483,46
0.16605639653467852,0.06885581871122157,508
0.17915379657137698,0.03548123834936676,481
0.0,0.0,1525
0.02334334428401227,0.018958857783062562,892
0.033500929252745816,0.021888033951874265,682
0.007229952171877956,0.0004925577379191875,1520
0.08687977296466741,0.05464759048050315,89
0.0,0.0,1506
0.024522559219173966,-0.0029385117897444053,1078
0.0,0.0,883
0.17652420804698654,-0.009395158338527602,181
0.04546549336880779,0.050756705906836314,270
0.020488690390093107,0.01864596435094763,951
0.009854377142528282,0.024209009582547687,1030
0.056050500159173997,0.01805856145018844,1193
0.17912690447977753,0.02255145456541227,224
0.026412482416757196,0.03727793608118734,947
0.0458817747324551,0.017130912274330296,1109
0.0,0.0,1613
0.0,0.0,1432
0.01318528383270599,0.023961090417633436,1281
0.030033973521248165,0.0035590784264129785,387
0.08346197234802448,0.01622339833521851,709
0.0,0.0,1353
0.0,0.006223002369025488,1556
0.02838269093829502,0.042574457617361616,873
0.07719914172557071,0.041378914927652,147
0.15118277889709783,0.027297183258907662,392
0.04390745063261773,0.0425227765050145,1064
0.09669983643022023,0.04200263168958641,863
0.06254149037128366,0.04203754319576539,777
0.11956847659926861,0.01653165962274457,372
0.027799927503676703,0.02357483924112511,494
0.0,0.0,1366
0.028375967117528975,0.026198631683577795,1443
0.012651824359490495,0.0002322723608674143,869
0.018195582976429207,0.024117059814359194,349
0.016396591037050302,1.1282810481688898e-05,278
0.09893770521506458,0.053900216274247084,89
0.06184820210130612,0.02276476479056598,571
0.018436089969803025,0.006481849665488673,1296
0.15932630993591584,0.03233455913716232,168
0.09519914585051224,0.005451253884696813,296
0.13036869258744613,0.037568479001290435,225
0.1333061379437047,0.02833686190846191,509
0.03060630665736788,0.033370920012180935,439
0.045136980572843585,0.02855796017646304,608
0.04877782661854918,0.03151511951323637,1053
0.02624061044852202,0.019966930072427655,604
0.11239017797728877,0.022420936227247317,174
0.14275322671862892,-0.003978232071610211,169
0.04628470176281576,0.022444567516813417,623
0.08580836257372926,0.004495565139583053,400
0.25696099615115925,0.08400124620557463,37
0.0,0.0,1253
0.005833037220230205,-0.0026223479927391814,33
0.07623292881210927,0.06119046955078016,110
0.06894644596920343,0.02622872298619645,489
0.0013566058041068678,0.002115642878207177,1528
0.005893199252758294,0.005152249739480043,266
0.0925070985409219,0.029536193596106926,432
0.049363511977132186,0.012724005645732093,583
0.03472460758235629,0.020278063724270018,1096
0.04773581238575596,0.005284505135046379,1222
0.07058826317429474,0.023806753062159337,290
0.02926601661037017,0.01059981854229141,1284
0.0,0.0,1431
0.0,0.0,1503
0.09491404050530032,0.030847221726878732,490
0.0,0.0,710
0.04033819765475016,0.04465013872262674,561
0.021921761483365533,0.024815372687961367,668
0.06875151067061351,0.03332861580356556,974
0.0,0.0,1632
0.03303094919558689,0.001766790466260554,889
0.02335100350019814,0.03417472416426923,1033
0.014382835793749403,0.017004080463002808,1003
0.02381103298169563,0.015391953035540784,278
0.0,0.0,1233
0.0170043888264984,0.03038423705361654,360
0.02360233057861848,-0.002736678056965463,772
0.15952562743804968,0.04056096502016245,209
0.067610185317626,0.03389542740402795,460
0.005544176556039007,0.008436833902438377,850
0.0,0.0,1635
0.0,0.0,1354
0.21728714382521314,0.051128109765677235,179
0.11125911496930725,0.05659480850121651,98
0.05785625462796689,0.026266564329272213,475
0.04774463181696765,0.03592516196332343,140
0.0858100749961014,0.045840383629960686,471
0.0697475594528847,0.015408823694967143,398
0.0,0.0,1665
0.011100148966536697,-0.002109781219329386,907
0.06660741483142936,0.058098297947022856,751
0.028248668461217357,0.007961832769474516,353
0.021196805379712396,0.010664284579694192,604
0.08341248364730823,0.053236043220696555,687
0.015662091876009195,0.02207236578940692,1203
0.17632665305832906,0.07087066372552682,431
0.10835291550097091,0.03484366952181388,641
0.09200069665793294,0.023179905841334263,204
0.16341621474156082,0.0609009866894473,174
0.08500680356142572,0.015081337896645654,655
0.09905297117979137,0.04185963822316118,844
0.07538274011387121,0.0631590053898018,122
0.12060747137590032,0.02641900861575146,113
0.07059074516597263,0.0499143324883319,291
0.0,0.0,1259
0.0,0.0,1405
0.057144012840271666,0.08070165673920657,682
0.0,0.0036381501465069413,1650
0.0,-0.0022421415155444943,1538
0.08218874169284344,0.030791969745945186,146
0.05991476372631478,0.010128528800098291,576
0.12995119817181167,0.040234756795468826,1
0.015593742754516693,0.01967336254857951,1218
0.06144065565555374,0.019935085079125583,870
0.018767128591462096,0.008590085339384698,423
0.23266208913320574,0.13989263026520224,172
0.026446110007627192,0.025060473142425915,1111
0.038073209603875564,0.03570823572952415,886
0.06573931294645173,0.031229528615526685,636
0.0192937658546096,0.005138629365185449,371
0.10936874248819785,0.057520217430718015,595
0.05983497928816465,0.035778553325814505,645
0.09785402702556639,0.07077112408639656,80
0.09446348758117959,0.004090603139375994,301
0.09200021487596911,0.04412902823545287,92
0.03775139402494378,0.029405351191914616,711
0.0,0.0,1634
0.158165674104133,0.08982227441160262,93
0.10226890398787031,0.020771694331495907,513
0.0,0.0,1489
0.028578372090927725,0.00507394347024169,1029
0.0,0.0,1447
0.14476431355872962,0.013648420912730393,7
0.09886863630992924,0.02915130899118665,530
0.05070428041284067,0.025465943810061908,1410
0.01904214478660551,0.017594416075548378,713
0.03583263054721831,0.020021180153193652,729
0.0024436496932529507,0.0007153216139943525,911
0.02105487588071344,0.025201062341012707,873
0.0,-0.002381058302295044,1633
0.025588130108844163,0.014510488851796557,784
0.06691893956753062,0.03102856640141315,1216
0.0,0.0,1154
0.10554915413825705,0.05122768767236171,233
0.03032351644799632,0.024635610055911472,937
0.014233058067896159,0.013762892068123382,1186
0.061481957639889985,0.016823253794257406,1310
0.06498665842818803,0.0351282407900093,468
0.012246309693143933,0.013893249154733474,1391
0.07093153406795848,0.03687033582775384,9
0.01986161705265332,0.01322756452211857,786
0.1323011375100787,0.03169810821304821,692
0.01265250105852292,0.0036404343808913425,1164
0.0,0.00043832036030712964,1643
0.011810461813311956,0.01136484612573203,881
0.1597067272199968,0.09466848252128723,87
0.039593350127686014,0.02946069718104759,1036
0.0,0.0,1437
0.027399418247579004,0.016863546956309115,1031
0.0782190779365485,0.04517216725056709,454
0.015119237271883442,0.008583016648019559,1099
0.014994412849404,-0.0018389274262346107,996
0.048458851081924506,0.01712542239333187,463
0.0,0.0,1582
0.07856061151914599,0.003306780684724987,727
0.04070301726506154,0.0247682364536219,733
0.009901817779671473,0.005049420231868578,821
0.042969081749711875,0.02073682499013348,600
0.06180108347399256,0.012842533837533844,164
0.03186504100191888,-0.0031660702034529533,1150
0.03131763716831049,0.02550489752285248,311
0.08711419529149605,0.03052449367143616,213
0.006696089718217773,0.004924861909474759,340
0.18933919797957866,0.03636883808890727,171
0.06128495363349456,0.027441167362168534,440
0.07357227052856904,0.02982180878144682,468
0.017775519175810734,0.0033946623547196765,1479
0.020365209071476747,0.03673028591822126,111
0.22057112828722722,0.024614593187166325,426
0.0,0.0,1665
0.0,0.0,1352
0.022482437940697948,0.024392595617842953,1217
0.025460711686922904,0.04116929747632331,1151
0.02877497585687059,0.011173283528686684,1024
0.016411086533253377,0.018828730916194535,753
0.01803816228944192,0.0020441864785905447,1178
0.03268456611506313,0.03941297467084484,1243
0.034521649322356913,0.03358787862582933,815
0.14737741798252377,0.08645704282425619,200
0.051917165527213795,0.02887624617728066,674
0.06245132306518551,0.020418863635456908,1065
0.004990623870786845,0.008028065330182282,993
0.07182640223538782,0.027396095498891517,486
0.0,0.0,1258
0.0,0.0,900
0.03471157749288152,0.02682724331558444,1028
0.021785621319639382,0.034120815033347726,987
0.02420023552039874,0.004719517135088601,1108
0.10567091783902477,0.02084050297495336,822
0.0,-0.01691771747343711,892
0.004853695252131179,0.0011669944834655909,775
0.0,0.0,1371
0.0,0.0,1233
0.037569026673885036,0.04668252834680224,988
0.12165771118083926,0.06821867445761862,236
0.02295253838188418,0.05397510342078122,949
0.0,0.0,980
0.0023429212536029724,0.0031486449952581826,911
0.017328589432725996,0.006695886404056999,1188
0.1158795955356486,-0.00742379550373787,230
0.0,0.0,1341
0.027036270009369718,0.012994483001054912,1223
0.038022581494735724,0.009782992515517305,1028
0.010330655317116718,0.0032694157652184727,1218
0.0,-0.003267320856743017,1352
0.016806138292453705,0.05009712302584615,905
0.15296792264812412,0.03097776458904637,196
0.029696910049498107,0.01772999024841463,1343
0.04923805135582105,0.015088996402616918,845
0.0,0.0,1593
0.008242344392979816,0.004458026868327252,1084
0.0564995361468296,0.05199900549070065,381
0.07026629324838257,0.05979200103130759,400
0.0674200313559172,0.02188250462634381,506
0.01912958203826404,0.016558435301980392,1050
0.06896143051150723,0.03393610133826119,698
0.054042905951109776,0.016552911159285106,796
0.0,0.0,1419
0.12157697095385613,0.05198133722245681,85
0.0,0.0,838
0.04666295743950606,0.01500105018418427,485
0.10614051360619998,0.023341004301322146,230
0.004494495829017776,0.00449427700201482,1534
0.11970729179553886,0.07604186310106333,96
0.020947825565058937,0.021512533006240356,579
0.07709655210431077,0.04921864265650055,39
0.05305937960376078,0.01592475578605683,1193
0.02740548560350548,0.019322203052697544,1114
0.10988896347018598,0.033374936686515,601
0.055995253984015524,0.021260652239636822,1266
0.06771255329466837,0.03501983170790314,970
0.009663422695808964,0.00045635790585351227,111
0.0,-0.00034006033171741796,912
0.1509977087347166,0.048855043655346334,43
0.05010374593815688,0.0647883151634976,1011
0.006045395536536077,0.013412056820631763,1098
0.036548163129659764,0.039891051286245205,901
0.017576286097279705,0.005327879109611135,129
0.09435051926747803,0.0008393513230078968,379
0.0,0.0,1346
0.050918575113430786,0.0105066409588248,721
0.07811935763097494,0.07327170163838642,762
0.036687427496871254,0.0072516157836522484,793
0.0038596642898345926,-0.0031892470055942443,593
0.03335237089566366,0.007070568299391899,1399
0.056652826390808764,0.01823959217182877,808
0.0,0.0,1620
0.055274153619265035,0.03586729656014211,100
0.013014388227769147,0.006976730695607646,705
0.0,0.0,1339
0.09353569454748162,0.022475856748001486,315
0.05083141712464794,0.0397788182673261,695
0.05010871401677797,0.05934035209656076,411
0.033251331813218474,0.028418854162970148,572
0.0,6.382786155451752e-05,1405
0.0,0.0,1129
0.0,0.0,838
0.03616117323082131,0.023716333590230346,807
0.0668162210661617,0.06642855453008466,256
0.16315379071694183,0.03630262673398972,65
0.017591530255443296,0.030296580788093948,1165
0.06369026552397189,0.04102890946995813,331
0.12498222384709123,0.052489845441363314,505
0.034456967777202266,0.0015418312545545758,576
0.055367621468981776,0.03140135457484698,637
0.046647866394259836,0.00420501473321102,977
0.2567498352942641,0.005258182823123941,173
0.04922142852545247,0.047615729750007774,325
0.011492488361213285,0.021174620827421255,717
0.028491990913661183,0.04637520377109496,950
0.0,0.0,1569
0.06318801874901298,0.02850431904576027,789
0.0,0.0,1308
0.24529724088359592,0.12817317803992304,126
0.041041631597835214,0.012357428104535103,1006
0.005229116606800032,0.015151286381409827,1472
0.01423670572336256,0.014946842043300837,1277
0.0372040258629119,0.03180786060495989,276
0.09387426610730265,0.004444875898075953,580
0.0332963115419088,0.031450586623079944,546
0.02404083428919587,0.023832866830683443,1133
0.10588781360458972,0.07403230619078087,628
0.04017015705894537,0.018233684313209667,570
0.023997758207658617,0.0011245898430910324,1035
0.13543530727756353,0.012914458983465897,191
0.0,0.0,896
0.0565622953578346,0.03495955758427334,852
0.0,0.0,1352
0.0,-0.0028056651172316013,1568
0.1957523349036426,0.04691164630838195,567
0.030525347363754615,0.0324567077497012,353
0.0,0.0,838
0.0,0.0,1063
0.09881711201381002,0.043305582861925464,745
0.0,0.0,1373
0.04813460933726246,-5.0059140076481796e-05,930
0.06681731452424754,0.046434475173370085,574
0.020897742688913173,0.015561787790448924,1110
0.0,0.0,1291
0.010595655769549399,-0.004444081487348088,1198
0.0913961430890991,0.041424942767600094,284
0.016043557419965042,0.0144925911872823,1494
0.10514539182498017,0.05590006807141909,283
0.0,0.0,1580
0.08693834936778186,0.06862577982848211,247
0.0,0.0,1460
0.0,0.0,1527
0.03570262124205095,0.012132187289997948,1298
0.24086263623170845,0.06353940127951418,185
0.07003470435281361,0.039462698949109594,577
0.004177141744300404,0.0038392090900623583,336
0.11477636093498779,0.07889014624106025,714
0.010735456628404475,-0.0042553418336520625,1479
0.06599535119654688,0.002466700952526321,439
0.08698235168556567,0.0049572916978983745,461
0.029885928006579254,0.03204285340265015,1375
0.017866781133017196,0.03522332141887712,885
0.025538628424452498,0.01989525941067715,304
0.026223019830509942,0.01323483387451286,757
0.0,0.0,1610
0.08610756993841184,0.028528712709466098,952
0.13349777407179755,0.05274250660841337,214
0.0927611876564347,0.04038021825279719,673
0.0237446844041474,0.020577026919858504,1097
0.20819401275869398,0.014505322977764842,182
0.0,0.0,1585
0.024998774479270867,0.023338894066824725,15
0.0,0.0,1609
0.1599072404078918,0.049313526741955625,447
0.049906611625785385,0.01765634747184781,569
0.0,0.0,1315
0.032215813330658476,0.02491620773091598,1060
0.0,0.0,1025
0.011790416055069705,0.012244685590111895,979
0.053805276480320484,0.0407200484891198,848
0.09674737286312707,0.05955577684662188,224
0.0,0.0,1082
0.25738788475717156,0.11151984267703002,55
0.0,0.0,1601
0.018656889956518572,0.013134179057424138,1424
0.0,0.0,1274
0.13639659875456117,0.0593739630549756,239
0.0,0.0,1485
0.04601233573276603,0.02262869415697927,760
0.119192333887116,0.03728916875482317,446
0.003851414881494816,0.0036816330236611036,1081
0.12449936663259194,0.061830365706136724,96
0.021703022101353258,0.015934221313708162,921
0.0003528310065353922,-0.00304838498855966,1061
0.04669266903191974,0.025307756914603453,792
0.0,0.0,1543
0.0,-7.771527139246475e-05,1476
0.1331776008718416,0.09890504406767765,270
0.06148997442876593,0.03368679632826943,256
0.0,0.0,1145
0.07954059056407616,0.04125029556584438,290
0.0,0.0,1597
0.07272160781676684,0.04052978169935059,224
0.022493122023663478,0.025424386315453577,977
0.0,0.0,919
0.010822841205292947,0.0036492766652330235,1479
0.018608049891740804,0.009409743439226364,1048
0.060627868558203374,0.04575921502147607,939
0.026342563453628,0.07405140735276904,1036
0.08534693179807044,0.004069126275940465,472
0.009667354364058946,0.006178929348704426,995
0.14342253112547715,0.04184558395597723,594
0.0,0.0,1643
0.03826418239031535,0.0167804018955128,1006
0.01636357382338579,0.007006234656020489,834
0.06909782893096023,0.013902517734856018,789
0.10618903715218027,0.056551012016603196,384
0.11204917294735225,0.023807049826406662,434
0.10016977855190311,0.01350293039606222,432
0.09129692215573819,0.015550753747520733,89
0.1380530656936363,0.06189387249806013,927
0.10660198198231262,0.05935320580678857,215
0.05583165441275551,0.030234400373056265,1050
0.17752384822332376,0.02308017018295028,207
0.10134963049916966,0.03300577560197359,418
0.045696100547050034,0.04114074791711952,878
0.040290109219037105,0.008386566556339363,164
0.05453922782786442,0.033300133578319034,486
0.04033620528930804,0.010403120304745656,1248
0.24957697714591429,0.07098763412200536,526
0.03408884282314556,0.036476831808641814,1290
0.0,0.0,1503
0.023597572176520316,0.013688848673974319,729
0.0758624701258846,0.06905456960805827,228
0.022309152162152877,0.031228499869992456,298
0.02149977141230933,0.0033756607846649428,547
0.021369217942425318,0.01901178649960576,1287
0.09005328235800655,0.027818612008308114,280
0.0,0.0,1409
0.0940010103151093,0.07993346000993676,343
0.0,0.0,956
0.016233765360955704,0.007189259293990738,1231
0.01705668762811315,0.032313231682051545,344
0.19396414848370455,-0.04327010074715146,11
0.004855406921620898,0.006591251829479524,1199
0.0,0.0,1357
0.03021355655182081,0.023507160244309086,826
0.15618936972630248,0.05571608393831141,646
0.02367330384264058,0.023672691470685018,884
0.0,0.0,1677
0.0,0.0,856
0.018769427127528614,0.018920552275513793,861
0.0,0.0,1402
0.00768289709410198,0.00400875523907802,1199
0.15115681288769028,0.012258952418146993,203
0.04279289698893126,0.034424523036568906,364
0.030081672475746876,0.031022728346324788,878
0.08472579085308495,0.04148999005245889,212
0.2383546827174435,0.04999850002303044,383
0.10399532432376185,0.010534597166949126,156
0.0,0.0,1416
0.1258610809433725,0.11340622759396062,332
0.0,-6.875034902761787e-06,1387
0.0,0.005408808134472571,1306
0.005188681039441266,0.001192201767538789,1001
0.007828451736653728,0.008250474594869626,1261
0.022953243965664654,0.016010693611630756,811
0.036907839950965506,0.027673865566672153,889
0.1695409995492415,-0.0021984838898373043,175
0.0,0.0,1291
0.025058549858365975,0.03691339905552298,1029
0.04711396532535062,0.013241262884240839,77
0.0,0.0,972
0.032478491885154885,0.01689135971758015,868
0.09156365600349049,0.01581783467846266,490
0.04640829494717481,0.019070838134666708,624
0.006121760522137501,0.006415250833774831,1042
0.009528007122186136,0.012474815656388197,1425
0.06674183180754367,0.039081694999931846,1034
0.020891396110827888,0.006498866177950145,765
0.03467689629936963,0.01610157182321405,106
0.006107707114299621,0.0070838236814070275,1067
0.08853997713707425,0.09568716887282847,221
0.0,0.0,1442
0.018662859069535433,-0.0033351905218536393,996
0.09963802148924474,0.02078866385548188,378
0.0,0.0,1190
0.010084425014204559,0.06097545214618712,129
0.0,0.0,1332
0.0,0.0,1570
0.03848205550276088,0.013540774135087395,1117
0.0,0.0,1412
0.04730940503549114,0.03573086963991034,645
0.17433935418577354,0.06477907342148782,81
0.018386386579640913,0.00597710799365935,1217
0.0,0.0,1655
0.09663250145739971,0.06847645663474278,558
0.020014370397829072,0.025201756494105523,1283
0.027272034726955805,0.040398431511058,554
0.20276396935651328,0.058535741857541394,41
0.04278546425002561,0.023977122823789894,855
0.0,0.0,1304
0.06732756406168183,0.03471473493685554,560
0.0,0.0,1505
0.0,0.0,1626
0.11021029825089088,0.06990031296075458,312
0.02534008399014085,0.02837206365890328,1243
0.05208807295444384,0.032390640072727316,541
0.1255371095803451,0.06320586749512866,448
0.043453357361480455,0.02827534952986587,405
0.11305321073674246,0.057165185720427746,57
0.028081436253196236,0.022543620702595163,1007
0.0,0.0,1662
0.04207027201327,0.0013398723390626967,799
0.0438009853886882,0.02331550499832614,499
0.14393365612895107,0.08376243294969841,400
0.09492455920330903,0.030731362383978948,741
0.14988780754853193,0.03821549705643444,503
0.0,0.0,1483
0.017406606550887483,0.01232806198623424,884
0.0947488978943494,0.06866199919657817,507
0.020099517207490068,0.02232776995893462,423
0.0,0.0,1650
0.014659260072596025,0.01674602375010334,679
0.006991101665308986,0.005520778905183956,999
0.03277514808020548,0.029872129187420375,637
0.006861442585138427,0.006842738062749166,1313
0.04257219523584454,0.0075431603409261685,1216
0.0,0.0,1365
0.0823458998498662,-0.0032906040559972493,719
0.04349594305361259,0.03731521199865911,1016
0.005514684290156152,-0.008299564210469648,1176
0.061811754257039844,0.0670211802842896,976
0.08046211730983878,0.03276258881744997,124
0.09554382101287599,0.04290565735584792,451
0.033228080652946045,-0.0026965982529155133,1477
0.0,0.0,856
0.11254085853307452,0.05482747103777954,471
0.01397931529755154,0.023843691652018054,957
0.0,0.0,1124
0.04588585737236178,0.01862930965321669,799
0.023115494713317124,0.01282471698413462,772
0.020564669123999964,0.023289949133571186,1004
0.0,0.0,1522
0.0,0.0,1143
0.0,0.0,837
0.02801328259898919,0.0771073039638065,1000
0.03488997714391619,0.005732263580900641,444
0.01633018909679323,0.014278971388761462,1335
0.10094680468987874,0.05719663119393146,714
0.1008570298220578,0.08984002716605319,595
0.0,0.0,1241
0.12695050528864843,0.040391309922239396,212
0.035971307131099146,0.030245589094419698,1249
0.05195558901476301,0.006976832866965462,652
0.022396267297798943,0.001831286068170205,921
0.0,0.0,1541
0.061456961460654026,0.010243211162083467,840
0.04096081451531461,0.035694983799512886,988
0.1453601135506572,0.04607001777952987,228
0.012425972241761403,0.00535595558676075,1494
0.09181288856513109,0.0566461505416969,365
0.0,0.0,1095
0.04255435637795319,0.008799269429543604,943
0.1622989660267892,0.06529544063829142,508
0.0,0.0,1569
0.0,0.0,1583
0.022793465964894122,0.03655807574616662,137
0.062450785633398315,0.02726596934768942,45
0.0,0.0,1541
0.1267604257348177,0.08653435091121454,927
0.057643885068248565,0.03332529452364249,498
0.19445317053017983,0.03132154007919291,509
0.018374616483512674,0.007471421486689344,35
0.08171408348408818,0.03612636451665834,927
0.05962536319574027,0.006771913773448554,1090
0.018826980119215523,0.01488849898609168,877
0.10206153692474533,0.024809461715204793,160
0.0,0.0,1430
0.0,0.0,1431
0.03201228774186888,0.0055043246263072835,537
0.09010726098602614,0.032014250768203883,588
0.08336138749222073,0.025121018275989213,789
0.040571576258086536,0.01555031788707944,843
0.08804955784760839,0.03391184474138293,51
0.0,0.0,1233
0.15235579859759196,0.02361944118255064,509
0.009443292901586587,0.0036953803547606105,1212
0.1515248098869446,0.0757756796993369,513
0.0,0.0,882
0.0021953171218557508,-0.010397452977715113,1071
0.0,0.028973835507734146,1486
0.1187016577321418,0.08391494042360946,150
0.02112040902640076,0.01798684548427973,725
0.0037456618854608188,0.001670164163324817,1414
0.11467617136041004,0.06807202737943469,283
0.0019887722099711136,0.007020859469866864,1113
0.0,0.0,1605
0.014311616575647758,0.009840749044772648,969
0.03708669231533965,0.030487221588469362,205
0.09079442928598702,0.016752029853968294,472
0.017230648996178616,0.009698555883675247,881
0.0,0.0,1675
0.0705114503477553,0.019666567061532546,628
0.008649274038965581,0.0031361679894679703,1469
0.054254671929264614,0.019682827555169324,886
0.11162347804468663,0.026443781508058137,164
0.022358169551388907,0.011288961086325938,544
0.0,0.0,1636
0.001263011973232793,0.008742437966157183,1254
0.12570469466508463,0.052708046854305156,286
0.008640614075402278,0.0008181629935156613,1206
0.0,0.0,1488
0.1367019594810272,0.051865642326294835,505
0.0,0.0,1240
0.025449123765583708,0.02315351331367512,235
0.004522481919138052,0.00935240341754883,867
0.07110774346664452,0.010623930373777908,548
0.06672732705989554,-0.00991668461009386,287
0.0,0.0,1592
0.01645684027333457,0.00392450578917085,817
0.0,0.0,1362
0.06489720052919869,0.0089397761214887,809
0.0,0.005822111192387063,1572
0.0,-0.0028354810567209985,1026
0.0,0.0,1361
0.1571059713808781,0.07796998007808581,543
0.0008393998600712983,0.0005560331288863272,532
0.0,0.0,1624
0.0,0.0,1625
0.08572175478720745,0.007622790553636357,523
0.1719470436117398,0.061629125246500986,11
0.0,0.0,1604
0.012917821778460377,0.024692885855090312,687
0.0,0.0,1190
0.08545744452272167,0.01425106275174643,290
0.0,0.0,1631
0.0,0.0,1307
0.10126173279677206,0.0454998696910075,672
0.0,0.0,1409
0.0,-0.01823080931732276,1315
0.027790023105361918,0.0371058936930222,563
0.0,-0.006478554458785397,1316
0.0,0.0,1618
0.011017026232834584,0.012269439970172841,1276
0.02085662614287512,0.020518049243226446,1058
0.06297386937082612,0.012180592775667926,819
0.08178681978261365,0.013556531396430475,651
0.08416033162410792,0.03528144803315736,500
0.0,0.0,437
0.0,0.0,1528
0.08273287901833312,0.05619562729609656,327
0.021959124412634173,0.025610609377538732,1264
0.050708417761879426,0.015638715753825336,958
0.026461242549935735,0.020885641183898858,74
0.0,0.0,1668
0.0,0.0,1565
0.0,0.004161885498019853,1149
0.03022405747827183,0.012392307303358318,1228
0.1240073884794159,0.07863821133492431,513
0.0005843730170596965,-0.0032282308273217865,1250
0.0074528107394214995,0.009613222573153243,1294
0.021329103426821656,0.012677963752098198,820
0.06853202843113894,0.017608075793187957,1336
0.052317851695888616,0.021131887819022848,440
0.11598796980245824,0.025227509827954943,524
0.0,0.0,1449
0.04608606546054819,0.015134382670887566,673
0.0,-0.0009380393939192576,1633
0.04560297402031683,0.022406801629143495,1072
0.0,0.00043853936532087934,1465
0.013857296633527378,0.025663352179376438,308
0.021184834416943785,0.027594608101100492,35
0.0,0.0,1616
0.026109751119358256,0.03235894843920146,758
0.0,0.0,1388
0.02074638728972766,0.029407465767229864,538
0.1337746941297559,0.05913126107573986,195
0.15412624047048756,0.054790934695584693,190
0.0,0.0,1407
0.0,-0.005609978402064498,1521
0.0,0.0,1235
0.08777748188091254,0.056935177296836,257
0.11129822674651452,0.05122151439306149,80
0.08257152507279232,0.04834154091232442,587
0.020343049113340683,0.00962561842952701,1116
0.14495043554216402,0.011600898423469086,214
0.0,0.0,441
0.0686070361344226,0.025450590669152534,952
0.0,0.0,112
0.11789822561295611,0.020582169572501266,87
0.0,0.0,1416
0.14404512993349652,0.05225047467545125,401
0.0,0.0,1349
0.02438985961307964,0.005030121128522679,995
0.0,0.0,1113
0.0,0.0,1629
0.0,0.0,1340
0.030131733972040175,0.02996083291284484,19
0.0,0.0,441
0.10585777546127084,0.02650388153806179,66
0.0,0.0,1455
0.0,0.0,1611
0.11140053041573643,0.013379055406823288,233
0.0,0.0,849
0.007409428285433517,0.01295439396174095,882
0.2110115614410777,0.026493689937509918,198
0.03816813717875091,0.067641589808334,541
0.031293607086475175,0.015112336658756085,1223
0.016722198234233304,0.011090370436094153,1142
0.0,0.0,910
0.0,0.0,1621
0.026094784153064016,0.016992559594569093,1425
0.009660804512590718,0.0036694046898465525,33
0.05832698980009646,0.015520953403349191,452
0.2583997898184131,0.02468992585813619,479
0.0,0.0,1625
0.0,0.0,1493
0.043592474001841505,0.0009809705998063034,357
0.0,0.002172923354438442,1360
0.1835702610630841,0.008280958396626967,528
0.06612011641267385,0.017018781920620077,958
0.12519195269891045,0.06895563918651106,208
0.07252485823508996,0.03522097740538963,141
0.09326869059323238,0.020149720239377313,657
0.07044854299721606,0.015432344355430925,612
0.0952199070175516,0.011676859770968067,206
0.0,0.0,1558
0.0716912056847687,0.04138774457340571,119
0.04930872418587998,0.027406534284781736,767
0.08642154525535146,0.031519505551698336,677
0.07676546010003599,0.08207454750961266,300
0.0,0.0,1675
0.016828762689259657,0.042960576306543104,307
0.0,0.0,1631
0.08573990241760301,0.021376054384224304,749
0.0,0.0,1528
0.06478341764336314,0.013206387486172689,75
0.04325216387624681,0.021505885111117555,342
0.0,0.0023691358693235702,1635
0.0,0.0005588469172003675,1393
0.0,0.0,1431
0.004058199992551911,0.0005718468315853961,1436
0.04020047140823407,0.03771756078199734,961
0.01645550153373988,0.007778374719942757,15
0.016796195368466695,0.01181442406212379,1391
0.01658898392805693,0.029296907683761107,111
0.0,0.0,1566
0.03464796781934212,0.017361650330325475,742
0.10094080349475489,0.06309835066330638,418
0.0,0.0,1392
0.0630432653279808,0.03224339548938919,414
0.048023629281269735,-0.0011435611142634873,104
0.01336595494418374,0.017125029548649192,1488
0.20996027360646652,0.054550003581566815,78
0.009906325120842024,0.045854965214806837,262
0.0,0.0,1591
0.009183161373999603,0.009839454987433657,1093
0.04227548180986737,0.028837893240495786,541
0.0640180800853715,0.03195985779348144,940
0.027364933912863983,0.008827666054028988,1334
0.0,0.0,1648
0.08011022152245198,0.013608653074793052,779
0.0,0.0,1307
0.14797561764622047,0.04808419749040704,66
0.018941833975966018,0.024409236748841785,1257
0.0,0.0,1327
0.2030426676498504,0.05956338619124715,193
0.021548553767145904,0.01275011450880392,1302
0.14550288880701875,0.056909572237463096,10
0.11130927175461165,0.03135930317828539,156
0.0776549807366374,0.0130204673651547,489
0.017068781096901832,0.01489867471198746,748
0.017204440229730285,0.0319514193650619,1244
0.0,0.0,1327
0.01299836437372939,0.011180636345339258,1074
0.009462152038223079,0.0027225315735323365,984
0.0,0.0,934
0.013925480376201829,0.015132356278229606,1189
0.0,0.0,1666
0.0,0.0,1419
0.0,-0.014305126727255812,1458
0.13468840145485836,0.024119426672667473,196
0.06715320729770215,0.03176565663752249,61
0.0,-0.000836746965212208,1380
0.0,0.0,756
0.0,0.0,1651
0.21101156144107766,0.02938414473246466,491
0.22872075123060298,0.10292926063519686,178
0.023596198994057703,0.012898757351916318,771
0.07180076478332954,0.03241062000364552,941
0.0,-0.0030040137420273513,1558
0.15838105415551806,0.03756419469106395,664
0.05391436355954669,0.0008671598008517227,611
0.020469899910877932,0.012735655556344452,45
0.034695430692861205,0.025876815398331737,1220
0.07774697375237168,0.04546509251619194,930
0.0,0.0045084908788018616,1583
0.0,-0.00037040138285220054,1647
0.07219674014519108,0.038310982281044056,962
0.20781409591586525,0.06906782409918041,356
0.010991005542697179,0.0075087376419023305,1434
0.0031911690118140664,0.01669704471381132,1215
0.012493491306809766,0.014327034798310139,936
0.01569334767748918,0.011393163978105888,1468
0.0,0.0,1582
0.03926997321756243,0.028592764421370303,543
0.1547686968378099,0.04784187094305264,587
0.06995140666411254,0.01773136035470375,779
0.08809749875230932,0.009612504772061378,91
0.08961683291328165,-0.012101452518288135,199
0.015394949912281183,0.02057790866962543,1431
0.0,0.0,1329
0.10097073810388497,0.04736898146663159,390
0.19336040053905723,0.0245022051903663,671
0.08011662635441845,0.037922397810432495,770
0.02025056859643919,0.023855268843243498,1336
0.06663535819594822,-0.003632645290592876,933
0.03330383066298102,0.029089180773701682,1165
0.015817826141811292,0.004332631692660706,703
0.13980113730675445,0.05054631162749269,450
0.006064579243854689,0.025332237930553964,389
0.037917647580655404,0.015860649615834648,1045
0.0,0.0,837
0.00799658409191261,0.01597798196189648,901
0.02276394803576574,0.01297966527993648,1112
0.04610135921894293,0.03781385830221588,1056
0.0,0.0,1552
0.053134708391728576,0.009317549045933321,640
0.011611204569547642,0.0037306853748294354,1070
0.0,0.0,1309
0.25900240912062733,0.0828907081644545,49
0.02311046165130228,0.019950570575611684,946
0.043661788364400565,0.03266662639900212,759
0.04772883223841336,-0.0007303515889578402,523
0.22704551027387684,0.11296962666550295,55
0.07781986056055112,-0.02240848493182094,1027
0.0,0.0,1413
0.042853493829218325,0.02640131086485883,831
0.0,0.0,1291
0.12151178355251807,0.028979686726042682,434
0.17716492498429318,0.02574842098790372,428
0.0,0.0,1501
0.1368016196068426,0.034573609583393866,197
0.03886918876018823,0.03753338925493063,622
0.013997277797039543,0.02039327632268887,785
0.1371279369436109,0.03739336204397576,708
0.12667332144553692,0.04816299256662454,708
0.07534142660769354,0.08357375565739485,150
0.005569710605280899,0.0007832669230053572,1439
0.034515219287457294,0.019211506633429697,1050
0.0,0.0,1610
0.01427675014602875,0.0019669618124893203,758
0.0,0.0,1637
0.05513829519292003,0.00906248406741422,621
0.050681314242448386,0.02700905858086965,206
0.002232234434373357,0.0005051596623414021,1189
0.012295477782177081,0.014888729019405031,1440
0.015537511183479217,0.016135067616380002,908
0.049987718989972924,0.02864859304023491,1010
0.0,0.0,1514
0.03415809424553502,0.02651733760986554,1238
0.12633413900840024,0.006469986603651288,527
0.11333863798151074,0.027283035649345488,165
0.10492224919829807,0.04544566428610614,142
0.0,0.0,1190
0.11893363696802754,0.04598676829551657,545
0.1971671827177389,0.022379160787932437,177
0.08260856603209084,0.06136333408942058,311
0.058368351451998826,0.052953335273645374,1047
0.013896988157183994,0.010463105908580184,1263
0.0,0.0,1233
0.07367233364683053,-0.0021838564449778216,930
0.020133235598980958,0.037158878190859355,1036
0.03271199994355147,-0.0003809707149253242,920
0.0,0.0,1300
0.029273081360654984,0.016679348688520074,1119
0.04084905140732525,0.02550002637462191,876
0.046055783140580175,0.009949726694927134,1000
0.01042415082897786,0.013256700777266756,1559
0.0,0.0,1629
0.14773869735878986,0.04457920417505576,187
0.0,0.0,1631
0.2351903986811471,-0.01727518577059127,317
0.017543271472018257,-0.0024944319877956435,1302
0.07032011663993436,0.04419397919247962,830
0.0,0.0,1672
0.0,0.0,360
0.04219075151419781,0.03283848603146598,107
0.03122957952824158,0.002704725431468585,338
0.013427441579429548,0.01982192873846367,717
0.029476885317229678,0.068312876908839,874
0.027556666388107758,0.019684821087620933,911
0.03627232410252531,0.029830755215485085,1205
0.0448888795521841,0.01971164833345806,415
0.03607205510030423,0.03516963722926866,325
0.12422612713236725,0.044148701893350975,709
0.034422824166735984,0.03114510711425498,579
0.22084714481110332,0.061440435528559954,179
0.014745067246851137,0.015598631980097522,1538
0.0004666707737505432,-0.0030608160515744032,1461
0.05469921959024976,0.04367095085318128,206
0.0,0.0,441
0.0,0.0,1452
0.03488391169658423,0.01300281073744163,77
0.0,0.0,1542
0.0,0.0,1237
0.05505921557904391,-0.0047204688312878825,138
0.0523478877029852,0.019769384579055423,621
0.04925952176631594,0.04179056666066685,107
0.009728597028549509,0.009870494415501746,781
0.037881587819930354,0.022020011281272702,1184
0.024737223071236793,0.009189797041451368,1221
0.12351167621057094,0.010547902912319057,222
0.0,0.0,1674
0.04410410929595539,0.037045583965713884,740
0.03391277216457513,0.02371844268011582,531
0.03398256637024402,0.0073071988633752576,1177
0.0869228685212179,0.01820967028863599,709
0.12525759086996333,0.03518013738627523,434
0.0,0.0,1674
0.0,0.0,911
0.0028469196787383514,0.004376933136816726,1160
0.0,0.0,1481
0.02701550679561565,0.0072793455898861395,18
0.09956076484248766,0.03535297755954654,187
0.1617589451376235,0.040509865793028836,57
0.010462873003266832,0.006373183098761329,1164
0.0,0.0030689083522242103,1353
0.05315008751683638,0.08431265395983319,1035
0.00394592187829108,0.0005903490578737554,1321
0.11213993883503522,-0.05737711144152345,201
0.012289185038730605,0.028410934935698264,881
0.03827967059996096,0.03780843819431369,396
0.020836275660201048,0.018245770075166822,859
0.012761650312919053,0.018562079729451657,1119
0.07825880271143298,0.017279146301584274,200
0.0509186785437622,0.051785219243147655,861
0.06994852136698912,0.02139900958514552,75
0.007556074590435189,0.0076083074614751636,1436
0.026567208714202897,0.02927242007464305,763
0.03629553335859823,0.019308770593715323,388
0.02993239755041869,0.05609611927102393,546
0.041684614997606624,0.028259885088239997,643
0.007230314664298461,0.008113760611547819,1081
0.12077070513407251,0.009016131727498933,522
0.3291955066962714,0.09254484115378635,482
0.035498422674082764,0.015397361427650007,106
0.12422237945382225,0.020210457760184503,471
0.0069642606669242085,-0.0032924179368709547,1520
0.04098008477142283,0.023222331455341475,1162
0.026458086446830103,0.020764598606915607,740
0.06154555292702127,0.0472058936973916,132
0.04623000581636635,0.014515364822324963,465
0.0,0.0,1298
0.015474385958258844,0.028984038989114107,307
0.018613033706926033,0.009168839863249215,1468
0.026292033688398574,0.021382364415376828,114
0.03789138778073371,0.01391741990775416,1165
0.03615381387605778,0.026204802254134834,582
0.015503645337928057,0.003928229900996542,1273
0.05666464625667616,0.02146560625288192,286
0.032463361529660145,0.021108706447402092,725
0.017134185904151035,0.024032748860228503,828
0.03424628711764589,0.03630928735129399,223
0.13363567563928205,0.12041712691367425,282
0.04802988250324694,0.013365719987211063,628
0.0,0.0,1309
0.05195651236331055,0.03490027410750357,571
0.03302095143255834,0.031135153374695898,901
0.0561589914565656,0.010930768221913774,455
0.04161896096863806,0.03532259254812879,367
0.02043368185645514,0.0031314298228591335,1146
0.04775017563571763,0.023434927986687733,1243
0.03774075219438867,0.015910991208390467,241
0.0,0.0,1522
0.0,0.0,1484
0.0,0.0,1610
0.02741344895154897,0.02191142652299879,797
0.0801608632305762,0.03349191651868446,714
0.014812564182550945,0.03793933828349011,915
0.0,0.0,1500
0.15894062034147233,0.08274492980553497,134
0.009361798605223348,0.043790284770371286,1175
0.00996121841261901,0.01533097949535783,1262
0.00447681906733261,-0.00042286926545014806,1453
0.018982488932727738,0.016499779711162878,828
0.11445582956699671,0.032979196346214205,7
0.05901338956122637,0.04302292191985207,723
0.04493822053103798,0.01547962097449971,1410
0.050159908713657234,0.03797343198741068,435
0.019457200360362303,0.02467359749665333,960
0.011779662374756646,0.012006323901408798,1150
0.04871401243120649,0.04848759411226149,715
0.012116174647759204,0.005926238417471617,697
0.02742864369549733,0.026716672170649006,1264
0.01101885359622722,0.004384029055423287,1037
0.0,0.003955871832945944,1361
0.11651733995509347,0.009391416581429486,209
0.17283781935628767,0.016688204643761837,166
0.02888305504301279,0.03921305047492419,303
0.0,0.0,1357
0.046075480565599757,0.03527991815532681,464
0.0071914685670632465,0.010350742444162007,1144
0.017878792785568816,0.009776343029509998,703
0.09171695955369663,0.0390318153724071,707
0.18028350942169175,0.05553843996442592,495
0.02616929849948219,0.009826482679564829,1247
0.0028485438974074065,0.012738403793187686,1500
0.07001227902012147,0.038323387587761985,698
0.011110838174448658,0.009329572876428304,358
0.021638034790860378,0.033025420676743675,1203
0.0,0.0,1232
0.00782187081459848,0.014233310861910785,532
0.029216733950861218,0.05515653407919691,1191
0.0,0.0,991
0.0,0.0,898
0.013890331257359417,0.007108330322726324,616
0.020594570331756316,0.020750525211824612,1164
0.05514680923360257,0.018031584125109235,870
0.05581529483754674,0.05221388688062647,569
0.0,0.0,1415
0.0431233189840462,-0.001155428767670169,749
0.2572077514947986,0.0850347552394057,301
0.09715495128405503,0.059038336364963584,381
0.012307061886282987,0.027639449513434795,354
0.3504959261850897,0.11818011096218231,63
0.09620151314685396,0.07110947017575077,256
0.0,-0.010354351955006556,1240
0.07929742865924402,0.008801034506791913,635
0.06662162856362709,0.052643398671254636,249
0.0,0.0,1339
0.0,0.0,1669
0.0508764815814771,0.05038739184608803,40
0.04927019976243492,0.012821841232256437,805
0.032205880779161346,0.018110753189691343,841
0.0023333298163599092,0.0015002947372108723,1301
0.056666159789394384,0.027121582363416614,162
0.0406131824438132,0.021009410523727422,345
0.0,0.0,1373
0.025765860386446213,0.027959477673991477,952
0.04110892623427456,0.02165521850814921,774
0.05177420136895012,0.01826744428789465,315
0.0,0.0,1515
0.0003841738523649397,-0.007227184697945554,1086
0.06017289623068503,0.024172892583323856,1019
0.013958734270654194,0.019651702798345123,1175
0.07440020659064134,-0.02016075578794996,221
0.0,0.0,1317
0.046871372538346646,0.034317549673479886,1120
0.004963742824515648,0.008394480221252365,1304
0.09554869870028218,0.07639624241423225,451
0.0,0.0,1652
0.048814407078891744,0.01158632005268462,647
0.04741677101356363,0.03099789183542809,1414
0.028186158884801117,0.002392106104457542,965
0.0030905636210527424,0.015292134204507512,1288
0.10747850204874253,0.07071049366225256,587
0.002795601589587672,-0.008522307938717473,1080
0.0,0.0,1580
0.06268212917172791,0.026016371962392464,415
0.003675262599269348,0.007676878197449101,1158
0.10791828516650762,0.09803688850055159,81
0.0,0.0,1174
0.0,-0.0013463287612697362,1360
0.02130934726197989,0.016789178921098324,792
0.0,-0.012050500247679693,1417
0.0010220506495186503,0.00047377121293838557,1387
0.0,0.0,1540
0.011650485269286411,0.018949011033300812,936
0.14653792125940804,0.02336301973595588,654
0.0,0.0,1656
0.0,0.0,1612
0.023621063062480928,0.02126488094780481,1068
0.047030473257903195,0.05090487311782248,300
0.0,0.0,1362
0.030385248705602268,0.020794084543263838,943
0.007704261325744949,0.007066984612596682,1213
0.030244621381341867,0.02350366550195151,895
0.013953540820838519,0.011998640641060728,458
0.06732892929451562,0.0329906395531781,1209
0.18487103853804931,0.0006189880767634934,172
0.0,0.0,1555
0.14802908505083723,0.023102364446773174,155
0.0,0.0,1571
0.0059128723441856145,0.0020267062593738805,1081
0.0033011468942920593,0.004627225309645161,1213
0.0,0.0,1633
0.08601419920689089,0.017007326125244807,216
0.12259025817161431,0.057632313187494004,392
0.16555289005674698,0.036173676530510644,13
0.02143111572647241,0.022528365161675,725
0.05356873568117847,0.005106299910587842,750
0.0,0.0,1466
0.1763326848854599,0.010148702609598713,602
0.048429437283795874,0.02923410683401283,339
0.04853586547371208,0.043712865579023645,1116
0.08815320626619358,0.039064986810869964,716
0.1765925977634672,0.03908681525532452,131
0.018470163997665698,0.02915422453146025,349
0.012403348675968994,0.011122881251294375,1203
0.010248294778171132,0.00247931741156772,1313
0.0,0.0,1629
0.09457617478787218,0.03663543548990909,424
0.03526806658769328,0.024364030375662253,985
0.03810676191727917,0.015251067193339008,793
0.011494614860182417,0.02137174462195841,343
0.0185616044794631,0.013822177726297263,1287
0.024360605415490257,0.003987368245802642,277
0.0027323407944122445,-0.0005470468470780478,1143
0.045395602197287346,0.008104164050627203,818
0.0,0.0,1317
0.01715610362313375,0.018356559608965976,633
0.044755431969550744,-0.005186837196309972,258
0.07506949276977581,0.028368454513482633,511
0.08920751337119259,0.05750254724866154,819
0.0,0.0,1551
0.0,0.0,1610
0.0,0.0,1452
0.03219573330512871,0.047646351587813246,696
0.007776674301702767,0.008867696633978135,336
0.0029876042067702173,0.003144552609043943,775
0.024275876405789387,0.025946123581877888,1434
0.10011921786531797,0.03249982818448464,80
0.006541712956167921,0.0034346352308739225,1222
0.18068651353297494,0.0011800768639667898,527
0.005045147173420249,0.005826669839118046,1614
0.0599837690678819,0.04056460260732594,825
0.05390575371087597,0.013520460674236597,472
0.09929536361842702,0.013835405505373363,164
0.15766499995186442,0.04215643604459757,22
0.04511647334889331,0.0007762472090732356,1132
0.05347298369675897,0.03833949372359958,470
0.06152186828202687,0.012077254032050068,727
0.018347691902150312,0.01644783282019486,914
0.20173809272871515,0.10070897678120097,268
0.0032447296799006215,0.003992633034325107,1392
0.0,0.0,798
0.0,0.0,1324
0.018167749886232785,0.027955089620686394,1217
0.09490629301132833,0.027817997175495972,54
0.06379064475970667,0.02483812615555099,488
0.01473775693570926,0.009738239981141419,888
0.019004482387851986,0.00223024490725063,1302
0.008325483256259914,0.017237919919171694,1458
0.01956071194149394,0.03131265738226718,533
0.0010388450830572614,-0.00657329848119173,1409
0.02130595621380576,0.03962328007006081,1000
0.05215422300673398,0.08467280228174098,77
0.06473635467963215,0.03526879011139393,380
0.06497415118798673,0.02035109562382449,719
0.036897993470043855,0.028096697543559448,715
0.0,0.0,1577
0.06523383295894224,0.021686685321904455,480
0.080114940792862,0.042052950811969574,878
0.0,0.0,1592
0.0,0.0,1532
0.028552433754487763,0.00793263809571372,891
0.06127428871503494,0.03260264801554776,100
0.03088449006820212,0.007597208362159101,978
0.07434973455959176,0.021241113287864693,649
0.03346864570188824,0.029724700294633897,974
0.10489968282339326,0.02528183711859392,530
0.04855571176940633,0.08183905667501745,511
0.06468929210555974,0.03424860009032518,132
0.023868948964844948,0.018217963071234734,1112
0.02358047729338061,0.021246160243511454,421
0.20545852346080948,0.05584607714452406,61
0.014586099369589458,0.01722150415227922,15
0.0,0.0,1234
0.05208807295444384,0.03554687386296273,104
0.0,0.0,1664
0.08614137656415384,0.027810423994351016,609
0.016133355756331506,0.02258990601093224,1159
0.05167468979297192,0.0114092378615662,375
0.0,0.0,1422
0.0,0.0,1370
0.04450969800932454,0.00827641343298328,444
0.07904389293034016,0.040345679405161115,212
0.09284631650162081,0.035612128333156794,346
0.09521144057301106,0.04402762427640742,635
0.024480963407414656,0.017369769020036167,1210
0.14917602543389627,0.02162938044894654,208
0.0724974347773661,0.03660096571850303,1214
0.0,0.0,1304
0.0049233964514323325,0.019858506635056748,1482
0.15076845458416616,0.05464269280392367,155
0.12644468360709704,0.04249438767287196,28
0.0835573377395569,0.010972093977062827,1019
0.006404162745225474,0.009045829564383396,994
0.06025910995074559,0.029294021622012736,743
0.1515926709909117,0.03561303570116558,731
0.0176931413097631,0.013227690959646342,255
0.2624602774699873,0.028168455899472183,168
0.0057788070368543455,0.005424983844036404,911
0.0,0.0,1389
0.040853764598058215,0.020974171063603265,611
0.0017259843125992844,0.000832878180502065,1170
0.0065241377529360305,0.008643390653023287,882
0.002790800130955821,0.0005242880911936434,1530
0.11530661812359753,0.02657968005339902,524
0.04046248405840079,0.0011190696243672175,846
0.060239713723107435,0.023196802802450945,170
0.12045854738814035,0.04648007276128848,89
0.041159266902721994,0.06654979195179635,892
0.09708649968115829,-0.0018004038493564763,466
0.062386665635593204,0.026459735739371232,624
0.0747002266589029,0.06887131736131197,157
0.18423227908517395,-0.001998645209359006,482
0.0,0.0,1595
0.03748187333820785,-0.003010418668052779,701
0.0,0.0,1454
0.003230710659784396,0.004906217527834539,1520
0.006214381239116261,0.012108707587281164,591
0.010529489171479223,0.010137555240206292,1445
0.020769282129744035,0.004388359810704296,1181
0.005045231248497175,0.003779465694751864,1246
0.13687991747386727,0.03658562442318708,202
0.11353142895152164,0.0692537661402909,108
0.027788453377752372,0.00909520141766204,871
0.0,0.0,756
0.13746634395558718,0.11336280343309107,218
0.025043103683189228,0.02630120951997461,1066
0.0,0.0,1401
0.07413772252047882,0.04474666865035642,256
0.03391730145335341,0.039062134225292984,850
0.0,0.0,1233
0.07030155541248335,0.02846037971579191,287
0.0,0.0,313
0.01432550949603292,0.017059165959796677,871
0.12426703672534051,0.06713384786577281,201
0.19372725334137475,0.03184911209338016,49
0.0,0.0,1413
0.0,0.0024945207456954816,1271
0.18033742621733576,0.024485930333476943,526
0.0,0.0,1026
0.0018939471615639855,-0.01578814485877698,1037
0.049054039525393486,0.04801864386295706,721
0.11447246515357239,0.07956818058026102,948
0.0,0.0,1079
0.08059662764864801,0.06961341051089202,409
0.07290415036062733,0.045020112073586,761
0.014706505221416586,0.005598279894768358,307
0.0,0.0,1555
0.017069549022327487,0.02417406259281139,877
0.029584595244833548,0.0005643760864174759,77
0.10706994316776992,0.01983230600741472,30
0.008427344876134186,0.010842801935400742,1127
0.04065448766618352,0.028789369962388647,1221
0.11177306279620199,0.03524641339190286,410
0.0,0.007645907423246131,1149
0.0474727437728891,0.02681017882000617,848
0.0,0.0,1382
0.008327816542422019,0.02099527205585437,905
0.005594179763769685,-0.002926518735193138,937
0.0,0.0,1568
0.07958637158006823,0.026940641442845362,922
0.07480200650807073,0.003565293287217831,466
0.07865610522636121,0.04888759304097784,294
0.031868310480980794,0.030479730172568442,362
0.010387878580494175,0.01370192542562667,859
0.04733303277019742,0.03677501497073847,928
0.0,0.0,1129
0.03854759501708888,0.007807243479342862,801
0.0,0.0,1428
0.09427716994736442,0.0888313317500546,293
0.08407948572056918,0.04677608387400729,467
0.11919233388711602,0.045177954011640487,941
0.0,0.0,1384
0.0830379979337092,0.01638355920874297,727
0.004576532046328506,0.006068045280067579,1288
0.14160356999242932,-0.0014021723652537705,184
0.029810821963970415,0.03645628790278158,1418
0.031833451930981076,0.043570347196834364,294
0.0,0.0,1256
0.10069220910763367,0.009152910565677777,301
0.017451188752063557,-0.00542387431020002,859
0.2327302340553408,0.06253898413049297,487
0.0023799131921416867,0.0004178029981425371,1067
0.04992505231124772,0.01204847969843525,523
0.1259918940500591,0.03152619168175615,486
0.07406916742838965,0.046974779144390216,217
0.03334621137244339,0.010066744220094554,804
0.18480856511107313,0.056871584525135396,577
0.05031756571567145,0.003931130403771924,206
0.09290390566916144,0.004000910796074915,407
0.13436816302513704,0.03310161790499433,222
0.0,0.0,1516
0.025795361598979598,0.02613629752522228,1081
0.02405956705509822,0.008443554300720179,1007
0.0,0.0,1386
0.0,0.00017051236702314015,1601
0.13870211781959907,0.061486563093636155,1040
0.0,0.0,1573
0.0,0.0,1457
0.006369055693253797,0.015393567206372378,334
0.0,0.0,1537
0.05407944530738006,0.016776198472889067,661
0.0,0.007913413044664697,919
0.015168166248354181,0.013261748468974462,1427
0.017112682957376384,0.014229906286652902,998
0.04516119670882684,0.03724672966890861,1184
0.0,0.0,1568
0.07244486903149866,0.03347824201916723,411
0.01622866427869847,0.00152642792119251,1123
0.02189990908895231,0.01888689133806276,792
0.0,0.0,1548
0.01391419017614251,0.01656989465675091,1185
0.028015176203248754,0.03295827069833161,633
0.0,0.0,898
0.14083772011469894,0.04842890034709696,142
0.0,0.0,1356
0.07239987097798257,0.04567238878272609,289
0.06698846039617495,0.00565272787257527,224
0.014164468015029267,0.017383757798790478,361
0.050576496844577254,0.008617418574202678,796
0.006066470484378167,0.0063533185293554026,1343
0.04141796267724113,0.018214015997904762,1089
0.09772613524544844,0.015598390855572356,492
0.0,0.0,1506
0.0,0.0,867
0.0,0.0,1341
0.03382995581617302,0.020957265679114594,370
0.0,0.006292598359707902,1572
0.0,0.0,1002
0.07335621688696536,0.036938707279776016,566
0.07805351659380502,0.0018876983105218204,257
0.0,0.0,1303
0.03760054520877205,0.016291192359324184,701
0.18642267477515834,0.027344108517945467,207
0.1428061264744718,0.06288723624544183,469
0.0606688732976068,0.0031713469615986365,75
0.0,0.0,1384
0.08524231611738979,0.047652962228190925,524
0.19129148939563473,0.034315069111865375,191
0.030323516447996315,0.024753065920205156,686
0.0014171379149681496,-0.004468930691294808,888
0.06611219441132919,0.023777786063033022,1090
0.037804224199372405,0.011764103364208363,538
0.0029324733663554565,0.008514341220561182,336
0.029947729831730042,0.013950465913590712,786
0.039994154737885305,0.05694860310761175,342
0.01597957673109593,0.0061120038400860055,916
0.018498464365490738,0.02213680700707593,1032
0.0,0.0,1591
0.07627848188966072,0.057569240178634885,409
0.019714302378344283,0.009386211810193465,1302
0.0,0.0,900
0.14094542350498243,0.07790907092045987,731
0.04241570531236988,0.01264289419131564,876
0.0725834618804033,0.06656408461141011,92
0.1030937308049228,0.05495325159172836,116
0.009341842661594218,0.028007180824740494,1127
0.011529063813355313,0.010660421185116878,810
0.056209322050649636,0.01863316543960812,788
0.1282732004893423,0.039334450451190967,495
0.0030615911188310078,0.0005874885758087875,532
0.0735958970830792,0.015275399567058841,125
0.0,0.0,1512
0.09639826305038153,0.0324793545643938,156
0.0977694507950364,0.022175860107898005,889
0.08419823335921867,0.039815635173282474,451
0.033040529028850435,-0.0068046410352994025,928
0.008470235926233312,0.013104233906794046,1021
0.02258970222104068,0.01543289672194358,554
0.0,0.0,1340
0.02485468237050826,0.014312992767902887,792
0.01985880896832775,0.005822494952986382,1426
0.03452303651446272,0.012592835400002635,463
0.0,0.0,118
0.0703616165383397,0.04878893548721,149
0.05325653012547799,0.02239557769796465,939
0.0,0.0,1095
0.0,0.0,1463
0.07449629628776322,0.031753426692029865,289
0.0,0.0,1421
0.07385434857465793,0.0664614706578002,183
0.024592712875110525,0.029657669996095284,963
0.0,0.0,1566
0.015275222155603643,0.018342354958115748,1068
0.24475083144210127,0.08542031116598241,193
0.02569904439661779,0.03387202779874832,623
0.13757392356328868,0.1061157518492718,214
0.1255752381519366,0.032972734516645015,94
0.0025083396065377983,0.0038339115880394693,1067
0.1451709297967031,0.02539597646084296,524
0.03583715584868282,0.01010866642500044,760
0.08525225109829991,0.02319546140616244,292
0.13866773787264086,0.03675463625728166,1038
0.0,0.0,1550
3.3867918459104804e-05,-0.004084102107198211,1270
0.14213511250676958,0.06579450797091194,8
0.08483343300580454,0.06732311211724758,688
0.10574840975734756,0.08682542362306979,66
0.07094635370493128,0.06355966771306867,292
0.06630559488991923,0.022666753186867353,420
0.0,0.006668520912969291,1589
0.08283500408946927,0.032504682298662574,735
0.08315717156383538,0.031254500802530435,121
0.06675604042222816,0.07458758026878311,12
0.0,0.0,1621
0.0006945567731216845,0.004533193510002151,1500
0.21384101512504852,0.00563911007394297,426
0.0,0.0,1369
0.01732830340502298,0.0033980166526219316,1110
0.17509108184784364,0.028903035842946494,607
0.09904118850713771,0.014984308830041256,163
0.021789675347939692,0.04832205543647134,1146
0.051132048842875956,0.014973722148955978,583
0.0,-0.021817716052765345,1608
0.0,0.0,1326
0.0,0.0,599
0.0,0.0,1371
0.038120965569646344,0.037690512558611854,263
0.02642502402460081,0.038490709434158686,786
0.0,-0.0023655535396178025,1457
0.08633841618816918,0.03509656662254035,491
0.01807127070105373,0.02121226099097858,554
0.015065028636620363,0.04108408240489098,329
0.04451164389154218,0.03683584096529672,595
0.0675282486543355,0.028958292096704922,746
0.11571386994896184,0.06918355672221295,10
0.004656942419122307,0.01115033874405916,1101
0.015315300009117528,-0.0007670050758337657,1162
0.07784163783383037,0.052586259161109525,14
0.053796184260441846,0.03357087181164867,1090
0.07246036531454729,0.023474753417417935,670
0.0762603530825545,0.03618815203739758,390
0.010855827626233456,0.001898960911527063,340
0.0,0.004125729275618574,1317
0.17824981841196572,0.06736282838005597,70
0.07300121634660273,0.010539943120225253,386
0.0,0.0,1660
0.0,0.0,1591
0.033306438660115616,0.03586084479137826,682
0.0,-0.006555233296957294,912
0.0,0.0,1643
0.0,0.0,1481
0.028965187051363375,0.0018035772151765723,744
0.0628398340233917,0.052788544872497324,595
0.09747529920697691,0.01625477820501743,59
0.01687493414171539,-0.0024165042576659835,445
0.15242222543148964,0.011398881686861562,264
0.0,0.0,1620
0.0058039046629184575,0.0002134262616719629,1270
0.0,0.0,1540
0.037381321160599654,0.028178016105446374,1011
0.04237867020541884,0.018994871092687084,760
0.02243157219583153,0.015018011399300858,996
0.0,0.0007852873320457309,1629
0.05527728626554906,-0.004610962526530388,164
0.0,0.0,1573
0.0,0.0,1561
0.10240026183567187,0.024515454882036197,548
0.0,0.0,856
0.04507003087064608,0.022014420535804293,394
0.08711865859966336,0.017385475824430275,477
0.10520942510273455,0.07160180828817854,151
0.06278790319747182,0.03231402904316127,723
0.00921384159796609,0.011984436079137514,1403
0.0,0.0,816
0.03319770801472844,0.021245119902278918,924
0.006598554589798788,0.01326674794127297,437
0.07468335168145698,0.006626054852395438,44
0.19176825770500597,0.012108830117508964,182
0.03683377137341431,0.03653175133548288,1072
0.09367765451007082,0.07896712632732296,275
0.11756893206024899,0.05397201442450179,228
0.0,0.0,592
0.05147348975835802,-0.0005248426247174667,1062
0.04423441160783478,0.07410481816744861,1000
0.09304035787586486,0.026204597262300535,808
0.04061249620610744,0.019130816700635118,940
0.07423177944306411,0.0422387204366365,624
0.03840422468586099,0.022184912350330963,702
0.0,0.004132449903526856,1380
0.057875940434731925,0.05101834457501793,342
0.0022525288205262404,0.0028828755563162383,1526
0.12233876253838089,0.009668405388051344,664
0.0471402415286239,0.01941567832218636,862
0.010011012627004651,0.043353419382504296,1472
0.04468668133439535,0.017192069589067622,976
0.0,0.0005985706372581846,295
0.023027655002547547,0.011885521277431716,967
0.0,0.0,1157
0.0,0.0,1504
0.01295409416517627,0.009568077756909233,1285
0.0,0.0,1664
0.041680994696615965,0.019553070855153235,561
0.09475492284917135,0.021194403655722362,130
0.0,0.0,1642
0.011477597470370915,0.008928053123081765,1368
0.01659511932273773,-0.00481491946864046,1264
0.09081888436942467,0.06992126309299626,224
0.018064140080305296,0.019599496532604666,1283
0.004358834556375573,0.013751648285970523,882
0.009955391735141773,0.010850630147779053,1170
0.03935610938378385,0.034279704016026015,897
0.0567455494225024,0.038350915266960474,865
0.026604672604715402,0.016444904067941173,795
0.10967894482959546,0.10652608241077828,384
0.05851668622867424,-0.015075338511834131,968
0.0,0.0,1566
0.03696928434747383,0.01630299170500421,1219
0.018198346177572832,0.007277579200817567,802
0.0,0.0026020374769109003,926
0.013551382473161334,0.01910240093636515,1017
0.08482335866828088,0.021187837095761258,32
0.09894217031364759,0.005206411686428762,709
0.03210306176012569,0.04324512417323672,740
0.08248603410989558,0.03022198721590582,164
0.0,0.0,906
0.1897354109846707,0.008706714005365665,193
0.0,0.006007494806606089,1573
0.0054827736659674425,-0.00012082018241556208,1172
0.05976138743690554,0.020434009370828347,364
0.07802168221090058,0.03073316662201456,549
0.11547774697123725,0.05869470749009168,80
0.025263588696535524,0.026082819041248907,536
0.2382695690872105,0.09148395079579764,66
0.025907702707077096,0.03310429776360855,1205
0.0110135378255389,0.02137193323928484,905
0.0,0.0,1155
0.023329101590121446,0.008452993812809971,970
0.0067429900149050485,0.0012765949870917873,1517
0.0,0.0,1630
0.031546789121826464,0.02947245627686408,629
0.022166151142566315,0.022882933231394342,1205
0.05412698100444706,-0.00359210227035072,465
0.22491577769350063,0.030109864833730956,356
0.13648172919710747,0.013856252062181893,195
0.13292684875812735,0.06190920275519256,402
0.04774916381728093,0.05432556330429128,288
0.0,0.0,898
0.08649684644945878,0.05899819055199179,716
0.04568317693951146,0.0015951351149409059,140
0.0964482392146201,0.041767079262480224,267
0.2215287286351574,0.007709757618634823,317
0.0,0.0,1619
0.0360828261045004,0.015413890155321627,457
0.17619765359053716,0.09226497051096277,202
0.03856615269076345,0.04767282557852653,682
0.0,0.0,1621
0.007581748476098482,0.00514546280981002,953
0.022844951382562068,0.023974508419762505,751
0.20814281678705962,0.042463794811942686,203
0.1213084762226826,0.0033255494292276843,745
0.06271624171012614,0.03765489410679977,1209
0.04438588915982033,0.04834068121726641,559
0.012199554137193548,0.00715578056798783,564
0.0,0.0,1104
0.07571328667387048,0.015724447433252145,1227
0.08859858955715423,0.03800834315569474,394
0.0,0.0,1486
0.026103000871495703,0.020571573730091247,666
0.02994025662517257,0.03849850652984925,1169
0.0,0.0,1383
0.05138635048743647,0.011361600250644697,1177
0.006909905027983782,0.0036098481019624677,1273
0.05790225246871238,0.03378145289374915,100
0.0831020888830871,0.09409389138931994,287
0.04516029411195643,0.014731525970990067,534
0.0,0.0,1349
0.0,0.0,1362
0.0,-0.012517936749548209,437
0.026539513107626218,0.026964382034779525,1228
0.0,0.0,1441
0.04540171681331932,0.03218956240181149,583
0.01821958675187466,0.02078764175363332,1091
0.12394048679370089,0.05311632704651546,400
0.032123721972898145,0.01855689490256159,1168
0.1142052325599681,0.0482463439226825,500
0.0004727361571719892,-0.0005458717264805495,1312
0.03627171049244895,0.05317279214280075,205
0.0,0.0,705
0.034386749846458634,0.019562431378620654,623
0.0,0.0,1588
0.0,0.0,1660
0.034275277053012934,0.04661888743599099,742
0.17337284850347992,0.01481710437441256,171
0.0,0.0,890
0.027490309688851997,-0.025649293254441104,682
0.04307295436340412,0.051882920824028754,399
0.11333295383483792,0.003825063399230297,493
0.0,0.0,1407
0.07461771148736954,0.050956884752232944,641
0.03211803860769262,0.00663359469998026,868
0.0,0.0,1232
0.06021328117719118,0.027015797473451002,716
0.07197738148933383,0.024348391697239218,321
0.02907332837485958,0.03288333946141405,1133
0.04889036208004354,0.01313927488141186,773
0.01623423099250458,-0.0014756553673746556,102
0.09291613411509742,0.0508597965418818,461
0.15181358929957942,0.04163441271404007,186
0.06683914983588682,0.01203356630384646,250
0.22054671718368069,0.14653642606542722,239
0.055534220730355896,0.023648853741590273,793
0.07403398343568517,0.03210666244794762,544
0.0374892389619587,0.04348008530200129,388
0.0,3.8548254165995736e-05,1628
0.047518525981840705,0.013399203179580621,1109
0.006936225977356911,0.01483067364592376,1277
0.017230648996178616,0.02075192876873227,344
0.04688304783284488,-0.02961238730875603,188
0.05265161369582181,0.0463345294967708,1015
0.02179115888089432,0.011010453311322069,619
0.030878789730877217,0.025047108593270046,818
0.009159299075792288,0.005614811962594935,1279
0.029232930684084425,0.011150657155526135,811
0.0023082961171068312,0.010897756740825208,1226
0.03858063526053381,0.013405761030238189,725
0.0,0.0,705
0.0,0.0,1235
0.2595600967928138,0.037454922768583775,133
0.12348930725078386,0.031600056959208624,403
0.03232629078258357,0.04338106188076361,341
0.082148804440966,0.056512382795257735,139
0.019744658771695196,0.011268589403263245,806
0.04080230782265627,0.015858022257088298,165
0.06480664373284602,0.017171405834736437,754
0.0,0.0,1361
0.0720159662992676,0.010482765985435582,67
0.10304675210363504,0.037651356833620316,793
0.037473219534504325,0.013971728440803891,375
0.034375703074834986,0.028873371035774507,832
0.0927611876564347,0.04703682044873593,446
0.053871542092320625,0.03189944036871435,853
0.03125577414076926,0.0246537740415345,1202
0.04110939289991785,0.05189282447978265,294
0.029298438124175936,0.02188220389850413,556
0.0034020651139704174,0.004409891269881061,36
0.0,0.0,1466
0.0,0.0,1677
0.19388537143029114,0.00557302137205996,186
0.005064548879895673,0.0068031903053375605,1513
0.0021870847734437367,-0.0028806888682201956,888
0.14257603183884826,0.005512993228787935,207
0.0,0.0,972
0.0,0.0,1442
0.0,0.0,1528
0.17246610718574076,0.03574073128396245,390
0.016768643137201143,0.021771629203599787,453
0.07888534365142795,0.04005703395276999,923
0.08117647999787378,0.04788786844608163,430
0.07103442534525174,0.04113693789504839,75
0.013549223618489913,0.021275672994702455,1282
0.05958935677640751,0.02038667004232135,814
0.06421916990741372,0.025496206384819132,128
0.024567041864709333,0.010150041854917493,1448
0.08808693881266443,0.03170954894055034,575
0.09387847210238837,0.006642699969057248,493
0.025498416436109263,0.016467729487836345,1088
0.027074848437766797,0.026748989487805692,1030
0.0,0.0,1259
0.16959284529687607,0.07012719163605123,401
0.05994056365960262,0.004044226143718608,1006
0.09743950373578555,0.027871204420620247,62
0.001979785249400848,0.006417020886114238,1304
0.06751331274743086,0.0009994147759620304,58
0.01011106616190345,0.019169987654286156,765
0.0,0.005153473083166994,1316
0.0005298585661398544,0.006554449169323214,389
0.029146891054965103,0.01873261672548577,792
0.0,0.0,1195
0.0860332831174647,0.02263742865262805,217
0.10495383600483127,0.041495551544321566,1090
0.05646060454354001,0.026980817227227182,443
0.014380074229826198,0.0324224904955343,1142
0.07621269042654996,0.030395024406403365,649
0.01229153922587096,0.002502942038188133,1478
0.031244611580485356,0.006670314202230203,786
0.0833821722840513,0.0037971221320836257,504
0.08521917332592371,0.0347831093545092,3
0.04880183727625246,0.014158047500499475,1091
0.027412677597099026,0.026041911430182498,1112
0.06898368924180082,0.0444909600737655,52
0.01758529257160471,0.0156209567363255,873
0.02847645719405374,-0.003337615707983967,277
0.008699725703499828,0.0036919962245862887,803
0.14464070028516093,0.005385612726898033,65
0.01584688218265922,0.01381906096121641,1166
0.04706081820367068,0.02240347607565429,219
0.014160236043867094,0.012079107231545271,1278
0.0,0.0,1408
0.10729623261382612,0.026710005719331787,708
0.14648904848096972,-0.002692240209275551,522
0.008451356199689414,-0.0006555474760311984,1412
0.120997909410055,0.011442645470352272,442
0.0818647723123193,0.05826626512322938,212
0.059207203883619275,0.016202616838943053,355
0.009892247543886942,0.016646680213555937,1411
0.010073780880233132,0.02923612913970294,900
0.003454581521816304,0.01344808179846008,1301
0.004577320170891638,0.009140809430752028,858
0.044854413637023714,0.01526699890370407,566
0.13352291400684355,0.06843451469023834,366
0.01183931296817689,0.008455115402567893,1279
0.0,0.0,1596
0.0,0.0,1634
0.02456522175715088,0.006806239815698121,1077
0.033673805784843545,0.03516315931332532,1005
0.08088890760682488,0.04518460957606712,130
0.045957278770835504,0.011001813187240047,848
0.009187141991814866,0.004928617610225489,555
0.09981079900214349,0.06231803460433884,657
9.853985138082889e-05,-0.006075531132024042,1104
0.09485064780140375,0.06871180609406244,447
0.09929931418786059,0.018167545514191502,10
0.007273902650049419,-0.002173398332934353,1281
0.012074578895984338,0.01154252778856929,904
0.046926317659156135,0.01682611750439257,805
0.10108783354438632,0.03039932006775249,13
0.15294331068928507,0.026803987323149796,238
0.030893510426624415,0.021406850845136216,742
0.0,0.0,956
0.021032029631813835,0.014651284820483895,1487
0.021448508104905124,0.020768863428510132,319
0.0,0.0,1293
0.0,0.0,1499
0.09826545374151131,-0.0023811896691519493,518
0.03975395498429505,0.02305784540326969,485
0.01204187850240533,0.0076998973798375865,757
0.15775111579715206,0.06468781188208608,659
0.0019360952380071059,0.006806688542380017,1294
0.0,0.0,1664
0.11858731984544467,0.07270860077371112,117
0.16163703172982793,0.035646520507516696,596
0.1476836330489531,0.03377361834858527,86
0.059270083883916545,0.044420630240436174,457
0.02070228324998308,0.018203483212374413,1055
0.026727877513128905,0.017699936446272362,758
0.0021717839393822097,0.005767363336749758,888
0.0,0.0,1417
0.040393627691379594,0.012454233782783234,611
0.06252194331695601,0.03975821480450795,146
0.0,0.0,1345
0.0,-0.013420850842121175,1394
0.0,0.0,1258
0.19985805174905572,0.04164784602705503,189
0.004992554863573835,0.016582886719129518,1113
0.09129946603702667,0.023294896006303394,500
0.030919461422914223,0.023121421979754888,330
0.0,0.0,1361
0.014880977149107614,0.01784509197606829,1242
0.09555806266889327,0.007380940565266499,779
0.0,0.0,1416
0.008133558199239117,0.009176610181322986,953
0.10025783576407718,0.042089419064535935,728
0.05778755173785377,0.028431244446066466,462
0.08300777522993434,0.03824291564988754,499
0.0,0.0,1259
0.053527950915426774,0.013056904649173902,716
0.0187655715870661,0.016630088545502544,877
0.03387914113130013,0.029581302034717757,348
0.004375813040287264,0.0074471354214482016,1153
0.14615644819962062,0.0513751304656345,10
0.05929892006128941,0.0021506807221268413,647
0.0,0.0,1546
0.0463011340190885,0.01574650396468428,337
0.03035679047553303,0.009653594905554065,341
0.11304045650632269,0.03015242366834651,545
0.0,-0.04454459932122925,1304
0.0,0.0,1637
0.2366502663641057,0.03348044853489915,473
0.0,0.0,1291
0.0027547134924241906,0.0034143594725552923,690
0.23555001472191153,0.04712718669570491,27
0.032004037004670804,0.018072076812212075,1141
0.09233785204640738,0.040918956142564286,1220
0.0351545199722608,0.012078056719660777,1031
0.0,0.0005144675050967074,1398
0.0,0.006223002369025488,1545
0.0,0.0,1293
0.06270719448000706,0.027237305747549144,608
0.0,0.0,1599
0.10899572617211079,0.04529824295719164,151
0.02101190704486437,0.03555541522656685,276
0.09065328760891718,0.021700587183677025,493
0.179153796571377,0.040077175179265206,181
0.03224072404051345,0.041416049689429,263
0.24249568134293237,0.08229860479643093,186
0.037078764257766676,0.020596164686909033,673
0.06372908707433769,0.031111039582839298,925
0.09085100178900557,0.049497357716308414,513
0.04267375770490697,0.01725515508524596,751
0.1377120990929097,0.0010661796547414544,519
0.021713872673775936,0.02286142219329593,1502
0.07047526748945575,0.03688041853648066,462
0.04907217108593594,0.04251050961794765,622
0.09878505085589749,-0.0014640995442834637,440
0.07721242760660389,0.054246688021537065,613
0.0,0.0,1504
0.003927285248117357,0.005526624387044338,1394
0.045267334852140295,0.009941985582515883,455
0.0,0.0,1664
0.0379710733200346,0.02899714724890927,1112
0.016376059071160427,0.014705774192022455,1115
0.018575469812833565,0.011978855852421935,1173
0.13373494902602306,0.07561992833879398,264
0.017200775153146358,0.014867357151844868,1427
0.044555770399189204,0.031091151851828168,291
0.05965095082643512,0.01753223735428566,782
0.08151035519580643,-0.0010531974345824328,44
0.01915910689912684,0.020738029454618754,680
0.026419693552496158,0.015699391389348713,1097
0.17540353269443562,0.004572897664360318,222
0.03467462577266972,0.011296920776649427,1051
0.11932517030683647,0.0325246781712422,516
0.05726759183583816,0.01785132008339196,645
0.06127428871503493,0.028431336954857334,1221
0.10539886334345523,0.03385261568007097,26
0.0,0.0,1632
0.03525518857970555,0.02546105700792277,610
0.0,0.0003989181826264225,1122
0.0,0.0,1415
0.0,0.0,1429
0.0,0.0,1543
0.0,0.0,1471
0.1739274234918865,0.04843423554619032,184
0.054678121944755395,0.013328270751113818,1219
0.08113084536775866,0.04818968592791843,415
0.04169684008332219,0.02494149740710209,248
0.04879685442263293,0.057237341414098,1209
0.0,0.0,1629
0.029638645318958202,0.0035764532089249735,981
0.07956748067826895,0.03369865191309044,260
0.0,0.0,1398
0.06295493726536147,0.022030908018406997,928
0.13080508135043403,0.0731346961099509,189
0.09990511030106237,0.04076737407222452,162
0.0,0.0,1292
0.04197326118386301,0.033313818827564,576
0.014344875988089027,0.02956250364572085,1191
0.08841284931949757,0.05902009208021772,216
0.1341087637281087,0.07531061096553683,202
0.0,0.0,1348
0.014754129560547198,0.021434846853564345,351
0.030338496537268157,0.012717604084007338,1310
0.10739965501378622,0.024736333229410667,484
0.094790331687599,0.013439430396110667,379
0.02355495970850244,0.009208153310808842,786
0.03205375564931941,0.011562528496415559,1045
0.0,0.0,1617
0.12458751992690967,0.03702236256256847,1038
0.07367814123803072,0.030144272258359656,272
0.09488932639179809,0.006079711868161692,487
0.11509024205993618,0.0359460094657863,210
0.1695823758969175,0.03871229551229555,419
0.016810116522953035,0.020465618378193544,620
0.060147063166925585,0.05230478415960945,826
0.041490573287685316,0.022259221419458606,1108
0.0,-0.002805665117231601,956
0.0,0.0,1543
0.0,3.000051152848166e-05,1329
0.05192899188332321,0.03297438752046663,648
0.09734402528691481,0.028581240927338977,136
0.0,0.0,1518
0.0,0.0,1137
0.0,0.0,1666
0.01233532456112926,0.0068573307883716805,1461
0.016472489129937595,0.016486825256298212,1188
0.06841365456726077,0.029758698726127866,139
0.013787071165740397,0.015166903603146788,531
0.0,0.0,1633
0.07448390168692082,0.03977521094163932,382
0.07406295387176207,0.052854400759481966,560
0.11414870504480008,0.008027877400126018,646
0.06382770379327192,0.061759747019198875,318
0.015345929109802836,0.05377855893920518,1093
0.2063809863735824,0.07266476086392562,182
0.1633607066251769,0.009941205780103164,483
0.00866489108282516,0.006394614507655029,1288
0.04542454467987201,0.018707214476111712,591
0.0,0.0,1552
0.02197260509846227,0.004252752641866516,969
0.10826138480505296,0.0358680588147807,522
0.0,0.0,1145
0.16965769454281462,0.09604218145755362,233
0.06173045347910608,0.05368573218696128,476
0.0,-0.0020296910108976596,1441
0.06290363571284094,0.012061275087354249,372
0.0,0.0,1592
0.02725077992174089,0.006716772521242227,1223
0.04234638207302489,0.005873901226155813,1091
0.15708792755434334,0.019323461603094914,709
0.09290526933744978,0.039421796847715934,454
0.045596276783459365,0.027742901911403047,109
0.055583326017710565,0.013326709692080918,618
0.05150469992353115,0.014798237056743057,854
0.04271552246441939,0.030066575259122316,439
0.08781704086192585,0.04546770849376496,641
0.19110474861957905,0.04159756035006602,567
0.21984494378102293,0.058491730002163934,220
0.026118690350436728,0.02881423791647892,579
0.027571653172752623,0.0048551320575053025,1543
0.04282824498481538,0.0010649618061066878,1477
0.02443397602977703,0.02535161643804992,932
0.11843252144455566,0.029129090945176236,233
0.02612164682435127,0.04931237668474959,276
0.0,0.005911146643114281,642
0.06566044455069212,0.031953793035188104,326
0.08436399358484464,0.060553555148529434,226
0.04126068922603109,0.04213900234275968,968
0.0,0.0,1483
0.022710130252573842,0.01750352798137803,990
0.1693113217435367,0.06789968395366522,181
0.0,0.0,1357
0.03759214899074066,0.014719533991264097,1184
0.0,0.0,1609
0.10821470992617534,0.044546042689048715,471
0.051075844248006624,0.026747171840743943,958
0.04540277258533261,0.020529167087839067,895
0.1327863439146072,0.03426372267958987,55
0.10257332708546102,0.05019976818458924,1032
0.017853464536675558,0.025649258652935252,1166
0.018579557616290557,0.03690678980372638,329
0.010013123966209196,0.007968616979180578,1487
0.03709389716051785,0.017436409049347044,286
0.04914448741015858,0.025607402203459504,619
0.08009110678158694,0.03708568504532183,507
0.13516246143126645,0.04157198727102746,156
0.09786671158819987,-0.015302971087391082,780
0.029865374855336177,0.03880459038356423,740
0.08952658887602737,0.021322897653029072,61
0.02494577701401041,0.03283536944071801,369
0.0,0.0,1595
0.048595543612778146,0.029044581079121036,50
0.09486822512460841,0.044708471894470275,92
0.0,0.0,1566
0.07630091886673372,0.048309666191377665,677
0.0,0.0,1631
0.07338683184314834,0.038831457632435576,627
0.0981632718292717,0.020953344381627072,508
0.06291111374204278,0.039159436051447304,484
0.06116913944950992,0.03127684601990408,220
0.008081753680221957,0.01300330834063863,953
0.0,0.0006794833194048942,1378
0.0774325575417963,0.019142574861941215,1209
0.02627039173398179,0.018466151725704507,36
0.016059553689886038,0.038500365155080714,1482
0.0012443584001687743,0.002316308579232964,887
0.009546223701296645,0.029702034351476513,837
0.04715164420801925,-0.02661282860417444,259
0.0,0.0,1357
0.142591282492347,0.07037371345056029,281
0.11246698281321915,0.059641499284545776,449
0.019317917777884067,0.006702921909471525,1080
0.024156793568091417,0.027507072254615624,774
0.08057027650327217,0.016020377555717398,707
0.06651252451777022,0.0007090186554033996,1227
0.0,0.0,1577
0.0,0.0,1466
0.0,0.0,1677
0.019052774610243853,0.021807258170257762,521
0.0,0.0,1432
0.026940514631964955,0.025193447769865377,682
0.014689237773684312,0.0031400097345633906,1436
0.013557518882830964,0.026046371402022726,757
0.17630504026751095,0.04105933278159334,10
0.0,0.0,1676
0.0,0.0,1155
0.017067916960767066,0.022423306387490776,908
0.0170044565497886,0.044826360881103415,871
0.16793805965492714,0.0530468400158549,22
0.0053308950628662,0.0031128247863100107,1074
0.010903451689165724,0.014428266071346622,994
0.0,0.0,1500
0.025408822323860422,0.019557362394057885,1192
0.013849228804263257,0.019294764341604168,996
0.04919598219334278,0.05393275268757969,701
0.08411528551734256,0.0010648170213814181,321
0.015577682153135625,0.014357366372355266,1173
0.08618479088888409,0.08065385909573476,258
0.06688778286593867,0.03817569233408764,746
0.0,0.0,1525
0.0,0.0,1569
0.0762603530825545,0.034446444495219795,758
0.12545217307962292,0.06021242457814936,527
0.010240597980990066,-0.0006969379698904812,1622
0.005775692847030548,0.008049312234495624,953
0.1555508935769498,0.043150393392148996,731
0.0,0.0,1189
0.10230118515407415,0.0605514150695979,312
0.027288141910593904,0.011945559033582446,1448
0.06722264862782297,0.052971635157444734,580
0.0,0.0,1679
0.04672697735970541,0.0213053628921222,84
0.09671392474430762,0.027971234109617934,796
0.0270390286913808,0.004525607771052621,847
0.014780134072786789,0.03695092198327668,547
0.01772872406074324,0.00833316431960737,1296
0.14289232931618198,0.044780315492449214,41
0.06527656696584204,0.02381368592631307,279
0.010686548567560222,0.012320357914120087,1478
0.11633478329376676,0.04455319686094328,496
0.17453454408519006,0.010339442693399663,656
0.01557032593649276,0.011142126024324349,960
0.1325627022789232,0.022915192486997565,522
0.0,0.0,1095
0.019213302852656145,0.03243404834071041,1059
0.03973944157831964,0.04368750114450339,622
0.02078589072961724,0.016604860083423843,964
0.0,0.0,1366
0.062052868647670775,0.00793460816330032,263
0.028810202666205972,0.02027829401933758,1282
0.10029220676076839,0.02137286030200215,403
0.27173806572985365,0.050479993970768904,88
0.1466806122695457,0.01647633882845944,192
0.21776188270731614,0.01945650991666783,482
0.0019372933191004501,0.007780750750537509,1539
0.1681551541226962,0.025592217366189676,169
0.14177263614169736,0.03565173932005244,605
0.0,0.0,1657
0.02648745210103378,0.017591168912870738,1225
0.026033199937028826,0.05693603208898282,852
0.20923170056811952,0.08275673025410943,133
0.001964792403026168,0.0017835966500199822,1458
0.0,0.0,1242
0.13084732868138504,0.07231043444080287,204
0.0,0.0,1500
0.0035248745958531115,-0.0005932728407471764,359
0.013434027070006217,0.02403211694062788,1517
0.0,0.0,1537
0.0,0.0,1583
0.0893244773248682,0.012898382201635212,743
0.2282458471661887,0.055908119299412605,791
0.04133104540163578,0.03849163485807921,1169
0.13402480994750435,0.04241659904424912,147
0.09371033253121375,0.05310692514772577,87
0.07235355019873314,0.05488104419593151,1100
0.04981750998665408,0.040373522663554914,1008
0.022904703877626,0.011508596893466555,1135
0.0,0.0,1105
0.026158527131306366,0.01959263484494167,36
0.05597658215015688,0.024496551425371098,406
0.0023261023853571746,0.0073950975482807175,1539
0.0010774187635976447,0.001760722591051648,1473
0.15294331068928507,0.050394624696804544,231
0.0,0.0,1324
0.0890015857635858,0.033114466663564275,530
0.021485191792970777,0.014634193531683996,763
0.006443749421666387,0.015504258643214714,1092
0.07194836643639164,0.0366904661707225,840
0.17224853254974304,0.050518759116686185,727
0.1894769841868492,0.03431556591508535,198
0.05857058291080991,0.014794181699123166,855
0.11477948465282048,0.03127171596181567,496
0.16380284170035203,0.03527493148977598,160
0.1792732576448565,0.10332440341081288,6
0.017990970290825928,0.018417065391970692,1136
0.15144730747057125,-0.017647185301932215,184
0.0,0.0,1510
0.07592198475600093,0.05930903746786731,927
0.0009225383391499189,-0.001843481387080319,917
0.003666366124514559,0.018726335896766155,1375
0.09256625087477428,-0.01439911695268586,70
0.017091337057257194,0.018370634646714727,1128
0.021602841230971108,0.01180557410173874,456
0.10178895457389443,0.02262869935119783,649
0.07307877027937047,0.026431354521750078,223
0.00635287525594026,0.017029813476748142,1083
0.09384688248688856,0.05065648274867409,615
0.038748889800525516,0.05975080882362331,342
0.0,0.0,1384
0.007557962969226401,0.010246174083237556,1042
0.0,0.0,1340
0.027186339472535955,0.022076176907188834,899
0.07744045905243582,0.02484282515558174,69
0.08554281112019567,0.016597473122002656,271
0.002003026451986947,0.019262544897568578,1104
0.03371286165010023,0.013686065811180766,694
0.06654783455492864,0.020772720675865358,560
0.18753841959284684,0.004097766652575049,49
0.017176757662284894,0.015783583577720178,35
0.0,0.0,972
0.041912163083924474,0.014971971819019513,594
0.014110961817414426,0.009215928065681982,1263
0.007121721205102788,0.0104325237562293,1286
0.010764075893905925,0.013459338606936213,358
0.021411177638221816,0.04872357561537627,891
0.0,0.0,1002
0.017685783685013518,0.00561236986018666,758
0.10540977279311793,0.021425491117529127,529
0.0,0.0,1481
0.0207773612554368,0.01450301537491548,1268
0.03026349871487857,0.03139928506870363,261
0.0,0.0,1338
0.0191997443906024,0.007061963104760573,932
0.0,0.0,1622
0.0,0.0,1484
0.0,0.0,1211
0.020652178814047926,0.03932679501726807,1116
0.0,0.0,1234
0.00022362379397490657,0.0043606076439931165,1265
0.025802874474725283,0.035267501554508245,1299
0.01259046972085604,0.017118157619055312,547
0.11088521750376053,0.07055359341256003,87
0.08907379195923981,0.022140116699597513,153
0.016623397360455008,0.02766507749022589,555
0.017683071716942573,0.019286176566008895,1167
0.12271133785974164,0.005802434097184756,489
0.024592480991411515,0.01031711042658543,866
0.008040733419251175,-0.006030794172697273,790
0.0,0.00554990616809621,1381
0.027278294524099637,0.024218164363488344,374
0.15732894642469863,0.022617992409456483,86
0.021908922671586836,0.016651746314892885,533
0.06164022383960757,0.03982427226444152,743
0.10742656324514761,0.035874320435626425,378
0.0,0.0,1469
0.0,0.0,1518
0.17729355714694722,0.12301472765964362,747
0.0,0.0,1647
0.016486387421826964,0.014320798440528875,873
0.0,0.0,1292
0.0,-0.005468570451244559,1417
0.06784029729146117,0.03435088620246191,569
0.015822609952810103,0.000958322178986222,1231
0.1114119487032576,0.028228804687181377,197
0.07414748860454057,0.06592382840173028,132
0.0,0.0,1242
0.0,0.0,1537
0.03841517080153547,0.03633733109604783,363
0.09565884850385438,0.07691499912246622,281
0.03838933928174276,0.03598343978898498,318
0.032143038575257986,0.04803500192822921,1035
0.025129145067390113,0.01477736908145619,713
0.0,-0.0002211975792887489,1626
0.0690321200423271,0.027173108743608003,115
0.08151135643482318,0.04243550807395039,1220
0.0,0.0,1512
0.045604380285939224,0.006271198886282138,611
0.028493978296313602,0.0455675070826612,1169
0.0,0.0,1353
0.06837871958107841,0.03377841784004652,970
0.0,0.015652278345335027,1493
0.06503070139748458,0.03264498606869164,146
0.002577207233841633,0.0015793053262946417,1067
0.07544364056537473,0.013574611058547384,630
0.0297432122536422,0.010983426052510329,1448
0.10956534880131927,0.04837735265643391,330
0.055517152692027116,0.026973601053649595,941
0.07670484470756331,0.021007790130233916,92
0.02123506090670339,0.027417901875980137,1016
0.0,0.0,1449
0.0934979970488405,0.04646763381230501,105
0.0053247602600983756,0.004840243671462146,586
0.08292810697227138,0.012642864538117167,71
0.03452971370686189,0.005275431216425053,1420
0.10945715696178566,0.0664955617283795,844
0.00957987227172968,-0.0027662395816705847,667
0.033556327274894396,0.029768166992185055,304
0.05786768583621532,0.019068095097685662,1477
0.04384735286690475,0.025709594275293787,1192
0.02336578185836768,0.031076723499620745,739
0.033543305755596976,0.011544411328316895,582
0.01933867410463125,0.024638751544158222,252
0.043217034195413694,0.026969319342754608,749
0.021194922174701678,0.01938017825367811,1182
0.14056905877426382,0.02346128945901993,37
0.014177081525666931,0.018955109680447405,1494
0.0,0.0,1664
0.004472619654302764,-0.0027362362883208975,1267
0.0,0.0,1423
0.03556354234629965,0.014288409524016159,949
0.05375234418972587,0.03602069459321238,610
0.29765021240972966,0.06917804933158113,653
0.0,0.0,1368
0.0,-0.00024089747900999737,1454
0.04781777079357785,0.03557649687134841,107
0.0,0.0,1606
0.02339480284801246,0.025372136660067837,1119
0.04232488096418741,0.049805894133198116,1065
0.0,0.0007898563627515292,1604
0.05810807932847295,0.05135814975088713,576
0.09014777535528616,0.036691605651340484,659
0.0040226583605992615,0.005089419748759048,1147
0.007114802465084613,0.02436456976140023,33
0.009887849846592186,-0.008131394204993158,892
0.13131533919219868,0.055154252968277535,168
0.014047625517304712,0.02869454850248056,421
0.023001020402421996,-0.001141538705696704,348
0.08899258735595895,0.02080825967635716,52
0.0,0.0,1492
0.04409578551266342,0.006943125732629139,363
0.11978357241556109,0.04135160940675288,7
0.0,0.0,919
0.0,0.0,1401
0.0,0.0,1386
0.232060868399989,0.05793655787912446,65
0.10936874248819785,0.09044875835476732,236
0.0,0.0,1026
0.02753105209625646,0.024077734491428013,1102
0.07174908138797252,0.029502104166795138,455
0.08267131996527773,0.02542957905940098,92
0.18928445445157355,0.04474460253711406,21
0.1695710500595614,0.013411628610287744,731
0.0,0.0,1548
0.015941679336115337,0.007131683228312739,679
0.0,0.0,849
0.006827962113405197,0.010094878079625016,1265
0.0069117719977892685,0.01487783264836929,1374
0.012708497004436325,0.007750061849760566,1478
0.03528902790037255,0.01405573782756014,444
0.0015430883444660824,0.0025740545522242126,1312
0.018093800813786986,0.022821719514375772,900
0.0,0.0,1240
0.14457673945989474,0.07975042739559114,384
0.03863415683453555,-0.022096513438342565,242
0.09555806266889329,0.007095723246914094,406
0.17244815575169656,0.0017715256023076817,481
0.04351622233999774,0.056177699403871593,1010
0.021001539459378212,0.008972450331171895,1181
0.0,0.0,1480
0.06562724399469583,0.0758188310360206,2
0.0,0.0,1145
0.04102604937162174,0.02330196219208496,968
0.0746096659629335,0.00989915298894656,466
0.0,0.0,883
0.014738099462638259,0.00878379350759694,981
0.0,0.0,1492
0.09778798158331078,0.04368122992087275,141
0.10501860674579121,0.05300918644791912,480
0.036061372867824806,0.043357985070073206,1008
0.08376088271126841,0.015744609031160123,213
0.017233069048638694,0.037166462945626845,1048
0.17106514758386646,0.06490727460261568,233
0.010291457812468844,0.005531150056041991,781
0.09649768949032003,0.03924131524478037,217
0.04987168469475738,0.03770760210688281,918
0.05079083936734566,0.012014191613886902,433
0.0,0.0,1533
0.06009641469909689,0.05041436427643959,641
0.006479244258182083,0.0017756929746729133,869
0.0,0.0,1537
0.1724422025428613,0.05344435115402331,549
0.0,0.0008130867994882015,1392
0.010760882966458534,0.03049710442668807,893
0.09009110535648823,0.028652653139141757,35
0.0,0.0,1447
0.1347198796975878,0.017716317815825704,47
0.012660483216929185,0.02066756638287824,1163
0.11455138977329483,0.040840535677332784,460
0.057035267525058296,0.014128626479927528,632
0.11315074341626859,0.0390164306004815,76
0.06896551971668238,0.046296546815908314,588
0.0646267917753527,0.013578470253700826,1043
0.01920526134086218,0.006823550822110258,1239
0.02334582477288124,0.019221499309937454,1207
0.14223272319266766,0.05822769512938735,149
0.08481000767132907,0.042547276028233535,622
0.04286383994691192,0.05571861370131875,777
0.01565169034000488,0.005329845444561965,1336
0.07972025601565315,0.035169706512948186,1027
0.019139989679545045,0.01703972333460041,850
0.16888705228340384,0.05803007910242188,553
0.0,0.0,1647
0.05138766192786111,0.03738264753767605,536
0.02508168235592167,0.0054229399763811165,544
0.20293687713494277,0.020545075516705442,519
0.006306724752274663,0.00318394791748078,700
0.03803738851852362,0.024747557769481163,109
0.023931813240816068,0.017324207053979735,1152
0.01783535270271716,0.008855267048764236,886
0.026582238825291295,0.042103866688104015,538
0.0,0.0,1001
0.15396666075107193,0.057739219824951525,449
0.05373083338130159,0.029753059369477204,100
0.1949823490354992,0.015559965043012623,63
0.0650231706575961,0.016947402950907884,29
0.04329911979097887,-0.0014788290367063796,772
0.0367051515892721,0.024306287634958335,1418
0.0012130341025664026,-0.004137676980968436,913
0.07957365435185733,0.04141932749836416,515
0.0,0.0,1659
0.033666769109999085,0.01898449837129976,862
0.10898267972566303,0.029235227429067964,501
0.15559404220904563,0.04591676238743609,99
0.06222793419483941,0.05016530700729665,211
0.0,0.0,1366
0.017633357734753437,0.016320887192415513,953
0.040999924432458944,0.007192465529231112,800
0.02858232262024617,0.013122113443194262,928
0.02628894515510942,0.01809362674812983,536
0.01627197649265339,0.00997494115832597,458
0.05507498459929188,0.03686387843423623,714
0.017657159427163484,0.011032099028348688,1130
0.0746394331543571,0.019336552626835275,594
0.04981093669985039,0.052259946751512416,701
0.0023561846330808884,-0.005480171793585857,1516
0.026789344362703554,-0.009041944205275342,742
0.05474753842583517,0.0356975092050103,108
0.05755793636918198,0.058422356964138174,205
0.013187737241208187,0.028256597519815747,5
0.03851786909478569,0.030903014710359975,932
0.021523385561834744,0.00843777410598326,737
0.0752715192446628,0.05675194996569894,297
0.05491025451912026,0.031932445709753454,306
0.0,0.0,1490
0.0,0.0,1124
0.03140970459755953,0.0059226523282965215,582
0.0,0.0,1546
0.152355798597592,0.025806986918169485,204
0.013208420269811507,0.008628369537166532,765
0.0007777429839489592,0.005407376382508741,1312
0.032396790217799835,0.036135030478938034,1087
0.12225918155432196,0.03217653255234975,143
0.04114631647526993,0.006444124421138606,1410
0.03627111434215796,0.027547790107316443,296
0.0,0.0,1323
0.027128512078876014,0.009044693085503066,1178
0.049883222674423945,0.06154860676084998,842
0.1172424220917815,0.012468133193087526,81
0.013289425471052788,0.025041454948205248,1005
0.015049999993770647,0.017713331344172422,1251
0.05704984804075913,0.02914296787698427,457
0.0,0.0,912
0.050577987020808415,0.014134505921528238,1227
0.10346983067216911,0.02747046880254487,403
0.020945052884664746,0.027215478076688566,15
0.0,0.0,1634
0.1331776008718416,0.10688955329407093,297
0.11326410058211472,0.056886918667360495,780
0.028314697169920057,0.03025962021599216,881
0.0,0.0,986
0.0,0.0,118
0.059628800617608446,0.03936612355667981,300
0.01182710974698751,0.0291743076515877,111
0.09054764345786144,-0.009270045752524552,284
0.008499418948083213,0.012583042619977622,535
0.04214044992105323,0.030855077345584927,613
0.0,0.0,1370
0.0,0.0,1591
0.0,0.0,1402
0.0,0.0,1330
0.05438198090152302,0.039256504514769607,606
0.09902367523308113,0.03559139593023007,454
0.027183364541705002,0.015363361765677855,1148
0.01676917806066756,0.013362652467337149,1448
0.0,0.0,1129
0.030624584594538026,0.03101106384944826,923
0.06199858440569291,0.036623511136661346,383
0.004737426970510074,0.014251195410989674,373
0.0,0.0,1241
0.0,0.0,1423
0.08809465713360139,0.04726095547134352,71
0.06469058158975942,0.026974974768547186,940
0.0,-0.0012694889824968311,1663
0.016758623035653394,0.012089023317068941,1136
0.052103790802465265,0.04245362898663615,462
0.0,0.0,1356
0.05616576375564866,0.0339472539899997,611
0.06191829293792739,0.008812103263452952,685
0.15965788867145667,0.06353140532938885,691
0.017966881023546568,0.0279975428433624,252
0.15943016463677603,0.0739225625809547,228
0.03443615955459834,0.01595352118131491,772
0.0,0.004075442529898287,1373
0.057070376838817855,0.05226979749666737,855
0.09452760127723994,-0.0035443518304792603,212
0.053286588488256126,0.012230967735924431,941
0.03621717552650377,0.03076243984527181,1012
0.07976254858744065,0.024181722680975685,968
0.06317867545179535,0.009473038956472885,1214
0.02951311335911417,0.02173110391979102,835
0.08694413881140173,0.004488799824237075,605
0.0,0.0,1584
0.042347867265745576,0.010919265607506744,571
0.0,0.0,1428
0.002132626630769473,0.005348589912858142,690
0.03981458095939833,0.01039298357476305,399
0.20686085378532743,0.10572149486420071,587
0.0,0.0,1361
0.27513189284857165,0.05769316243702848,37
0.07040834330693717,0.015810433280674177,1073
0.054318550513548745,0.022773567676332276,839
0.0,0.0,1611
0.0,0.0,1609
0.031493236182699724,0.01816930924051509,263
0.047198825190628145,0.04288612991212306,569
0.13054725705748121,0.039403786233802474,734
0.08721685896306211,-0.005233238858665746,493
0.0,0.0,1484
0.07164877118238294,0.03180408037404708,958
0.0041180834676430135,0.010819816705538629,1396
0.13363629453000453,0.030203985795384195,75
0.043837065913655604,0.03523904043731277,20
0.0708018964326657,0.05427483898372697,269
0.10044783074519553,0.021411734671669617,514
0.04976721068746591,0.03008072709667468,405
0.06355587141082963,0.05446124873341057,774
0.01792330234029476,0.016014972915586723,1146
0.0034379758392118253,0.006056659042398208,373
0.0,0.0,1634
0.090298421508307,-0.007275893921710594,424
0.0,0.00643442020841897,1393
0.07221573019932728,0.03269644506159259,515
0.10948117547178324,0.03484449610528425,646
0.004904395432217517,-0.004819419884470394,1084
0.06976936532735267,0.038549780804991114,383
0.0010625542381895467,-0.0035268124922873513,1607
0.1244386433434807,0.027383051485953415,603
0.030349806955043378,0.015649135007037015,748
0.0,0.0,1149
0.08653872146324752,0.06002744455436663,952
0.02509305461729014,0.022515912372833184,1243
0.00730806959366892,0.02055238903718144,308
0.15190256261434693,0.005546517734764992,654
0.07430563521073098,0.020555941277666107,321
0.00895834362780957,0.008292048225620711,702
0.0,0.0,313
0.012409086886709563,0.011976289210522234,1151
0.017036068859110274,0.01749528899810703,1159
0.0,0.0,1286
0.011754958182536586,0.02009681796883432,1482
0.04313360283874923,0.014770766777535471,799
0.0,0.006668520912969291,956
0.029936866950678025,0.025662781807702296,546
0.0025483098936041598,0.007779531049838526,913
0.04608831320082422,-0.00650515417636736,263
0.0,0.0,1520
0.07392867247308665,0.03014859557477209,121
0.0,0.0,1525
0.038482356974095897,0.02896874457654899,1477
0.0,0.004152390571208667,1154
0.0,0.0,1107
0.0,0.0,1676
0.0,0.0,776
0.13104876092102838,0.06899199984248873,590
0.10456828369893367,0.023881827458898674,217
0.03017893526535477,0.02897987637557778,261
0.0,0.0,1485
0.04564465351759265,0.028724790101188273,864
0.1430751541936739,0.016797417970872933,166
0.04603383097572005,0.01808337310713539,576
0.09635618891576143,0.02614527319100487,461
0.0,0.0,1506
0.0934925030600726,0.02996340936817939,87
0.06171637471778931,0.040490321618553024,701
0.11096004079201197,0.04530524022777586,738
0.06883087317078283,0.06676666897804073,59
0.0,0.0,1463
0.003534128865619482,0.011107940014570519,336
0.1014685945302009,0.002971889877485473,530
0.06989261045788148,0.0317071964128245,16
0.03258806423087985,0.02662169315977406,1310
0.01299160125507911,0.03762483662130515,308
0.0,0.0,1601
0.0023604506113888567,0.001097929901795881,34
0.11800575143942375,0.020529703815298832,94
0.0,0.0,1621
0.046631670103352806,0.029380961058433644,955
0.11758645938074161,0.0318350668836575,495
0.01879413401305255,0.02686735582554368,1283
0.08233235719015951,0.028529796691796498,764
0.03216489785486317,0.015604388907665207,1243
0.07288046885251713,0.04378056888867944,801
0.026261449399490284,0.03352064597459145,1112
0.029126768452996086,0.02843273142789469,687
0.0,0.0,1608
0.04725240234323484,0.005250316761850902,523
0.0,0.0,1626
0.03412386927441758,0.011720602227668946,1223
0.05034668699791003,0.003379361443179491,715
0.050226418489580184,0.011791703796556164,1266
0.09316159957337708,0.03922108895605267,156
0.07960000951194461,0.014762821236647065,157
0.04113712201253199,0.005973173174621658,363
0.011912072828165782,0.022265672330284605,1098
0.0,0.0,1442
0.09910802843140612,0.026793796125137496,363
0.011453089716081147,0.04733993797331631,351
0.010623378558020638,0.00031041858372042233,1054
0.046899460222249174,0.014217454292524847,1207
0.0,0.0,851
0.08988233854149982,0.03171539524910325,930
0.02875960866040436,0.00893316935263885,995
0.0808277724101602,0.028021975237853824,1015
0.04339390358053711,0.023812271870687945,889
0.06503421887163399,0.011926622090029702,29
0.04426920538023215,0.08521612924903678,258
0.10575048443310839,0.038305016168867,12
0.050323736461344144,0.051909396728261586,712
0.006277585871706744,0.0031777274180010847,266
0.08848072300847985,0.017407445239567717,400
0.0,0.0,438
0.04365543722386412,0.04006086668480155,886
0.04038664726983408,0.029652034192528137,663
0.03004268175036397,0.013122681892168902,463
0.0,-0.002696367491045764,1253
0.0,0.0,906
0.03875760172469935,0.03680630433796758,1252
0.02007689272675971,0.0002597804027246299,763
0.04480081082654935,0.02526888487442638,982
0.0,0.0,849
0.0,0.0,1532
0.02994484765572024,0.007499539935006748,772
0.09035250380041784,0.05848688057728745,404
0.023150416327258044,0.034835100849666886,1128
0.0,0.0,1391
0.12349730986910115,0.07693316472279096,404
0.0,0.0,1289
0.025407831751130875,0.008153746408218787,296
0.0005838596681008312,0.004348130225767663,1387
0.033431308189959326,0.014998369684020487,804
0.0,0.0,1188
0.05371918090839548,0.006829375711900596,607
0.1438851237425826,0.07844095003831181,734
0.0,0.0,798
0.0,0.0,705
0.03416672355535896,0.01594562321454782,644
0.0,0.0,1518
0.0,0.008784908287071458,909
0.0020501740020009624,-0.002164333604189831,1417
0.036789703574976,0.012119041515823579,572
0.009645392597698189,0.027484730582489493,1083
0.09694565276318398,0.029084606008461907,799
0.03969939684703775,0.013217216494723887,362
0.0,0.015652278345335027,1485
0.07477540153285495,0.03126687886179207,130
0.05936318243388485,0.03967346316596373,671
0.0,0.0,1338
0.03190843932404383,0.03583861974697206,1064
0.047171315235916486,0.05212541884646612,328
0.10330590956908739,0.026402567332499446,284
0.059066933830893814,0.0279651649854592,499
0.011437718694656498,0.002734021909625276,1399
0.018424063988288365,0.008523039123302214,1516
0.05869743068245453,0.053630507482985965,406
0.021788700059716264,0.007456923096446266,1150
0.10806457772621134,0.08491843250267463,285
0.0,0.0,1601
0.12134934414340931,0.018793822919040214,377
0.06974118421434762,0.06482375573197628,467
0.5342746283014878,0.08423281936822948,165
0.1453601135506572,0.05251351317928805,577
0.03948610365617794,0.03972789059558736,983
0.03816325500560337,0.0359272740474354,1064
0.003603925555058007,-5.49103623888768e-05,1378
0.0686228750997662,0.02628100829836114,130
0.014124285833737302,0.01577047414749182,307
0.2479447179630223,-0.02127421524428882,602
0.06189688579211788,0.02056035315593503,467
0.0,0.0,1316
0.0,0.0,1656
0.0,0.0,1365
0.014155147625580608,0.005556420233875554,1104
0.11710177406650474,0.056924619568898716,226
0.03545140884641412,0.010669579025829148,559
0.030524741378415668,0.045282764103089436,877
0.036023575194591984,0.038397130488901636,531
0.07795386247692235,0.02936457045168171,623
0.02236895421145272,0.025207042302211546,1150
0.02703729259844784,0.03637246776342783,897
0.0011079248432889139,-0.0009089382335894938,1270
0.13720491825067463,0.036942162481605985,71
0.04360562246883501,0.018595753500999606,1177
0.0,0.0,1580
0.0,0.0,1454
0.0,0.0,1174
0.1503576567559782,0.0343589747114772,392
0.0,0.0,1609
0.026934975836855484,0.028408106769771756,457
0.01624704423947018,0.012178630889691311,1276
0.006106481305300266,-0.0033808551161846508,262
0.041903930390976576,0.020771632256083226,801
0.19327733385148393,0.03518777949622204,605
0.06881839841716102,0.033257531672233574,824
0.01572535182386935,0.02084644186672134,36
0.03290987424007729,0.012429195135535274,862
0.05744003964339975,-0.0055564401532234116,647
0.1296857163672423,-0.012728261827826572,660
0.040077152287479156,0.015621011188036337,875
0.0,0.0,1349
0.059408707563814084,0.019261658749080535,9
0.043746185819795905,0.037540943225035005,881
0.0,0.0,1556
0.0,0.0,1413
0.07625756033672941,0.050365185143109066,706
0.0491387405777733,0.022054802043596774,1420
0.0010358559912849845,0.008324085641741499,892
0.04635858244537477,0.02737774064401811,315
0.0,0.0,1462
0.00843695143239794,0.010580224544263682,1218
0.012294405562897535,0.01319438991915961,827
0.09559201166058973,0.03319032878186685,433
0.12028814626688909,0.056791745467959384,708
0.012530277430704142,0.006439388166067996,806
0.011407808992966204,0.011412247705807376,148
0.08202301118844513,0.004853414867041812,517
0.0,0.0,1490
0.01135600324684119,0.01241859386291404,1150
0.04489986920581275,0.02252225464635672,1272
0.0,0.0,1525
0.056980457653833166,0.018933369168413008,162
0.1660137869348179,0.07132914281981015,495
0.06845043244075939,0.005741961600725287,501
0.0863803619091994,-0.00409509845543998,170
0.08436308625132784,0.026718110848042296,385
0.18911806183799795,-0.007857308389946211,27
0.0002257482360330015,-0.009353472782580075,1343
0.03751394572254727,0.0026883405534224997,643
0.08452140357953086,-0.0068948889791067445,403
0.0,0.01978473543058127,1649
0.11702799634394818,0.0038715058701228153,647
0.016967590730630817,0.017735430978299577,905
0.008559785553481,0.009961348243560585,625
0.05250677144532451,0.024550840878363903,639
0.0,0.0,1240
0.028067053586727696,-0.0026405667485802815,1122
0.011058291756139335,0.0216286687364765,1005
0.0,0.0,1651
0.1706172500057329,-0.00025468751785743334,512
0.03244503061020068,0.003545814024418955,610
0.07210056932890156,0.0170224167084522,4
0.0,0.0,665
0.010087133790736582,0.010018089167423232,358
0.026966073300076856,0.025894240107832443,712
0.005579407779230886,0.014727149397501487,1472
0.0,0.003801449385315898,1275
0.060429970104902316,0.033370802214841774,572
0.0169081941806016,0.009363729748829914,1207
0.0,0.0,1629
0.03732641829140067,0.008553034077778717,253
0.09757418846302694,0.028971459745999604,439
0.07488095482000122,0.08273056056866629,24
0.08699365175535971,0.052927431359751725,272
0.0,0.0,1395
0.0,0.0,1298
0.0,0.0,1679
0.0,0.005558324360204682,1571
0.0,0.0,1449
0.09454554318539943,0.023596646007585098,918
0.0,-0.004718516432686695,1638
0.08085597030657234,0.01427203537196877,52
0.14618251316036707,0.06645993528971537,147
0.14378893437412815,0.05293003284619919,87
0.0,0.0,1677
0.0,0.0,1386
0.0,0.0,1333
0.08259138266413404,0.02398371787467145,630
0.0,0.0,1358
0.027387684550945975,0.021282910123597475,1057
0.020514102109673426,0.02057700708948767,1159
0.11956623220064896,0.019775507174427682,232
0.004308959912237182,6.853675568512084e-05,1199
0.12409105878384097,0.03457251439764804,215
0.010899751639119527,0.011353065853668604,573
0.023110645580232056,0.011670007729284592,884
0.022140846363611983,0.022621895062122848,1424
0.013404306505757548,0.012925750366269863,262
0.0,0.0,1550
0.04770633360011571,0.012690565820844983,571
0.073377918510522,0.02253156390279129,391
0.0,0.0,1620
0.025553216196960497,0.02549904423357297,1022
0.0,0.0,1643
0.026205384868674006,0.008172941572641229,1152
0.01216367361547889,-0.0009838947684120347,1168
0.07694177710946656,0.06557085920406344,150
0.0,0.0,1630
0.0,0.0,1292
0.14781664755021334,0.04735155091457402,81
0.07241453850431465,0.03977057325181627,1091
0.018781905317988356,0.013619511688909259,1085
0.046409352658305855,-0.03078555001233033,1078
0.0964505578030206,0.025192593338788927,92
0.0899499362495625,0.0006831721980263244,170
0.014898681468781583,0.007717424881583071,994
0.0,-0.0015781637846632756,1437
0.01454102620277349,0.01029384460436207,361
0.1375453410752089,0.12438866484146996,581
0.03306679487916674,0.02425194594212763,342
0.0,0.0,911
0.15619096317160372,0.03437670235978483,168
0.03324250592090732,0.040618581172087595,326
0.026680652280781456,0.03703322861218871,763
0.13229956887994715,-0.01623934539525373,487
0.0,0.0,1654
0.1765925977634672,0.04106029591728688,442
0.0,0.0037628202152220624,1495
0.0322544255764802,0.015566756991494865,604
0.0,0.0,1459
0.023265602428777205,0.021888332933596957,1059
0.09400000001916028,0.016483217567257614,741
0.0766136216269323,0.06535947423414078,256
0.02104736399596196,0.020226922839160534,1523
0.14706469094744234,0.05825465845821808,192
0.043311830557814186,0.027758683005855555,1131
0.1300267329504888,0.05233738517981732,66
0.011058967266205623,0.016262902201358086,957
0.12977605835551148,0.016404653222329053,493
0.0,0.0,1607
0.11999196112418543,0.004126774428186132,47
0.01791573838838195,0.022276810334975028,1310
0.1933604005390572,0.02491606692669403,562
0.054947239997244234,0.021543083884544803,363
0.019914069304917268,0.008700742664283603,1290
0.0038421805034369464,0.0034493422215441443,1511
0.060587660108862344,0.012523866795050602,1012
0.01398561515013887,0.011888818557842814,1055
0.15569397323422915,0.04317394113074514,225
0.07062232294447192,-0.0016912567662008158,566
0.0,0.0,1415
0.002290862338544245,-0.00418859109984004,1101
0.013968167065182183,0.021478239041590415,946
0.11731944137849183,-0.011047753579100535,514
0.2006938505134653,-0.006354641210195656,49
0.00044963327697636124,-0.003646759038632777,913
0.026404529600362266,0.013759515501533903,1051
0.0,-0.0020075336900618724,1422
0.044682674040388184,0.013095405459568277,1245
0.04571108071188012,0.026347208930932727,1011
0.1392701763536494,0.07529495255540124,769
0.04922283790148058,0.019318905842046805,1223
0.03979401768307014,0.028357320587552734,817
0.0,0.0,1155
0.002340758835744524,0.005474250291653961,926
0.0,0.0035151661832659407,1026
0.0205980584210581,0.03935794544513621,985
0.033018145890558605,0.020292052164150785,862
0.03810431204364509,0.02820134327243975,947
0.0,0.0051134033930322524,1360
0.0,0.0,1416
0.0,0.0,1514
0.15626586065433723,-0.010796745505232132,602
0.0,0.0,1678
0.001378219614960396,0.004099107600838395,1080
0.05695115778217504,0.06514050218230268,449
0.0,0.0,1174
0.03398486387701365,0.014489398883962383,1088
0.04626782528346008,0.015621293916315256,626
0.005556476312734949,0.005516734742362742,361
0.05321702208464646,0.014129662512103038,855
0.0,0.0,1345
0.13154100224350945,0.04402195810407316,70
0.0253072363418958,0.021671289042569444,703
0.0,0.001368490854737769,1417
0.0,0.0,1377
0.026862375892631286,0.022608659363400153,1427
0.0796431377730169,0.027540477346180304,927
0.0,-0.014041328583240096,1600
0.12460412252475173,0.012463973585068754,442
0.035368059577326846,-0.01484726159235714,570
0.03271064557692626,0.026540150415480235,374
0.0,0.0,1631
0.014726858746176344,0.007950681524861601,847
0.0,-0.0031376399022856696,1241
0.1191434581747305,0.02465677426948975,271
0.0,0.0,1633
0.06873179071867458,0.028798385247903065,467
0.07392410385270717,0.06996970369014414,128
0.014755817750549925,0.024747434550253192,1244
0.11794543749477905,0.06848567192376394,677
0.048939423953042814,0.032743709714929334,277
0.07891830208791988,0.03965935793114135,31
0.04792122868896415,0.047453708577888956,992
0.10910862870056715,0.09546114269813084,865
0.2745049409261431,0.028264290287816043,198
0.03601548106342626,0.029789270846597982,769
0.03522242487165717,0.01923619079499046,326
0.012238027674643048,-0.000972097191991063,620
0.0,0.0,1463
0.0355452333986806,0.02677910180740382,760
0.00014699134189279052,0.00919187152952004,1298
0.06434180772644597,0.03498409625259884,714
0.006947126810380954,0.010155620662844332,1528
0.07314722226752315,0.037442341263096895,247
0.12310804326719589,0.04623800014076811,240
0.0,0.0,1137
0.02638700332929868,0.035009801672995625,886
0.12671096695131592,0.04475209779452817,788
0.06597355809554775,0.03368036542615824,1097
0.05143808741272824,0.005842930073731133,1041
0.08515493462043323,0.030338012833882252,468
0.040985910458565124,0.03649705122221916,106
0.0,0.0,1246
0.09604116169596627,0.03302098391794619,927
0.03264973515635279,0.02746887875862495,235
0.02403470716330397,0.018540324632035213,1297
0.13086916404350857,-0.006125386165204972,227
0.10134963049916965,0.04629873626654074,89
0.018892627574309886,0.02364077217884784,1272
0.0,0.0,1274
0.0,0.0,1157
0.014942883593025145,0.008586243820728215,806
0.0,0.0,1353
0.009599636154966892,0.017933690372057918,893
0.0552278854469601,0.04723926683762202,122
0.0713159696729397,0.04275929895255382,608
0.03333082155344508,0.01804715110501584,1041
0.0,0.0,1583
0.123009732646505,0.06877346811003564,565
0.19987890975028602,0.11777411645607824,95
0.07137270668880548,0.04044749488964533,777
0.10041246622192769,0.07497221462780637,244
0.12919263619314197,0.01834552919826571,189
0.0,0.0,1259
0.03217178493403832,0.027901427610585273,1171
0.040006026140514656,0.02615659167013747,711
0.22638931563918754,0.11188025201256342,762
0.03569489489424621,0.028503236996623743,342
0.006231522656857754,0.007335356913294415,1153
0.020287380628911247,0.0062218021734765155,276
0.0,0.0,1377
0.15876936300138625,0.08666984393557149,853
0.1620881032827689,0.05768133778841714,464
0.06160186346045365,0.02466766617766115,1072
0.0024908839082896463,0.0028224501174901294,1374
0.015220909411635885,0.013276393571555349,421
0.025275217745694196,0.009298817603157641,1196
0.14917237509374653,0.07695212769555682,741
0.022754334483074602,0.021144372439858544,1290
0.0,0.0,1274
0.08888496999786977,0.007796653016973054,475
0.003236597565013739,0.0006161195243246729,1298
0.05676395470805823,0.01165871204076445,569
0.04804201348416779,0.013876442538812076,797
0.18480856511107316,0.05297910849500462,549
0.059015816707762625,0.008378331775892986,841
0.021475572089220508,0.02495910444459957,1159
0.06472315090476372,0.012610108428187699,489
0.06576990859777498,0.05137780663635139,2
0.035412001820027045,0.03233741368152607,1090
0.0,0.0,1597
0.017111583203215697,0.02257370512581422,1396
0.0,0.0,1652
0.15625518068555738,0.060277006919741034,210
0.02930872870850801,0.019675148141313648,1152
0.0,0.0,1002
0.04409801590733566,0.041961250506990365,679
0.03255863098533326,0.010774412070573742,1448
0.0,0.0,1241
0.0949827089820572,0.054200037516335425,251
0.010866688493171761,0.011524920653293644,915
0.0046466458449442374,0.007897917825673829,1037
0.07452071674546591,0.02981581586896647,416
0.021379552681668718,0.020542183956753744,1186
0.01952686424447972,0.003816504811236282,949
0.03685354944655191,0.006638802878071672,987
0.04473948736368552,0.0057482392336648605,1223
0.015009440396059255,0.006018966830437177,1502
0.0,0.0,1356
0.011545686527885388,0.02074919835946703,111
0.12315924097282809,0.05162777111761098,530
0.05440817484767093,0.00647157719440979,782
0.07244486903149867,0.04089018909414145,367
0.0,0.0,1327
0.0,1.8513301076276557e-05,1461
0.01376739989982048,0.010521834851377539,881
0.13724679501032594,0.031538098017950454,734
0.13315986182821823,0.022450144702392105,503
0.0,0.0,1393
0.030930431183540014,0.0323471205968792,928
0.0015469091632461128,0.005420176288596288,1265
0.011781752626147248,0.009890539297951636,1053
0.018475561672337205,0.018393631155083787,1135
0.030395527795979555,0.014868218096708442,725
0.0,0.0,1328
0.04938279022423117,0.02040570537006866,1050
0.0434696951212498,0.02104025795086122,1013
0.0,0.0,1622
0.06667726915271703,0.03589802721176513,362
0.038064933389175395,0.00891786639111709,1182
0.028262863344686764,0.004879215144114894,369
0.14183607192380024,0.05822587681524148,469
0.13950988063234243,0.012106289901943353,434
0.11574546287041107,0.041570562498784464,587
0.06503182837224214,0.015453071600131802,13
0.0,0.0,1475
0.0,0.0,1471
0.011272576900628759,0.007778338316693757,1453
0.04201430878807365,0.03190121102235192,693
0.08260896676564194,0.04328940248427094,213
0.06771961491106172,0.04807985655645164,749
0.13428103718903425,0.08645193675849344,311
0.06420448875792605,0.043381767151522845,726
0.08557756673060793,0.007933327853349527,429
0.06961237636213499,0.031558248425534105,64
0.0,0.0,1633
0.05776661204698467,0.014909817525241809,39
0.14564781935073084,0.10001290454630768,134
0.011474927193621667,0.0017508768266611787,700
0.026298140398650405,0.020687243348911376,1167
0.0,0.0,1429
0.0,0.0,856
0.0036445711177473788,0.00011545923415269202,1281
0.0,-0.0028056651172316013,1582
0.0,0.0,1395
0.06943074103299259,0.006244997066994378,1047
0.039774276002412505,0.022545648821522463,1008
0.06609905964970135,0.024288492095674897,1062
0.0891346673421519,0.027231443770004953,728
0.22285140055049055,0.07649138191880789,41
0.0041826909631843935,0.007466439914930321,1271
0.03114092585879457,0.02707474245753048,1032
0.035400841460697684,0.007334341904047226,943
0.0896490288186206,0.017260655772135657,225
0.0690761940979686,-0.000878944680694853,560
0.06556467296022607,0.02322390840357494,105
0.036224952315320025,0.03337414934370664,1013
0.0,0.0,1377
0.10211778597656411,0.015190229114643211,284
0.014834681632417234,0.022887326101255323,687
0.0,0.0,1330
0.07338683184314834,0.039023979237931654,53
0.0,0.0,1341
0.036990458955586655,0.02093503540631169,715
0.026667342529537903,0.030163025581299435,712
0.0,-0.0026583660315333923,1289
0.1869152706339823,0.030521719702683296,214
0.009420933007530025,0.0038867576732038098,358
0.11901187067134865,-0.00045605760670840563,237
0.03104092653224873,0.0025306102748980414,1148
0.12220452172568401,0.02879263043191696,180
0.10555035615963082,0.02535201171965841,692
0.0,0.0,1656
0.013313655214084563,0.015358482456930488,1559
0.0026830847228670983,0.00012761015042305542,1559
0.0747336406196906,0.027711495975116754,1069
0.0901116423065309,0.051874604089747756,61
0.03377035374128375,0.012045639980911047,375
0.09013074018907473,8.009111028998445e-05,163
0.06846571264899148,0.030303021818299306,590
0.03940181617587096,0.018287473516006007,970
0.0,0.0,883
0.010722799804430068,0.009494554834669303,998
0.004196090963854464,0.004958498304023867,1081
0.025838034642974822,0.0060356708312722,250
0.10348391906873311,0.055736457082772764,530
0.09893609833693649,0.044038364677441676,403
0.0,0.0,1323
0.10862398877109757,0.0292882692548518,62
0.013163536994368953,0.022398592271660727,680
0.009275501380541699,0.005520602004609645,1197
0.007223245870675738,0.008591969396338031,902
0.0,0.0,1082
0.0,0.0,756
0.04773583713530643,0.029842438621839842,815
0.2065660975081293,0.05396480621012422,1034
0.04972633489738998,0.023398874622892092,485
0.0,3.4958766102527215e-06,1387
0.0,0.0,1656
0.08612036291514193,0.006906317430077871,605
0.06346111830479459,-0.0005159419977684395,1221
0.0500191122024803,0.025759627341402396,376
0.047684179293577954,0.006315442257297433,670
0.06683799628815187,0.038784906781365286,706
0.050474212976415085,0.013945381784657814,1019
0.014745036762227787,0.006254655772521313,1436
0.0729750052653677,-0.0030290207269846087,44
0.027498691702259305,0.016472401991823385,277
0.0748798809597884,0.045330385524460726,50
0.08534450611324677,0.08527556775823097,249
0.0,0.0,1319
0.021728788971443112,0.050477743693809966,864
0.03362528438035647,0.03449898852389916,904
0.056840459452210175,-0.002837470253859362,253
0.06729586628562097,0.05943810619078106,132
0.14700960230526577,0.027827481591178906,416
0.08717981954359577,0.012910331980894363,539
0.04541963256309847,0.013376828713932318,38
0.014759306962362608,0.009280913842219116,351
0.01859895451639914,0.008739575233130386,1111
0.1020183334738199,0.07802174876802621,8
0.0,0.0,1384
0.2655548301192373,0.02037025066615895,473
0.11226234920295132,0.00782891076108789,10
0.05748786580146474,0.04102599113760154,674
0.06524590507650682,0.019806656475786496,127
0.0,0.0,359
0.15048709885190076,0.0756484914978156,90
0.06341619560581153,0.021277460043750834,788
0.0,0.0,1537
0.02722455177980305,0.00861060586941527,757
0.17321437602183576,0.0921430739792287,442
0.022066724144545972,0.005220089717702906,1335
0.010897329962150934,0.005117109526089576,1150
0.005741142607896159,0.010374676625652196,1082
0.01068630539476434,0.014626230752054919,1166
0.017287481656794036,0.017112715912060143,1391
0.0,0.0,1451
0.03858974590060935,0.008823920835983651,895
0.011563509754178828,0.024474496836892075,907
0.08278480840487215,0.031098165626309186,71
0.062153226503559644,0.02830548194008869,649
0.03192512853306554,0.013945516914878317,998
0.014768885853230211,-0.0030876439720222805,1122
0.007058228961324273,0.008606485431225082,114
0.019123998868820793,0.037789306790354686,371
0.0,0.0,1533
0.10708567458811116,0.03387811790518468,381
0.0,0.0,1622
0.11275682258833586,0.04909904128852257,147
0.0,0.0,1449
0.07286482150054722,0.02278056035841691,1208
0.2430989200516377,0.06044715073541562,442
0.2092831877076603,0.044079086620585614,492
0.0,0.0003676164554324188,1407
0.025440982088188728,0.05720315365446684,1016
0.08018438932472012,0.029987920257906784,297
0.0,0.0,359
0.0,0.0,1107
0.111126378629546,0.04321398129019315,221
0.04195534597441901,0.061052116472660206,323
0.07263127133809497,0.02987466022917613,206
0.08002782889638024,0.020248214482390704,427
0.0,0.0,1510
0.03371468502420588,0.005741811024334437,109
0.0630577361544106,0.05135984322779486,1011
0.012696051357202367,0.022364820285361936,1131
0.12914054785972412,0.04806844827735631,86
0.019649609786887855,0.013514402594893922,1165
0.016378753619275665,0.01110851989375494,963
0.03275690433574501,0.021591572760697317,772
0.020687651136918145,0.010997433245156282,544
0.07543612363681218,0.04441333608692122,655
0.012997040043421323,0.010457451358668301,1268
0.0182996962552034,0.01525943670635044,876
0.0,0.0,1644
0.0,0.0,1432
0.0,0.0,1672
0.11997294763716976,0.07675942781943268,789
0.11513485009756763,0.06372135003481015,377
0.0,0.0,1105
0.04213781266633749,0.014165775177543371,726
0.03377171565117938,0.028311909570915186,1025
0.0016503441947877877,0.008060123478738067,888
0.02172352954009726,0.0283759009719536,521
0.03151523739922479,0.02658877498809966,578
0.04868231512929858,0.02323664827821202,638
0.019860311271872776,0.03387692328327856,1158
0.03907138798046767,0.025400403139548798,970
0.0,0.0,1531
0.0,-0.017408947689911993,1401
0.021511749785490974,0.046328246250775654,547
0.0,0.0,1449
0.07891846919647637,0.0129429848232073,268
0.027868242180159722,0.020189485513920587,375
0.15816248348865006,0.030037260717783325,728
0.08219882234114301,0.030387787070716068,930
0.0,0.0,1323
0.20030286128832495,0.01805162585827006,126
0.041132278545024666,0.02561238308644139,367
0.01876583866316247,0.027754232981431134,1445
0.10826138480505296,0.03459705938067348,662
0.01265005339190523,0.009827410351852497,1448
0.0,0.0,359
0.05046475039691899,0.030029149746602545,1077
0.0,-0.0038993291730664427,1226
0.0,0.0,1356
0.0,0.0,1605
0.12831858843707059,0.05541977198432926,662
0.005415465709254845,0.008148240647084703,1396
0.03358803246510733,0.0052129264378856415,544
0.07938899085138947,0.05167635072439044,342
0.141495367187536,0.04087559428147694,214
0.0,0.0,1651
0.0,0.0,1627
0.24475083144210125,0.08776686150744542,495
0.07818708411925225,-0.007216957096225753,59
0.07676360954569757,0.0463843896867048,282
0.0034491249205131085,0.0011816014160477397,17
0.0,0.0,1499
0.0473520369715732,0.028192744784019064,773
0.0005228195098840988,-0.004599881032140509,1023
0.016752898741314276,0.01911677278512382,1075
0.004081989783957639,0.0069311624351673295,1080
0.04824543710526717,0.035088987975219234,608
0.05023292513868199,0.009155274841866026,562
0.138942579489792,0.03960527465100288,731
0.25928762876026423,0.048140253395834616,317
0.03924303459074326,0.03420040398525859,546
0.0,0.0,1349
0.0,0.005894625072466591,1390
0.07440017664534933,0.057837875517312703,454
0.007098780691035394,0.009993423818704909,1516
0.06906152812108576,0.02179080496821351,485
0.03981352656867098,0.03149761975000026,907
0.0696685175747765,0.05507711136209305,16
0.0,0.0,1306
0.13202384827868296,0.004751459800240156,177
0.04395894077514057,0.03177925351292052,699
0.0,0.0,1236
0.04304025691422832,0.03440448927560003,583
0.03251352617655308,0.01658960435222433,1193
0.06503108617893731,0.04113879202959909,698
0.2543972067288357,0.12682158744908933,681
0.055395665568279476,0.06750746871197275,879
0.06438163826383904,0.03145508623648432,282
0.04543676433608626,0.013679497889120273,948
0.0,0.0,1431
0.0398752816757831,0.003940924634663094,387
0.02482543552295794,0.03127181148165091,932
0.0,0.0,1645
0.0,0.0,1654
0.09578940278877189,0.04819262119951166,746
0.09179300329612769,0.033808088944276345,30
0.17930358263737492,0.08087887195251682,202
0.010497809009961369,0.006453968546416205,1186
0.0,0.0,1298
0.09523724213675465,0.0009183165748758214,587
0.07164445494201475,0.06853726537450378,670
0.038536469106464924,0.025664260901826805,1283
0.0,0.0,1358
0.0,0.0013241586223219407,1326
0.0,0.0,1540
0.0,0.0,1352
0.08843381929797528,0.04027792910420629,404
0.019472723326551897,0.045494564111894335,874
0.05213933664283578,0.0365462987489778,1094
0.0,0.0,911
0.006350493064489664,0.010032973646390792,953
0.049828303597472666,0.062363508699996316,39
0.01659241650806826,0.01682612745096419,1392
0.0,0.0,1344
0.04241410146508895,0.014146945514780507,367
0.04751754904659324,-0.026541817145231496,164
0.013080090008404913,0.009048877183067952,785
0.02185539195419292,0.009190010575990918,864
0.0,0.0,1608
0.0,0.0,1656
0.012224342942156666,0.0156030557476511,343
0.0002483988147116483,0.0009743249564219933,1312
0.0006558601009767608,0.011062599703951483,1061
0.11115819564393467,0.07701175000803452,987
0.019230652978322393,0.016701971502603226,978
0.014029861576595058,0.007371856528854487,1296
0.04314327140271784,0.05162916976308189,405
0.009632888563015031,0.00898204814854399,679
0.044187358229969324,-0.00467472554485299,551
0.0,0.0,1618
0.06536812693241385,0.042811228369434864,726
0.0030023618843921414,-0.007890723974991586,1508
0.05233768175390048,0.0062280541106878315,119
0.016565574702747835,0.016742635088522972,699
0.08838636117837445,0.06504353853930582,701
0.07080822908097767,0.02048172904367442,618
0.0,0.0,1600
0.018551353657518872,0.007088533518106213,969
0.013419251160186012,0.01934333938734344,957
0.02491768540563205,0.00933487784272822,977
0.0,0.0,991
0.11177306279620199,0.03409036349293041,216
0.14654763228056994,0.05474276321497779,301
0.03326093477728604,0.07710153060415938,1000
0.006767014870203653,0.004836873925987636,1299
0.01658096919887051,0.018777416168736058,265
0.020756840424986253,0.013293488801681292,1276
0.03973631353178687,0.02007858105965034,1207
0.0045500643095051415,0.006516075094853388,1473
0.10844721880221529,0.01781012634834881,608
0.0,0.0,1624
0.06341619560581153,0.023800384205462956,548
0.17107455352187897,0.0351040226693997,155
0.09786127035866057,-0.004883593005692248,400
0.2079235199509351,0.03164658369325125,22
0.05577804459958193,0.047437189193501,1125
0.02797603216045087,0.00811381176699355,621
0.0029391694887845898,0.01329011869123318,359
0.05057719330869374,0.058275931728589206,1396
0.11978960692364261,0.014388986145166049,767
0.026223073979194086,0.013590471191608477,1097
0.016094359920944223,0.013236556966265528,817
0.06766013288259179,0.014971064068817257,1062
0.06086676789463702,0.020404753678745363,39
0.1242061141510046,0.03138051001948682,433
0.041364444013634996,0.012051404882444024,1102
0.06888326738713027,0.023225210056091246,439
0.0,0.0062178113189388885,1338
0.003400568712121935,0.0032128984603426282,1469
0.020146331124330025,0.01939008597009096,1142
0.0,0.0,1631
0.1455236849747333,0.04578691834806816,630
0.02362593133650724,0.019671341986034,623
0.0,0.0,1665
0.023555144873297205,0.012957305433473267,353
0.06560703333428773,0.022663184626820813,1072
0.020473412716930064,0.052782153466084704,874
0.09157411540962934,0.050299760272632235,825
0.06260380494063382,0.02142645927518135,398
0.02257034784159684,0.015832703065912435,1106
0.043898923014100324,0.007121438559947419,1041
0.0,0.0,1258
0.08324409703438534,0.03758127688732818,2
0.06480088668637426,0.04545287648452694,675
0.00696994855681315,-0.006550583858537532,393
0.09345715462002403,0.04339947837558641,432
0.03263385873171577,0.019073884075050736,792
0.0,0.0,1672
0.0,0.0,1457
0.08216305502065858,0.06026094668906141,297
0.0,0.0,1466
0.08751534872111141,-0.0035371270136906603,1038
0.021400449191446243,0.01110590725598375,137
0.03644615023623814,0.019105629441072393,1420
0.05638757345619034,0.01893551696039334,769
0.025766591934879363,0.05759084742655197,633
0.028888539429080498,0.032292615290284474,1335
0.18858051517588229,0.04885622078161082,222
0.056803136211917675,0.03198795606248674,413
0.0,0.0,1555
0.15692807120689534,0.08260355921870617,945
0.0513440211953302,0.015342547265920164,220
0.0848231230870763,0.028578970294155532,529
0.0,0.0,1612
0.05946828125880178,0.06455769738794578,681
0.013891992488132068,-0.010813231244615721,129
0.04585800811034238,0.016796049843026305,523
0.061768307001553606,0.014433012498246762,1132
0.020421990402888786,0.020121920986464623,831
0.0,0.0,1515
0.023097185192999276,0.012266436531199723,969
0.0,0.0,1577
0.06613225953320373,0.05632857997038791,467
0.07796606058122171,0.030883351235766535,494
0.0,0.0,1525
0.03363059473745538,0.024083881419774814,774
0.03651096498829518,0.024167870984208844,621
0.06843537384976761,0.06594779693472654,1064
0.10221928143080515,0.04995413637281388,199
0.02760445783157794,0.041954194934217745,205
0.016995396800178142,0.01628102590927143,1142
0.03771562865788031,0.04225878619077178,753
0.17283781935628767,0.016339898175874553,66
0.021242124084932156,0.002193079358324554,995
0.0,2.5667761206068525e-05,1639
0.2954057933020863,0.15919958989964383,167
0.050050268631377536,0.0427050940450144,289
0.0,0.0,1572
0.003777217883028925,-0.0009712919394680698,1619
0.032856927309104375,0.017527099850392282,109
0.09689606285713981,0.03904589668204341,762
0.013491107611541325,-5.4027063549539874e-05,869
0.0,0.0,1376
0.06553945202037251,0.025370430972001413,475
0.0,0.0,599
0.12173101502345944,0.08094216293220942,160
0.04323534575432321,0.02698184161219726,742
0.0,0.0,1353
0.08934457499513812,0.022122013366557825,683
0.0,0.0,1174
0.012482738332073836,0.011335035806099868,1438
0.07702059241938473,0.030023438292697158,85
0.0,0.0,1451
0.012025249588307751,0.005803679819003907,547
0.010278347105983703,0.013657774959461116,907
0.015766139540498752,0.023353944436157424,937
0.0,0.0,1394
0.05106625079676561,0.028694109313990274,470
0.05633246740722383,0.05419402687483474,546
0.05732920275003547,0.0323845646980159,618
0.0,7.546006722588655e-05,1255
0.08595200670140125,0.027081945956644236,390
0.034760043909824026,0.02635619479562977,794
0.047352302147799424,0.05444572014609085,406
0.0,0.0,1612
0.023720823927641903,0.02641532740076847,304
0.0,0.006520716656350724,1483
0.009167124777924886,-0.0014566823436863675,1150
0.1706793515159098,0.0822647290278098,70
0.046543047978993335,0.03765897782078099,1051
0.052954393754693324,0.02372845589899109,925
0.0014198016205442816,0.00291697352933598,266
0.11178213583662198,0.03373147015348418,7
0.07398067636147221,0.021094161609795194,104
0.03425406228848195,0.007416231452698962,943
0.13933805202700345,0.0317971908693887,428
0.08297281386977325,0.029805453244804825,465
0.009151503978359057,0.01994438068547331,806
0.19687462366386688,0.035335611880275494,63
0.03220005290080051,0.013366011755023338,1262
0.10762469422120305,0.053347568778555295,528
0.05897377293901533,0.0028033442032391466,755
0.005088578307732183,0.009621654432197443,1421
0.00975281991619605,0.015310898771928497,1425
0.0,0.0,1650
0.0,0.0035869649115027984,1422
0.0,0.0,1304
0.04404869840801829,0.04596774874894833,56
0.06953018552366248,0.03204356717099819,748
0.0647970234923159,0.04044732691851436,752
0.0643607301796668,0.0419331130656413,425
0.10082412422891529,0.019942313136996508,671
0.03335829797254354,0.04267641658226541,1022
0.0386080066330634,0.049179838674512366,902
0.016438435922062976,0.007240536350187282,453
0.08795933727983195,0.008439652516827855,8
0.15871726284116774,-0.02134613308108385,209
0.0,0.0,1651
0.1619791213077644,0.0725793339650263,216
0.1140739403059858,0.0503901707638116,430
0.08315339108585057,0.05420007595827946,777
0.05291946428286034,0.02811045977583409,705
0.0,-0.00984430281300037,1237
0.0,0.0,1666
0.0,0.001356797724577919,1379
0.04465868260255664,0.010672045974637919,260
0.029552919525727382,0.016285484294628155,978
0.059437756714488504,0.035702926533590085,1290
0.2777086847288116,0.155371049379424,418
0.04599303657529289,0.008509854057827278,924
0.036266490437898376,0.028674953154136186,744
0.03487191709740069,0.013739751272248382,1177
0.0,0.0,1357
0.0,0.0,1541
0.01990564413626582,0.00840824921959673,1164
0.05033772434528087,0.03762864334363298,395
0.06877320136312444,0.057598015021419854,880
0.04847666684105659,0.013732090228913668,306
0.014955199555692411,0.0030106571257354194,1206
0.003894418174870839,0.0015054282076145014,1222
0.0,-0.0002729450130211953,1076
0.0,0.0,1527
0.08217195851333041,0.021703049883704667,16
0.0,0.0,1333
0.04460805388876479,0.04545205635112451,895
0.0,0.0,1365
0.020818756623161305,0.013600325040887963,904
0.03214303830049659,0.00926918593063433,494
0.0980611687926585,0.03289455899749791,504
0.0,0.0,1569
0.012589872014679418,0.009734956196764302,1017
0.026283391408308845,0.02618178617296931,1217
0.0,0.0,1485
0.0037095539057419753,0.0008399829169265262,1488
0.042970428111615805,0.009917698763184487,652
0.00853568271487269,0.005325062724258217,586
0.03549341897356441,0.01788203411385449,537
0.033609614033955376,0.007849359488556754,444
0.006667907496200081,0.002320358480295083,1222
0.0,0.0,1665
0.10078078748778758,0.014571622638143622,659
0.0,0.0,1079
0.04312571494726661,0.004630912937403408,1119
0.06277541074646835,-0.0013039827613505056,283
0.01823147932586402,-0.0021340756644239543,1310
0.0,0.0,1388
0.0300113398065471,0.010956460777446666,1177
0.026673451247910204,0.024748610416187634,1087
0.05665517832497129,0.026471759411619743,824
0.0,0.0,1149
0.0,-0.010985497409879348,1412
0.11330226522791348,0.07838535915073554,50
0.011049076576384431,0.009020575787789623,1400
0.00709465835340552,-0.0009866211846205433,393
0.03209804588008449,0.008519526143070852,807
0.039611236150444255,0.016057006711987645,242
0.02326159864520949,0.052935931179429616,1424
0.09326729636346268,0.07427179006678863,322
0.0,0.006053019424025624,1555
0.0,0.0,1327
0.0,0.0,1161
0.03550199107856685,0.035229460049490985,951
0.0740336277391323,0.06534800150596204,1011
0.07365506605098894,0.017215599352806157,652
0.01617448592319261,0.0268873035909471,990
0.04084380252452456,0.0193239867766966,457
0.0,0.0,1605
0.022426361771669737,0.010027218944801011,1114
0.1347670928456423,0.02921387154492427,487
0.042501216779117314,0.009460574732273923,639
0.03777024329877798,0.01655990265956105,864
0.003892676412702891,0.014424334302768542,73
0.15384188594125003,0.08841070542649787,484
0.0,-0.000288328851368,1596
0.024664917417675066,0.013290021982031204,1313
0.0892672178945557,0.02971754982170698,515
0.0,0.0,1463
0.027900507960001025,0.01887409409626795,340
0.1334730362382412,0.07178453195785466,709
0.07128788135292803,0.021935561323937532,520
0.01586675313095783,-0.001502067335607682,687
0.018207073221010846,0.01696805049930218,885
0.19087067321732892,0.07384270622443609,175
0.005203521820053785,0.015741146107588967,1014
0.021458813862987924,0.02196149125271586,333
0.0,0.0,1384
0.0,0.0,1656
0.008675998917738192,0.006442404509111987,827
0.017417183170482537,0.010009201676313872,699
0.0,0.0,1525
0.12518253615045016,0.03587310317057126,178
0.03577663333672412,0.020822164170292357,942
0.0,-0.004726733250180976,1674
0.0,0.0,1293
0.015552097575244086,0.015800344666780878,1005
0.033516902345104016,0.022446879107766236,1053
0.02535499458872437,0.039976408144029696,1205
0.0,0.0,1124
0.0873259708087383,0.061926705343444494,132
0.16074747821280674,0.04453869267877907,653
0.08977090622196678,0.015930311680088873,646
0.15237358341221202,0.01579830615319408,135
0.18579640012884888,0.027251886827592622,27
0.029875760681972653,0.04676632894266092,1101
0.09288786440538978,0.03355929246742157,407
0.021878683076654106,0.010780190071779239,866
0.07609165795373421,0.04316231470353882,273
0.030703596486498654,0.03200161758360633,562
0.1951592882786437,0.023021037656427185,49
0.015354124402140247,0.00720282893672018,703
0.15115681288769028,0.019002169844889415,650
0.07562084173168651,0.03805088683757428,366
0.03182196528078063,0.012702589472668313,1313
0.014703693619010255,0.010181086945861948,1180
0.06983994681805647,0.04626186055360834,1036
0.0,0.0,986
0.014718793274005909,0.04398377752246081,748
0.049026492926747996,0.01458855688352664,396
0.033200542338440144,-0.003609578632156485,1229
0.02721244592720759,-0.013588372852821294,973
0.18419099094986463,0.01375637767870405,646
0.0049886709686475,0.004148582185406029,1263
0.04768872823918714,0.052275677645097156,853
0.005262374381983742,0.005463028479846957,1523
0.0,0.0,1666
0.0,0.0,1617
0.22976003874205458,0.038633916318147506,209
0.026703476138618783,0.03335361856263438,1159
0.08150194253336224,0.03401224414132778,548
0.07203955205123608,0.013368715500248346,382
0.0,-0.00013858633606316902,1548
0.1574960339612508,0.022267342231011567,355
0.0902984912179959,0.016212910476565357,489
0.003326821786225668,0.005656433938715439,1263
0.0,0.0,1319
0.07959473038962538,0.040675541005504336,183
0.08476257110322336,0.0020248297670291816,91
0.13045231949372255,0.026639062177285736,731
0.07139371776698365,0.042175006346827276,385
0.0,0.0,1592
0.010090051617425213,0.0143473383482287,946
0.041706614143824684,0.019387086664062136,840
0.0008553964589807832,-0.0008299664009118389,1526
0.01115125860819132,-0.006987117626890355,1131
0.09536258548340461,0.062403159213617505,630
0.04049461657986103,-0.012781883687423765,1193
0.07094232510898998,0.05104736548100435,321
0.0,0.0,1499
0.05036938303033986,0.029170400200569446,282
0.0213861283032478,0.006235491054369081,371
0.03949666126356841,0.027748394680100135,701
0.02677880024605962,0.01120702011441106,45
0.031005627275676923,0.01467824993982971,1028
0.11758645938074161,0.02249600054918163,434
0.03972304067890342,0.020594245743947418,541
0.10079275963796344,0.06987422008329168,234
0.00029923034737846285,0.003209688665418403,1278
0.0,0.0,710
0.10198071930258698,0.07382743670468263,418
0.05171740446357749,0.0439717026939931,1013
0.16588778281622113,0.10178247004499243,418
0.010223967447996347,0.00013948531151733657,1470
0.0,0.0,1538
0.07677970333925575,0.06036042681846688,595
0.026752693357825975,0.014885917800483615,1517
0.0,0.0,1362
0.010977460018307898,0.011417961271978595,1127
0.029232930684084425,0.012547423076116976,77
0.0,0.0,912
0.1230475189583518,-0.0006251278054325525,419
0.049169425614798666,0.022159267364837826,932
0.11257983619385854,0.10106595434313392,918
0.0,0.005475628830330567,1554
0.0,0.005894625072466591,1333
0.030610300367671775,0.016611556927216675,374
0.12061544437090144,0.03814077264949829,383
0.0,0.0,667
0.07765711570283915,0.060002474257971686,293
0.014081356989324095,0.031388914758102654,975
0.14009986705051822,0.042039748054784394,632
0.0902768539846301,0.009660249558058893,228
0.027926335086270074,0.022743235331802038,555
0.040187478216319496,0.03598653557164398,1276
0.0,0.0,837
0.04258883625798756,0.013640132853127098,104
0.0,0.0,1341
0.05519416230870643,0.03457387380864034,1049
0.06390659987157596,0.057682077450682864,615
0.0,0.0,1357
0.07055306677149142,-0.013805938738193232,315
0.00209115978324373,0.009923334505516685,17
0.15567409767614165,0.07320724295296485,540
0.0,-0.0015304799987818718,1678
0.0,0.0,1485
0.0,0.0,1547
0.0,3.984830599663919e-05,1634
0.0,0.0,1332
0.10707967152721984,0.10853193401330959,450
0.016399101359959502,0.013568217442796715,1313
0.08533003968117482,0.017841729126300776,1187
0.18419099094986463,0.018386135790161944,497
0.03218016515129069,0.018408928413322295,970
0.0,0.0,1561
0.04297729176530969,0.029186873508527028,1030
0.0,0.0,1330
0.0,0.0,1662
0.12304768581982052,0.009521041891860588,384
0.07700945101937541,0.04047151328115913,309
0.028039651470064722,0.004821608262017753,1148
0.0,0.0052343457186649,1327
0.005926068083796165,0.019127389578347333,1176
0.0,0.0,1632
0.08717942112010431,0.030228135763350896,777
0.014019267779366826,0.0098435220550068,573
0.13099781528193816,0.03103990183971518,501
0.02017900581725675,0.021255931267469236,1450
0.0541507259108295,0.02628079685037122,920
0.3763408688461406,0.17484864438062792,126
0.08765131784082245,0.023438172391448454,528
0.05297422406361371,0.029068153103887946,812
0.07517313643897305,0.014935331341435395,562
0.044982937647161145,0.02268671092558859,1406
0.06197864012571938,0.015435397839246832,848
0.05320706897632926,0.028004306683907285,60
0.14237773900152886,0.009650934971496007,1073
0.16333277287696502,0.04487033605990798,606
0.0,0.0,1455
0.017651353283694726,0.014457524023091957,1150
0.011143843947221678,0.028942917724055023,1533
0.08906236041022257,0.03228042586508207,659
0.0531300654741889,0.03216694576092647,462
0.0,0.0,1358
0.0,0.0062371052213611835,1387
0.16511839900234634,0.0395674966770621,194
0.0,0.0,1574
0.11446814324081941,-0.027378510707645402,94
0.0,0.0,1490
0.0321887333787713,-0.003874774027876234,962
0.007208298828799694,0.01132988288690829,1375
0.04722306362086927,0.02402010175495064,805
0.03380334672710761,0.06117826665383019,1008
0.04446520997085883,0.02474932716189036,712
0.015022749098625653,-0.000961687237670896,703
0.052171700147176855,0.016070786920855232,1223
0.05550898366075864,0.027695435518682907,701
0.005465075395481346,0.0007446012357840495,74
0.0,0.0,1416
0.015900101198103023,0.008864319840921567,1450
0.0,0.0,1303
0.04557905325752063,0.026988746119945853,1177
0.0,0.0,787
0.0,0.0,1339
0.010681952358823662,0.03413161746568455,111
0.00011443528540215593,-0.0016962003345971281,1409
0.0952453500995978,0.05611305790636392,309
0.0,0.0,1149
0.01684751761383165,0.03220943034098632,680
0.054847274743256555,0.029076487593104473,383
0.039551547171487234,0.021699474640085616,609
0.16296406029900126,0.11077836089209472,225
0.12449580774401604,0.04092434375857684,721
0.0,0.0,1525
0.062337170011830215,0.030796263209948792,1239
0.0,0.0,1388
0.004097683926065995,0.004232727736117352,892
0.0,0.0,1331
0.08861024322842143,0.024052813942086415,138
0.11538923929089231,0.03613658304673211,28
0.0,0.0006066658743485283,1572
0.04015951415242687,0.015154171628990975,977
0.008668485177307571,0.006682249112737739,1530
0.0,0.0,1319
0.10015400102458716,0.05140986070494263,461
0.015253789105717645,0.02350633154193257,148
0.038285080385986305,-0.0015045482424309094,863
0.03596187409079293,0.0021132877230216245,1075
0.0,0.0,1189
0.0,0.0,1124
0.0,0.0,1624
0.0,0.0,1365
0.0,0.0,1678
0.02638021617857774,0.02527686784788186,1176
0.0,0.0,1462
0.0724419308814764,0.051252123577052736,69
0.0,0.0,1652
0.0,0.0,1361
0.01689430998480457,0.01308924035939144,936
0.012277130056897071,0.005902552884868492,935
0.036547090925771804,-0.0074984123098362125,612
0.013003107358032876,0.011649561441828772,421
0.0,0.0,1570
0.02675041277071143,0.021510947005897615,644
0.10545822637840443,0.04411857773340489,433
0.04395938356343684,0.017366890589981705,1184
0.07417073938612126,0.03680087367282054,51
0.005149480032004136,-0.0035159441729332914,1252
0.06516795982339829,0.08059017598796521,742
0.0,0.0,1665
0.025794333667288883,0.012355217351035104,845
0.06903529080533773,0.010975081670065334,1123
0.0,0.0,1546
0.08438690550199064,0.047369934399789544,136
0.0,0.0,1571
0.10161457118677014,0.02863317395620329,152
0.06190179905584506,0.013121369133423237,624
0.06295554994716679,0.015976023959500797,685
0.0,0.0,1618
0.031511982943331275,0.012209219523258178,1247
0.0,0.0,1155
0.021691666893628548,0.01397714965563007,296
0.017633077368632417,0.026463744760715995,1240
0.12118823502717044,0.02637958405357137,68
0.0,0.0,1204
0.24624310843230388,0.008485298856965718,198
0.059977595577489114,0.03642533135551208,746
0.009827944298865209,0.00698178855703403,564
0.036761645054326365,0.012761135925856633,875
0.03515872176680377,0.0339026295260763,841
0.0,0.0,1465
0.008464448134256895,0.006498768362612249,1116
0.1475766058757985,0.00891101203371991,167
0.0,0.0,1512
0.1380186829344539,0.011462067773762866,186
0.1262169900428903,0.047452923558125415,662
0.035782241260444894,0.023990530604657508,955
0.033891221656489966,0.028003215899360973,973
0.06185692244842301,0.015036476389116767,165
0.00219223899799866,0.0029020502580537023,1189
0.029094301654550833,0.039864976526313316,985
0.01865497120290495,0.007955991050044863,35
0.009021795131439272,0.028124649187733764,1295
0.006081283313711759,0.002680713025107995,1458
0.0,0.0,1308
0.047384209201851796,0.020762275629309747,985
0.08992397052209178,0.04360405166247897,452
0.10694405054204842,0.016466403949294148,1181
0.09522826056513567,0.08465916036701485,918
0.061947470531621654,0.026132122595749416,494
0.02142516397196075,0.03070229486581949,1282
0.044854413637023714,0.026247886783699825,705
0.038834889221254124,0.030059576071285853,337
0.0,0.0,883
0.010676975842218182,0.008294352908969125,1314
0.0,0.0,1605
0.07780897324865678,0.012342881968317752,221
0.0,0.0,1639
0.06676029273043577,0.07385317160585989,368
0.0,0.0,1326
0.07485425957121075,0.030900329780928257,12
0.036840375031308416,0.0519030779817984,1089
0.049349034854762774,0.021492975803006676,1088
0.038068368118418315,0.021577246208450862,357
0.08025275690608046,0.03501011089360553,267
0.05166818401686772,0.04576337528219033,695
0.01095338184271712,0.013828314885681663,1116
0.03981458095939833,0.008933036910708594,1178
0.01309983649727844,0.00834381737905792,884
0.0,0.0,1441
0.07644767723897414,0.005547273123727448,115
0.11993209647780335,0.09768768446303715,543
0.03336156853085732,0.024763411376589023,1180
0.23362542707680656,0.020675600325556112,11
0.22615345068446951,0.05171711975303633,734
0.02500398912074936,0.01621284360308621,967
0.08806332537599663,0.03069428606382882,736
0.0376352741577547,0.008802560450326104,1111
0.01878908026265873,0.03811409278879132,531
0.09671402901919361,0.04932022681182339,661
0.0,0.0,1510
0.02320915497972409,0.03395613382866067,1007
0.04258883625798756,0.01424659117842312,1094
0.10746664777191178,0.024891901918440876,1046
0.14355194889252657,0.10242878004718921,0
0.03427811864764309,0.045896037325570675,1139
0.08088667103798504,0.03117027894185449,280
0.04378002797427968,0.03181726471309831,639
0.08173233228325968,0.029521410360586038,944
0.1115627774584668,0.1161851535066063,218
0.05764921531590746,0.07596085804378884,383
0.01608094461336449,0.01242550210875818,148
0.1163430644924921,0.07479155680142226,199
0.06379449877008453,0.008192735455130431,651
0.0,0.0,1387
0.16660158774318087,-0.020427973501314086,182
0.021085984800472194,0.011076631911913666,1228
0.07643279816839386,0.00858237683640204,241
0.052796328409780935,0.0015626747676726295,612
0.0,0.0,993
0.056831316444829805,0.03846132042187016,338
0.017417865971250782,0.009369186605481165,531
0.005914584580750855,0.007619142620363187,1067
0.06072602830929011,0.032901736950755114,698
0.14288888847998157,0.059501349138775035,233
0.10445463125378639,0.02017545460227628,678
0.028743961570815903,0.014602463711414491,985
0.05734225054099847,0.018404201429441228,113
0.034179802149196546,0.02953762264033813,726
0.21917371443367234,-0.014878879443220396,181
0.0,0.0,1395
0.0,0.0,1204
0.0,0.0,1211
0.002921280249191168,0.006577012209370518,1604
0.034897506898696445,0.03737682165169742,978
0.11071560175367699,0.01948734859070699,661
0.0,0.0,1378
0.008287299906882905,0.0073507681252780585,953
0.06238184071353781,0.05567529996806652,290
0.0,0.0,1663
0.010060111180012696,0.022356507924434,966
0.0,0.005669174622492498,1301
0.0,8.37772030622405e-06,1534
0.009018796857798337,0.016845425943467617,1084
0.07183646992822344,0.0366341984272442,170
0.076490357739966,0.02121715468979234,754
0.17289018262998984,0.06384196092623329,6
0.15676697278531293,0.023489363011701042,614
0.039551547171487234,0.01962932379278795,964
0.06714256145396146,0.024042110472190344,146
0.0,0.0,1505
0.012459746269588191,0.004424426629600772,1257
0.009107447598124475,0.01818745408732259,887
0.0,0.0,1585
0.08414448724491772,0.03906367307144151,108
0.036918554515948346,0.018481766307626903,983
0.04578118669256171,0.03365841505158629,1216
0.02175937481390255,0.04417952630670512,1021
0.025250434404467743,-0.0032096281125805473,897
0.0,0.0,1419
0.0,0.0,1344
0.0,0.0,1663
0.0665019195881572,0.043331804558032504,614
0.08696366966205853,0.05372535022263067,777
0.040351107765325356,0.022841222480854986,444
0.13360876479242767,0.024841796787352672,791
0.14352211814185611,0.022771380168086282,495
0.12452993971384083,0.04008863938441081,1046
0.06754127968776873,0.00025864977327756607,507
0.009592577412910268,0.013647191877233001,266
0.1267766351536774,0.07437224912231492,187
0.03406498360993634,0.01759881619531659,764
0.0314727702120715,0.031048222198889728,954
0.06030878952853937,-0.004640186575669297,632
0.036839959279012006,0.043929015250486245,1032
0.015832074966875796,0.01595203685213062,255
0.04889152544232279,0.060895384830909595,1159
0.0580020009846992,0.03920215149440571,1219
0.03784803999422881,0.028238791370450867,1163
0.0981328604497883,0.06190707490597569,630
0.06739204840837726,0.02524047215521294,645
0.03915080536008382,0.047865178467709005,843
0.0,0.0,1291
0.02659725583023063,0.028678295170511833,742
0.007323310321427978,0.017214281946672082,1607
0.08618479088888409,0.07327986110246486,260
0.007576850512288893,0.008874392881872542,1394
0.023177680936742055,0.016993444729734845,1434
0.0252096494039829,0.027505778657796232,1133
0.02462277089605955,0.004932109579171555,781
0.0,0.0,1572
0.03409363708357221,0.010791208077906823,878
0.12296790116189212,0.06834193865761959,366
0.027277238520091802,0.010572733619063896,1028
0.034846342252796106,0.040403253602965546,369
0.0,0.0,1636
0.038468854421055125,0.021056612257668465,689
0.024163455230929564,0.021077175411768727,881
0.06031716691591443,0.012012820213079943,674
0.0,0.0,1200
0.0,0.0,1430
0.07147389385043472,0.04650847283509621,64
0.02605743627347,0.01371824928467941,1418
0.0,0.0,1063
0.0651545193602988,0.05313329486855356,1047
0.1671029507474863,0.009968448967056138,664
0.01973947710825205,0.03935339669784161,831
0.06072382167011606,0.03632938171551322,539
0.11265884981909886,-0.004007237233495144,791
0.0,0.0,1275
0.13317053321037534,0.05502282240037128,779
0.019483197218363602,0.032109179612465906,1036
0.0,0.0,1344
0.04823878621425832,0.007834882061322978,588
0.010968437615521704,0.009093858644481154,1530
0.01936888862711834,0.010622062975090744,265
0.058651919602931715,0.002473562781142166,398
0.00755143330768691,-0.0018692120809370753,1502
0.2942045656185461,0.0392326923043024,172
0.0028420200921800464,0.0035036401122043033,1099
0.006086693541312909,0.007457126353739086,1199
0.17842012197773865,0.0346041255296263,179
0.037182366171024016,0.02595769648997983,1425
0.0,0.0,1345
0.07057906694485135,0.030081793460736715,159
0.0,0.0,1504
0.07542485567510071,0.0605946462942206,506
0.017224343557534688,0.022700255431316513,1120
0.011673911290073242,0.004300692694062831,1478
0.021129819921046004,0.008314803142672906,669
0.09923394631387795,0.04647189306466776,244
0.12528511231745965,0.06637224529783665,195
0.07881526661396701,-0.007046430434190048,158
0.02278285336266859,0.0164892431620791,758
0.0,0.0,1676
0.09292442396194607,0.045513962371288935,420
0.0010204277421652203,0.00502502408676444,1387
0.09432846383569946,0.012024522896490395,540
0.0,0.0,1626
0.010017350103436821,0.03354633817953665,1092
0.08587131687005814,0.052120867538316795,75
0.01035145391135337,0.0061830914839290894,994
0.043148181820165325,0.029020054923210806,572
0.028460763680362936,0.009129825042994085,744
0.036643338087182814,0.035063910635082816,341
0.0,0.0,1585
0.11894234896049671,0.013282500770402658,123
0.11655658418897243,0.008954620284124892,545
0.00909491056806986,0.001346158551141111,1179
0.005706994138561754,0.0014215162079682844,1197
0.0,0.0,441
0.11271505406938957,0.05005479924513006,580
0.030152858424413193,0.007582719673434482,1302
0.006565683888387247,0.007245988593681465,1173
0.04791602634897876,0.04479560707095045,306
0.0,0.0,1505
0.02406347957740479,0.03213308317280759,589
0.03425812042328787,0.025293779996326194,291
0.0,0.0,1561
0.012550549929702396,0.012348673327822798,1251
0.18141165211212573,0.05313735598667448,206
0.052745834726507665,0.06257779864602389,918
0.007509730182503566,0.01619844575482313,336
0.05489072557312882,0.04420667032055624,761
0.07009530433667993,0.03405089713858512,641
0.13965532947012113,0.054220591401042455,450
0.1634162147415608,0.04948681617329923,653
0.0,0.0,1326
0.0748798809597884,0.04736059419672719,626
0.09705295951123656,0.05098871007107868,450
0.0,0.0028107434003576993,1271
0.04750837219794927,0.04577007319560999,1254
0.0,0.0,1533
0.05425633535325935,0.018849308423866538,1050
0.0,0.0,1636
0.011650614644735276,0.006445719962833133,860
0.029010560210963394,0.020020845011181204,304
0.0,0.0,1101
0.16252389828487482,0.026303333299701605,691
0.11213692435160116,0.05727477517727945,152
0.18310427652030584,0.0008278002333379662,428
0.07638818468100557,0.04016096275548332,16
0.0,0.0,1480
0.0,0.0,867
0.11346272491972406,0.026105626951667668,558
0.031543445819415865,0.004183874111834368,1018
0.034631517782885445,0.03165064748358456,1251
0.026502098093544982,0.02061776521860777,1375
0.011550211511197814,0.01204142969472716,437
0.015116222888592991,0.0176770933627912,358
0.02698609803411575,0.015450695797235814,875
0.01404675539689431,-0.000989845964275347,757
0.008541866184105464,0.00913949157848279,713
0.15048160920294623,0.05402993612759305,454
0.06353706842582153,0.02797320267347319,420
0.052396651196368604,0.03206651179041131,872
0.032830227208094837,0.011426192671492636,997
0.017787626339806694,0.004258270562694602,1438
0.14869821499336122,0.04786516648222736,503
0.04632977773167933,0.01634037826410866,502
0.0037065691775618544,0.00607303996140522,1439
0.07151175424504612,0.021238078891305384,652
0.0,0.0,1495
0.015571608165054509,0.00616116910338469,1123
0.0,0.0,1531
0.06730839229944446,0.05511361460510783,719
0.036785322482331975,0.01505214387040776,561
0.08021376927880765,0.017259050257507763,1266
0.05304520929633165,0.032376205131116956,270
0.0,0.0,1417
0.03946517438670572,0.015151382577276405,681
0.03651433741317202,0.02418666615934839,397
0.017290472087873404,0.02512359053154064,1111
0.10758520721951255,0.044650263793959935,651
0.03784803999422881,0.027099846215874204,1032
0.07145412932230166,0.003513923690515219,614
0.008543563089406226,0.0031782598322515655,1494
0.013455301693413264,0.0020543701257055846,1418
0.055911810759333325,0.02820059187488529,848
0.04274243397686447,0.03533298326132511,18
0.033573716886798485,0.008527925713299602,841
0.12796991207093575,0.03076122164048246,1038
0.024491199104143074,0.019140142733472622,348
0.017556795026261254,0.025174155545138917,1142
0.16039369488474098,0.049843262925579015,168
0.12291098520674759,0.00708243832859435,749
0.0,0.0,1435
0.050798957820050804,0.013751669526845499,695
0.16455149863619464,-0.035778452030752195,133
0.05630257851411825,0.055354306477582965,125
0.0652248699040669,0.04288163444912077,677
0.00863094146451007,0.005045927062018375,893
0.005909963629421396,0.004600627279812983,340
0.08288550257767761,0.017164409789493143,224
0.127467777370618,0.04907034753438985,1118
0.01565514281362215,0.016196793619441947,1165
0.0,0.0,1376
0.01993304879293831,0.024103433896603084,772
0.0,0.0,1583
0.02561467253614219,0.02479652166322503,982
0.013657913810556059,0.027973583488926833,308
0.02843225920960473,0.014167892576370028,591
0.08995070981994785,0.04745019132517242,286
0.0,0.0,1258
0.02275104807054009,0.046900629991935394,1233
0.020034448272835702,0.01765625766272839,758
0.13289139519337573,0.03559557524254689,692
0.06969011992976204,0.029093816176426916,413
0.028774714595550664,0.04026411383918995,1407
0.04134689934196127,0.04511304890101654,823
0.03333088539143752,0.04063789451055282,681
0.0006542612513335911,0.0017594393242539768,1511
0.0203211886527982,0.050988706938221585,373
0.018418704824729765,0.023554270644802058,328
0.017417687466205724,0.027207931144301378,336
0.0,0.0,1241
0.03656639165306009,0.02419063398334732,853
0.0011182647556580477,-0.00888462541277576,1367
0.13921387749274636,0.1127896811392197,342
0.09338763848846902,0.015223029911917756,461
0.009238139197096002,0.012282353851577103,1186
0.0,0.0,1318
0.041586998361205996,0.02987549397255197,940
0.0,0.0,1105
0.04257566794005022,0.014126835674323447,823
0.02959973164045896,0.01745552632078461,1069
0.029988059437376258,0.012640431229463928,794
0.023376050776881957,0.004197736722398199,619
0.0003047999140249471,9.062441922993025e-05,1170
0.1845931080073478,0.031460759096797034,664
0.033132971159888606,0.018468130305760597,862
0.005917453328003284,-0.0003259010158199082,1436
0.04378534667307047,0.017137472714170977,965
0.007475236822392905,0.009359941436732987,908
0.014988175186978949,0.020100412941607772,1166
0.0,0.0,1195
0.07938148068290952,0.06450198394300061,244
0.08945244915261875,-0.00586515552110975,466
0.0732961700496684,-0.0013737568687671746,528
0.0,0.0,1591
0.0740544723470862,0.014148328460295307,490
0.027228647586076453,0.010766980267658115,948
0.04215697313058576,0.06465072010386974,873
0.05416436706962066,0.016912138985385988,125
0.0,0.0,1025
0.0,0.0,1417
0.018206343059592327,0.030174056912600573,961
0.0,0.0,1489
0.00795076342973882,0.016038750058051155,1274
0.1552775970092757,0.051169714895290354,76
0.0015599474726190072,-0.00161888745457995,1226
0.033342447532992446,0.057921708950973094,291
0.0,0.0,1321
0.0908037148357577,0.03749736283136581,50
0.0,0.0,1534
0.049246149929146846,0.021629407625199024,1266
0.0,0.0,1370
0.0,0.01645359592447738,1385
0.0,0.0,1583
0.09579221430028946,0.061604096960320494,216
0.0233026223458603,0.01936037333486569,682
0.01800005375245729,0.017406188431074575,1272
0.016242356791722277,0.012885739854913241,1162
0.0,0.0,313
0.0,0.0,1240
0.16361338752927052,0.07176493087030196,131
0.012162959861457944,0.03270519354580364,1296
0.06440272925961646,0.02988705265775681,364
0.1117073276395306,0.022452244405281922,238
0.07292280276620107,0.041575358126093864,805
0.05803985133844182,0.01640424043380867,797
0.21554772050946158,0.028243957076729727,481
0.0,0.0014436919471389324,1157
0.0,0.0,1514
0.007089556815870739,0.0017650100725565318,555
0.02320444334598114,0.02671977239012779,877
0.016967744038242225,0.005306832479217968,1172
0.048836432491442885,0.0029659681858886532,722
0.0,0.0,1545
0.0072848611761289605,0.007583014464249146,999
0.1597294962621595,0.08381842347000909,432
0.1452387753078487,-0.004868125335043372,192
0.0,0.0,1423
0.01051208070807614,-0.013912452182288274,1092
0.0,0.0,1571
0.018336465965587297,0.015929648028653404,666
0.0660153909200122,0.02513739045190593,391
0.02453281550958386,0.023608703200604642,1007
0.0,0.0,599
0.03936040418289547,0.02752813487312926,950
0.015807537698428048,0.009277700079970164,1070
0.014840692218428785,0.019670756399546938,1375
0.0,0.0,1675
0.11889236894224789,0.05602887769274263,215
0.0,0.0,667
0.0,0.0,1545
0.0,-0.0007563201977064591,1627
0.11617221412989756,0.06729102681423059,211
0.012328257045313111,0.0093576686386478,1173
0.0,0.0,1628
0.0,0.0,1245
0.06311022118024767,0.033884001620210456,488
0.07565817313869282,0.01841540809876082,409
0.007291467329581144,0.012825452493682303,1201
0.19124831359034355,0.027617043855287782,704
0.1557738872048687,0.028962580408847065,176
0.054249079705960636,0.05538358786151832,736
0.051724987942946624,0.06509776521300839,1169
0.059461841683137465,0.012287823327557757,627
0.08848491877154883,0.01990004146406179,706
0.025271217617536097,0.037949570397093506,457
0.11770783134920883,0.018625274829659064,86
0.019230074983458603,0.041208480593939334,961
0.03768998303909326,-0.0029435409756958923,1044
0.1297830526972264,0.05137764311987063,96
0.0639334696582593,0.0712278288423372,249
0.18016915836331787,0.03276290630261254,169
0.014971229619568123,0.007505952382962041,1436
0.0036461297763706194,0.004997597417882341,1213
0.0,0.0,1636
0.020922777473188284,0.02709914780623689,954
0.01589049096651902,0.012165092358999945,666
0.08094846507966723,0.053675839404486565,128
0.0579197537111582,0.010384978647632786,1034
0.0,0.0,1592
0.0,0.0,1573
0.03758998313553743,0.014104825626810235,643
0.19105743432019442,0.04482433152331785,426
0.06972741074990796,0.03494782357967271,420
0.028077653811750855,0.003573003139597646,960
0.01973635528343055,0.019700912420255495,997
0.0,0.0,1529
0.027085268934156113,0.01956216015785285,1047
0.10617880836129814,0.05113692964325919,125
0.0,-0.009017044475237612,1305
0.012669227322421579,0.008422237061689215,1173
0.12601776920697247,0.05423207058615057,202
0.05137084292423919,0.08400932879055387,323
0.05033474689071846,0.015062326005740999,895
0.13674553801504322,0.027733765274488693,94
0.030068873179128753,0.024266490173574844,578
0.0,0.005894625072466591,1581
0.024704889673737324,0.01669412918856604,729
0.10549376857053304,0.01871707812695721,245
0.042076568240948464,0.04254380955124044,862
0.16694490478638357,0.006880932335283723,21
0.19251376157322525,0.06640334031669877,126
0.09999959727148089,0.025174389147786067,1052
0.01819377804122159,0.039152687588615225,1048
0.0,0.0,710
0.0,0.0,1370
0.005541466332078798,0.0040031534828423075,993
0.0,0.0,118
0.09635113501237452,0.0268904590806569,662
0.020518631130847436,0.008509065209411713,1479
0.09439556570909229,0.03754050073791698,236
0.0,0.0,1627
0.02072721090797915,0.006999256640667675,459
0.04657633532995657,0.024580916786157883,1097
0.030225035120679464,0.047223116700355804,323
0.011492518342292889,0.02163035080892652,1191
0.0675050077645203,0.020650467981769543,927
0.04165310265964697,0.04959898533127373,77
0.06303142132894632,0.01514631155618316,166
0.1481853653704518,0.06329167205510995,186
0.00659195300455039,0.006554744758574379,1153
0.07875379616721905,0.030116317492863712,247
0.019449980019976252,0.048503926613467675,960
0.0,0.0,1656
0.04237101077898198,0.013769644227713646,406
0.0,0.001583801928147269,1275
0.003788825832693985,0.013037892629477972,1441
0.024285065522790604,0.01633243173472896,1018
0.10915636860572826,0.04745474788355036,57
0.07011895756854866,0.029402760336284178,273
0.02409785769579416,0.025705624588600384,963
0.10393048182780522,0.039354960186043,90
0.03168936944107583,0.0055898359232012165,457
0.15395092485988404,0.12247451995629698,227
0.04127478646454531,0.036258501674907045,304
0.05267147077399902,0.05805996199618361,279
0.1244731040249805,0.032692656736133155,12
0.07359910919980096,0.011895225800262876,655
0.07252653074164106,0.0034690360832899192,830
0.01130271484058029,0.019098837105386766,393
0.029292281720084995,0.015931306314590093,771
0.14424847408792488,0.05476466516739004,99
0.014304901263135321,0.017391347539006834,1128
0.0,0.0,1558
0.06107646465345278,0.013530587959418668,105
0.042556426626868135,0.018499524161563457,622
0.01259968335841083,0.006469566630490516,393
0.0344787469281513,0.02429985353205162,970
0.034078428687383165,-0.002433016357240026,406
0.0,0.0,1664
0.0,0.0,1544
0.044594392091160694,0.028045404332111855,1169
0.0229792874511361,0.03244091736266624,344
0.051005449702273366,0.05525248241416624,768
0.07906969109207568,0.020574680205899757,651
0.0388589355348989,0.02172558147555756,1220
0.13088872524809694,0.08232847932786505,3
0.006108060171247694,0.003123602050320336,1517
0.11653449379701654,0.007149493560465127,614
0.0,0.0,1147
0.0,0.0,1471
0.18655145883268875,0.02502332191356376,646
0.011634842021312666,0.00837331212331346,555
0.005356938251154282,-0.0011151578227960833,1439
0.06040979334582417,-0.02441484536695218,801
0.03258593579990246,0.0054144711591795885,815
0.0074180253951375745,0.006003042366185441,1179
0.0,0.0005126244343811075,1405
0.015567485865162815,0.015892676764215814,1502
0.03108290340061891,0.0073270474003653135,638
0.07396541189060724,0.06166518217672715,927
0.13290207863008235,-0.04004809288004175,519
0.0616742119183586,0.042907059446532995,623
0.0,0.0,857
0.12331506699052913,0.029696520502636135,417
0.08380160760996669,0.04633500228113895,475
0.0,0.0,1340
0.028092166613732723,0.020290362538336,866
0.0,0.0,1234
0.06638494370042435,0.06159904097890011,385
0.08342695061851738,0.08070467314310793,150
0.0,0.0,1308
0.02089058513887917,-0.010158275648135477,1207
0.10622530684497776,0.0046939951850244336,256
0.034781871527393704,0.031995772301707234,1072
0.07766456427891,0.04411745975138361,154
0.008758755494758217,0.005031170339786906,1199
0.0,0.0,1671
0.01706384816989871,0.025425752584297842,694
0.04734463086306569,0.00806038138143538,1090
0.019718994188198224,0.011211908670251037,964
0.050372489367143995,0.007851193651897539,823
0.0,0.0,849
0.0952746207492121,-0.0011166838614291923,529
0.10350866099933263,0.05632122267743437,517
0.06803146848942965,0.037639487955913965,626
0.011353662931464774,0.004669775329859718,1183
0.0,0.0006285459221059484,1632
0.0,0.0,1435
0.11543089433016025,0.01694929820821187,630
0.004093310688969429,0.009333466934902565,1469
0.05955450004921409,0.02147870880611197,1223
0.008710182003425344,0.0023766882030192876,732
0.01885950928447648,0.012600996880301375,319
0.1858486986404176,0.0422363665508758,237
0.04214291376697189,0.013374008724534016,1406
0.0,0.0,1571
0.03054026924647778,0.010626315303465129,943
0.01474462424442784,0.025601106711203032,748
0.0,0.0,1463
0.0,0.0,1639
0.13165074975133798,0.04044560109990313,731
0.08275855484258679,0.050011526542835055,38
0.158732702544221,0.06427137810913491,330
0.04327411016691195,0.02074702253139045,928
0.05403192814284387,0.023438725485164628,706
0.08746318528228615,0.029756591574164323,1040
0.00500498524613631,0.01046461764023686,1474
0.25071066108437073,0.04031643011914342,491
0.1362656534436716,-0.001804518586193873,135
0.03615087984628808,0.02951293717522224,362
0.02042299186088996,0.013876376161381078,1115
0.04216109271899764,0.03597040823387676,766
0.015047133444471268,0.014649570952588278,633
0.029082111085323433,0.010617454504771036,1477
0.13086916404350857,0.0169943158119896,180
0.13390946165663278,0.06869767693304513,549
0.2584866705768857,0.03792810039815997,650
0.0,0.0,1396
0.046304615588974474,0.01784335952448691,645
0.022898726591445855,0.011078489454984797,1229
0.04937125678858615,0.017128420797513293,1219
0.015106096368976493,0.003817574766099308,535
0.037552143683679214,0.021190700391701282,693
0.0,0.00014121383282303317,1377
0.0,0.0,1354
0.08342695061851738,0.0666552699333473,3
0.08026237192737605,0.029209403124809116,504
0.0,-0.00022861918886341433,1601
0.08545435581641711,0.025062171541196034,245
0.08673814979424745,0.04078492492809867,925
0.08924666931666372,0.05364209170159545,590
0.028489351334027555,0.03151924356458906,850
0.07311843487960243,0.023650243787680564,832
0.018154392136700573,0.033029492358438224,1111
0.02915366046804709,0.07031180884614627,878
0.009401458739443296,0.006417832409389221,1250
0.029288394997364398,0.012438839956215171,807
0.0,0.0,1561
0.14220297372796523,0.01698914110237667,231
0.0,0.0,1612
0.039775672065075714,0.047917380619993524,394
0.0,0.0,1656
0.06440272925961646,0.025151926105426253,43
0.018515219068717875,0.01667419000459513,310
0.017470693794034115,0.0032882960609188342,765
0.041172836902152614,0.02479372157128938,1139
0.04129889619836429,0.03358454496489675,735
0.11424435181292922,0.006077692131640121,204
0.0126239136067045,0.010141328649824475,1162
0.05207893664353572,0.01632212356637989,412
0.014755445020966502,0.01839607051935382,1057
0.03744593259994594,0.0256547902845087,854
0.017150848450461963,0.022315696639132084,835
0.01229232434805555,-0.004623321529943316,1195
0.05078008096539726,0.02642414462086696,300
0.02264676234113931,0.012763540149193831,1206
0.031681203144919234,-0.013487645999113314,298
0.04596050704340253,0.03775547734862953,1281
0.0,0.0,1539
0.10672806842338277,0.002621811201562543,401
0.12802459315550238,0.029958144379286584,160
0.010849334357588591,0.009548437056904904,34
0.003720600846030128,0.003941494837758811,1426
0.0,0.0,1589
0.016235733249332873,0.009719865636411478,1283
0.09190770371313665,0.035743543893271064,501
0.081287589799207,0.053647567270326775,844
0.09931846289526802,0.02678034906924706,415
0.18757597791199018,0.05166318961838627,63
0.05723960715071952,0.017521781667341217,435
0.05898238660367335,0.0420547972912191,594
0.17102981019690064,0.10283770761323344,190
0.019046623979141843,0.01457090935772496,877
0.20658230108270592,0.04521785540447861,131
0.0,0.0,642
0.0,0.0,1095
0.2107098326430252,0.02283096711418446,171
0.017833572333230376,0.011264970585959488,617
0.032943484001974534,0.0333966553644449,818
0.01966156569210341,0.005720931095524221,1284
0.13029692954296618,0.0590831954612774,226
0.07618282667628125,0.0390326277393641,716
0.0,0.0,1539
0.02494901513096249,0.024065207080792475,310
0.09340556992657018,0.04828693281040796,53
0.04885241396449486,0.036832905062714555,552
0.003250202376648115,0.007304064367008469,1458
0.0,0.0,1544
0.05315658937180174,0.029359173064521616,750
0.0,0.0007852873320457309,1634
0.12261976991692003,0.01311328725404732,512
0.0,0.0,851
0.08842654895968377,0.04254273199854993,714
0.0,0.0,112
0.007961123786561781,0.006561947731756098,1467
0.19036083465729223,0.062444312727529226,731
0.08209331410746333,0.007435707464416243,239
0.0,0.0,1647
0.049577564400143104,0.023001715927082653,1477
0.023939264324963214,0.009264090432383769,277
0.15597314045737218,0.007902531012085637,731
0.019468042325429816,0.012086126373879366,990
0.03932707267090713,0.05005088501702387,675
0.08105442091644113,0.021807005556540936,588
0.03883563397033882,-0.0012458425932249835,104
0.0,0.0,1537
0.01642461810122108,0.010573941156036715,349
0.21701768343145678,0.0417468589136052,94
0.17714810344785348,0.015503759469257061,510
0.0,0.0005791792008894563,1570
0.057857939098828484,0.03797782611333469,930
0.03929679088825475,0.006371648847817082,335
0.026562072261389114,0.021180098540455886,742
0.0,0.0,909
0.004062186785083358,0.006357116268626846,1374
0.13466397338650551,0.014070681873809582,68
0.012158221370566475,0.020882641476790104,1249
0.07218997473457145,0.031987167723957426,454
0.022555522136605596,0.007937006040914749,1049
0.013528704618474371,0.007772382000388738,859
0.1156288374682782,0.07467993693143604,922
0.038921526189185804,0.05098034315175811,696
0.048445559670074946,0.05482456435664544,288
0.0,0.0,1379
0.012005114193694167,0.014381750248878548,1425
0.0733834288977945,0.03944713035452113,689
0.045604020347764104,0.0282540957217391,1115
0.06918249692664549,0.027221078352907723,446
0.025683056083477953,0.028001517345868154,1288
0.025578569586136003,0.021450222661909508,899
0.10240142229516634,0.04861535324642666,819
0.04476777520233288,0.018062183235086363,521
0.003004902135736114,0.009214174695886125,1183
0.09648814998735603,0.07095523546040132,320
0.0,-0.01665176368589672,1255
0.0,0.0,1236
0.0,0.0,1279
0.060254420641336175,0.03389103241229712,557
0.017586657401483893,0.0020376613415362737,935
0.08637060640389049,0.041299351338607675,455
0.010348225949590378,0.020254294077717127,1127
0.05615856005263676,0.07344935773036407,696
0.003106808173796713,0.0030577361577794945,1487
0.08911580415962125,0.06816235534702533,24
0.07420648158942998,0.031875636338146336,681
0.048362402050915625,0.01480800980007056,773
0.021039433514971975,0.01497124173433907,1162
0.008237500890380979,0.0015191113439159479,847
0.03586704203375446,0.011396891282907868,680
0.024186617182633072,0.005340923985115378,802
0.07661088633660243,0.048727451579910125,511
0.0,0.0,1677
0.14423809134717497,0.005781037312530775,7
0.017133801427444695,0.02708683913501788,699
0.019015227449740695,0.02314510778987471,1486
0.10853218908692941,0.0338115902677852,450
0.0830768000425909,0.04429270686896211,474
0.0020859432363368366,0.006350469131777609,17
0.0,0.0,1547
0.019144196158593307,0.017751044562805414,866
0.04982555723471251,0.02171620449185726,588
0.0,0.0,1232
0.02335940755408435,0.03268095842100646,349
0.11351369655663568,-0.003496432151703875,98
0.06673711063812052,0.012417588957118825,416
0.03074004505521567,0.025252673234013142,985
0.04789121437964932,0.019773469829926026,1508
0.05157370605443668,0.04922672056459862,107
0.0,0.0,1279
0.09820261134131093,0.07313086929174918,689
0.07426270366995456,0.02865325285426379,398
0.02390422508601789,-0.003283530982366782,947
0.09329885718296417,0.06291173898718676,321
0.04894860441805047,0.03880390436091704,743
0.041644558852675165,0.028096075890163802,735
0.1470528745913557,0.06302379298703573,55
0.10598057028709072,0.05592188200351469,25
0.22928827136232757,0.0910244037471039,32
0.05165581563980422,0.00886236290341825,1181
0.0,0.006007494806606089,1577
0.0,0.0,1503
0.001198323587115288,0.014773959445041448,913
0.1599072404078918,0.04009991437778508,558
0.04075084954823234,0.028491291621603725,737
0.15322474544324383,0.013746933099806192,481
0.0,0.0,1382
0.0,0.0036496736225031393,1337
0.0,0.0,1447
0.1531193277297601,0.009508033147487936,791
0.03991119463991788,0.008549923299355288,648
0.009040775692575163,0.008969228404341582,555
0.060636193244772235,0.02479240754695873,279
0.005302519056916498,0.007197630808194276,1273
0.05310480293268845,0.015516455294201792,842
0.0,0.0,1386
0.007887303423243243,0.013215075509110732,1021
0.10694405054204843,0.017442287333099184,724
0.0,0.0,1430
0.05871908745950472,0.024511931875927647,788
0.11017899004291111,0.03773812982479776,409
0.11322695198902308,0.07931487944346398,82
0.05951860418612526,0.01375698436450549,1106
0.0,0.0,1568
0.08147156202022765,0.03621116447987007,226
0.11882165228187909,0.014154194628180518,37
0.015364099924392348,-0.0003381017721475447,935
0.0,0.0,1383
0.10736634877820365,0.024329777634267892,155
0.04802565171219074,0.020440032274535475,854
0.05779116756542041,0.05617976087225297,639
0.041808907163437596,0.022596501181190994,804
0.009758415952974619,0.00673437577540632,266
0.03031133476555756,0.036642810119839817,291
0.0,0.0,1562
0.00305404745166902,0.04138958604333836,262
0.0,0.0007852873320457309,1636
0.0,0.0,1373
0.06715710793074652,0.05452495777849004,409
0.051181054539132534,0.009955152540302135,969
0.15700904552617154,0.02011926655088855,657
0.07026629324838257,0.05657148907266664,832
0.03135406419564848,0.025219396581582353,982
0.0972722097537059,0.026664060620393584,1040
0.03350467685190714,0.024056737315669163,542
0.06875044191925456,0.05599083707916415,164
0.09692056991931923,0.033212936360101114,491
0.0,0.0,1619
0.10015400102458716,0.05991330455639994,191
0.09027232487829398,0.015815891734318223,267
0.033113013498351364,0.048302426103101724,261
0.12387968981347623,0.06425251129895962,130
0.034623759877236995,0.04125321489079218,682
0.014102434549455674,0.03581403516441358,1158
0.1466806122695457,-0.006338581549349438,654
0.027725853748830798,0.010171251796143083,1033
0.01448982608350028,0.009814359809716003,1140
0.050996377543575125,0.04771170309129132,661
0.06418543706970478,0.027047573040018744,448
0.02159720401949119,0.04272206233270093,1198
0.015799224665710477,0.020845647008825106,1468
0.010870822599531623,0.0136841165805472,1467
0.0,0.0,1215
0.029298844777280425,0.055718735380796684,1021
0.02629741767376066,0.010611084747763573,1182
0.17190401018932408,0.04761176234592543,577
0.07398175741511738,0.049180326280623035,90
0.0,0.0,1350
0.023645890999865617,0.019937810632962627,591
0.07005054180574058,0.04594516517767475,1073
0.11565942534109505,0.05401243233110397,85
0.06639310579140735,0.01466525839881624,580
0.11952634889375274,0.04615246539137324,408
0.0,0.0,1659
0.018658843611877245,0.014212252543791194,1287
0.11459809271920965,0.10069503074958702,117
0.11440177643882526,0.00298614911945285,215
0.049095203160952144,-0.009634506821496903,282
0.04271632551302133,0.014329807392514948,673
0.06187985362053476,0.019691585648623323,381
0.02331760183283488,0.021048322000527524,1166
0.010992563587714324,0.012494837725212628,1246
0.02199717846449203,0.018564728732842116,1239
0.13792570778595387,0.01559985279867253,721
0.10994382466223045,0.032036949470886346,142
0.15622964905773706,0.027468292563025805,448
0.07794370988418416,0.027716337761169493,368
0.015485351731764744,7.57915468944302e-05,1275
0.012011269178936433,0.020571341583167778,1083
0.13946002532497528,0.0298932639123987,95
0.0,0.005558324360204682,1333
0.03232629078258357,0.05046308325231762,878
0.005932238193429163,0.010333998412360088,1191
0.0407676998487468,0.02611824610613006,720
0.08120521701675822,0.022319751955331688,89
0.03815520915330278,0.02363434482579305,803
0.0,0.0,1025
0.0,0.0,1527
0.0,0.0,1537
0.032535115376879684,0.006336189216685491,636
0.08098067572651872,0.02777217378774633,355
0.09136836538877138,0.013268087669484738,200
0.027145384521407894,0.012124260890251919,1106
0.07993597660180557,0.04676778925085753,163
0.06798078739629695,0.01144362540423575,14
0.018944645365441902,-0.012652492557746378,341
0.2153068769097441,0.09160573560552701,55
0.039469612758853426,-0.0033844996476521437,84
0.0,0.0,787
0.0,-0.0009289309009270218,1536
0.05010365216929344,0.021704476686250657,1374
0.04766561676612024,0.008200055131504414,367
0.010563329526621127,0.004147892710899591,820
0.015551393499721662,0.0193638675036495,336
0.04399206985476418,0.055833686934930016,241
0.10058874118576155,0.021211563814097712,1015
0.02482808628210236,0.026375838897662342,884
0.03373089178381985,0.022539672108484017,1239
0.0533453838562771,0.007575594157467496,836
0.04790788342872058,0.02090675782628528,502
0.027732359320323276,0.037311693816657346,1036
0.20224033627632892,0.10524498694276443,202
0.0,0.0,1619
0.002599786743126151,0.003230459277831043,1607
0.05168470802905399,0.0346397221586391,16
0.04712690922957357,0.035540491713128175,1117
0.06927263672661846,0.02690252577716217,940
0.07111271632224078,0.03466480884416868,1134
0.0011795134135132326,0.009484597041489864,1554
0.04785470630938888,0.0617429204951289,872
0.013255819067553132,0.012443562836708506,1284
0.030182158299941177,0.006832037436920667,109
0.0,0.0,1545
0.1265845308838418,0.03824739648806696,1040
0.0,0.004592073733688269,1340
0.0,0.0,1401
0.11700380431560028,0.12041004965021282,341
0.016039974908560767,0.01176256331485144,1139
0.0752770948530567,0.07434461293687675,249
0.0,0.0,1608
0.0749567200620902,0.036096885622928704,1117
0.08535670564432221,0.033456685040607864,269
0.0809496576049688,0.011055212741475287,504
0.027238947128056478,0.016172596405425718,744
0.05976578110881775,0.004761635845064824,799
0.08893838591624009,0.004912032739123938,468
0.0,0.0,1376
0.07117892364081137,0.041528805356833884,675
0.013979396184086142,0.0060135823181018165,1075
0.0,0.0,912
0.0,0.0,1651
0.13199274680525072,0.007835162456731836,65
0.0,0.0,919
0.10058850176039236,0.1118645964442191,234
0.06324145793658904,0.013151927160566046,844
0.07431693187396134,0.025880129935608388,577
0.08927951705134506,0.049893972148594146,146
0.00810102838883933,0.005175620226358011,1211
0.02530594331994172,0.01098409804240988,1516
0.14000557525672677,0.02869620600270482,492
0.06185938839092711,0.02650487699424679,612
0.016687719123310435,0.021212144004595954,556
0.0,0.0,1657
0.021182615547309373,0.026313895096529854,737
0.07974942882869822,0.022585353138765,477
0.04220432991277083,0.014187955446871526,1209
0.0,0.0,1346
0.016089506782334905,0.008130739614012162,1355
0.13445612218870864,0.1109672303019188,475
0.0,0.0,1533
0.4544733226212577,0.13182936594365088,58
0.09144949799878832,0.030962068835396768,281
0.0006145848750226034,0.0071859522184297515,1037
0.026185607155919985,0.017248184292698965,1225
0.10157509495099318,0.041915973020969645,814
0.032130159091366295,0.02696124891002812,382
0.027997869425815933,0.0064092763220561155,1248
0.041143216354154695,0.01669507225587658,562
0.09731662239199901,0.02624359164845324,1227
0.021760921098480598,0.009571828484434206,399
0.0,0.0,1447
0.05228864660128161,0.021493241383258102,809
0.0,0.0,1356
0.0,0.0,1322
0.08935293783565187,0.014031344418508361,284
0.02283918178784107,0.016160994209220892,957
0.06806602402588903,0.05577318234530155,244
0.0,0.0,1105
0.0,0.0,1657
0.005134263040376435,0.0022090185566401993,1619
0.025413051858749536,0.024284318237643845,542
0.0,0.0,1542
0.054485205088116676,0.012431721344077542,782
0.0,0.0,1465
0.0933169622175673,-0.01646092809809606,646
0.0,0.0,1253
0.0,0.0,986
0.0,0.0,1531
0.017277975181115596,0.030487136872408793,537
0.0,0.0,1471
0.03190843932404384,0.038885010365198515,1004
0.0,0.00016770830592457344,1588
0.017776824147889687,0.029860870437701508,959
0.006340171519631248,0.02301134428266265,1288
0.08376618982029974,0.029073234400882848,613
0.03904115186279922,0.014718642713399082,1094
0.046270840680864025,0.030025503349844843,773
0.0692417533134335,0.026322296491272375,727
0.12394686189771269,0.03914688691632801,1046
0.16290608806372675,0.04169376857760786,192
0.08387510078073043,0.03020762939631778,1187
0.03419119698517766,0.01988120769715548,1106
0.01943032118258945,0.008249144894557584,732
0.0,0.0,1537
0.0,0.0,1578
0.11263679497435859,0.029888693467829276,120
0.029124465332207486,0.0084737008811351,886
0.009943918931435881,0.006549506732456795,1607
0.13166454110295062,0.049675955399610845,24
0.1545867732487183,0.025443448644597105,231
0.05569777157129962,0.030521683405899648,808
0.0,0.0,1359
0.14555459506607304,0.03604431276276823,54
0.0,0.0,1480
0.016723160529934143,0.0119058781863383,752
0.0,0.0,1145
0.03714404451608423,0.020500991659556163,1538
0.051894182839837974,0.013827355959013521,38
0.03349493769230141,0.018386457661004132,644
0.07826428849313315,-0.00109731792417297,501
0.05689208427445759,0.020145316103082653,60
0.05820733913806047,0.0068939595899399865,539
0.02955384864772088,0.0368096981281675,252
0.056201134196568685,0.040139510546188216,959
0.14401736686506478,0.057004075504287426,264
0.12906878081325757,0.04532501244961052,402
0.06678007197748054,0.03846125582953617,287
0.0021440732227916443,0.0009828991498277177,888
0.08986803633134537,0.045276441628446976,553
0.0,0.0,1245
0.02073653529885524,0.007305406059176944,1252
0.06909438550802331,0.03719081940427234,663
0.07592488418408408,0.017341678799779353,424
0.0,0.0,1326
0.015362067417318737,0.01989209776118306,129
0.12457769549460637,0.04038615470234903,505
0.13109207335074957,0.04709552582823454,519
0.010011317304334853,0.006567348625053245,916
0.01777970128428524,0.031202842708382892,1282
0.014032297357545312,0.004884290584755995,785
0.09297788171238922,0.02579171957708354,558
0.14988347365157229,0.05264946631476634,392
0.016821351604624293,0.013220562886157227,1053
0.0,0.0,1648
0.054800835999530825,0.03059247808494684,386
0.1072188489677025,0.06163653754158157,202
0.0,0.0,1311
0.0,0.0,986
0.0,0.0,1419
0.043338704057981174,0.0325120805303223,119
0.0,0.0,1571
0.0042077690868094425,-0.0021906612867861825,1054
0.04525640000089581,0.0340238205735417,638
0.1443600433768942,0.05137700218686095,12
0.0689474242861814,0.02550771706396676,484
0.02336622269800067,0.023711551037411776,1066
0.05809319868321995,0.007871767239721873,20
0.1132066750194934,0.04095094503378266,660
0.019944968794318146,0.018311912746625445,1479
0.06241291314172632,0.05208373650256596,812
0.05097235438879744,0.004904912662990133,372
0.10743039742305258,0.005748896921291015,144
0.0661590680227083,0.00921644503949161,590
0.014864871959843236,0.007963713250223933,1120
0.016789762072086538,0.008972197145722925,1003
0.1484584252236099,0.04049594934962866,231
0.059118243492818016,0.013177730438626866,1443
0.0635782096879323,0.04560153204373438,747
0.020630600894747286,0.013426780861753787,1099
0.0,0.0,1612
0.01759674020883938,-0.00018195837337798613,1162
0.0,0.0,1498
0.025146158580059287,0.007411902032908643,1003
0.07316351822776901,0.03599580721875813,122
0.0,0.0,1082
0.05144977406533222,0.04978628024448807,16
0.014892146319315153,0.012433100538935335,1445
0.07639474586903654,0.01762040407013893,1227
0.041275293072224085,0.026014896526813817,1229
0.005861769661692378,0.006244161735122735,1467
0.0,0.0,1301
0.07390819529878398,0.05878066220394984,100
0.13464931257403367,0.04780699174513487,385
0.0633067600650215,0.03437711334556921,769
0.03177161958194123,0.019965478533787197,1064
0.04999601993029249,0.03672813953768244,749
0.052129420996703084,0.009529527498318391,730
0.05010385552959944,0.022056882674472953,757
0.015306522199245765,0.011311353883677143,828
0.0,0.0,1359
0.02139504629688023,0.023163697749400844,703
0.006885033605081494,0.008091467093501828,1172
0.044810250018846684,0.02978851325522633,1296
0.0,0.0,1568
0.07283899537236192,0.03086479186492611,927
0.00738703730389253,0.019472392010071265,592
0.020916759090954612,0.013186177268134673,1167
0.0,0.0,1353
0.0,0.0,1154
0.0,0.0,1476
0.007012227715446317,0.0049380561249304815,1374
0.0,0.0,816
0.0,0.0,1433
0.09556661081446084,0.05377998503883234,109
0.13431557447594164,0.06197427019857551,273
0.05785823052368886,0.020238187391970575,635
0.024518244624146195,0.009627213072971786,1201
0.07928438010036004,0.034436703741167266,309
0.05073304450291933,0.032533512524079176,465
0.026181924507763195,0.015524099487743404,997
0.09144614295408836,0.020216138831789732,492
0.044004879225705534,0.01580842764525848,345
0.030705187988971604,0.004179667539547461,1094
0.0,0.0,1417
0.023258446384546258,-0.00015876258298687675,1032
0.030762439930025913,0.02110716389392715,1047
0.0,0.0,1537
0.1225425043869317,0.07814492123777853,12
0.044571698387705826,0.009648568486169873,1006
0.09260017740439319,0.023793970279292927,447
0.03786240835609737,0.025216450214376934,600
0.013959432641137647,0.007694814442258556,666
0.0,0.0,1663
0.021905987129547565,0.022460516810541297,350
0.014661025199990439,0.013857060968933929,1180
0.11572534633704452,0.03445809835926068,65
0.006993929569696451,0.017748956003676583,1080
0.022443457161681946,0.01878219636603049,861
0.1273572708340156,0.07346715709240006,651
0.039536882196904155,0.008903431594144248,839
0.10675621727828752,0.011955462003122893,658
0.11826151360566171,0.03150008630247346,95
0.0,0.0,1361
0.1249604256347121,0.1307891711587538,299
0.056461460526311416,-0.003037650255879969,636
0.0,-0.005067418835367307,1674
0.0766075888358076,0.024236836933214125,127
0.15894007236255953,0.03478870717879391,575
0.024316713363959665,0.011351016097241286,666
0.19525551080721992,0.05146017655310147,198
0.027811931905034847,0.013820257599231132,538
0.01132316232958594,0.013324207100605613,806
0.09194782325710209,0.05489321794160454,217
0.04073257637886941,0.011495851112277678,1225
0.0,0.0045084908788018616,1569
0.06162188557761196,0.053304241749570075,921
0.013736337015617543,0.004337561524481743,351
0.14959723512361053,0.0760177176739323,1015
0.11015291121697512,0.03887206547951966,501
0.0036869880691147647,0.02353013041228594,1061
0.018521442562825396,0.007041525895858393,578
0.0,0.0,1235
0.0,0.0,1359
0.08235724249010468,0.061332209450441405,1011
0.013980494886533247,0.014314454876638492,1468
0.0,0.004890777684185837,1554
0.06143228284832385,0.023483133384578265,464
0.016296539669781455,0.0208511248011416,811
0.0,0.0,1542
0.0,0.004230853068212794,1379
0.0,0.0,1596
0.01801278783785913,0.021075493560098153,1287
0.0,0.0,821
0.0,0.0,1527
0.0,0.0,1329
0.007948558858695946,0.008155653773179587,1198
0.059583032603377516,0.02371465946795698,443
0.0378009010899044,0.053461095345017424,1011
0.010482046139664133,-0.0007446517203279827,1439
0.0,0.0,1610
0.16040537828535834,-0.001858384909439184,479
0.024504151159397868,0.026946777133439435,1273
0.031053679932064423,0.03736271168239056,582
0.0005168141398901715,-0.006374495487547265,1529
0.016087868508383205,0.005933065302063654,1031
0.041907306694089076,0.03733725328786401,1252
0.0,0.0,1079
0.02682203411502417,0.047966184966745706,852
0.10719968374604837,0.04089844423920147,89
0.02730693383415672,0.0024572867731188614,1028
0.04114862793213784,0.015341081813031903,610
0.0,0.0,1408
0.046144426928937,0.03300436551279466,729
0.0,0.0005466857989339739,1026
0.07582229738291305,0.00674612237949717,517
0.008483942924988821,0.011729884930721272,295
0.0,0.0,1550
0.11288577547774689,0.050653676929870814,46
0.03705503246894876,0.033001881492813405,1269
0.02821661623027344,0.026269031593579996,344
0.01392874332558189,-0.0003362442183101703,988
0.2487960169005784,0.03996365577451396,88
0.036844802753100855,0.04247055784113735,743
0.020283548727407244,0.007249186999641001,1530
0.021899268089881657,-0.007370353491923649,1075
0.002924100262784453,0.0008688042967791599,1487
0.03486928389013055,0.024565583198858966,914
0.15455349870327958,0.0934784439306529,325
0.06259053995643878,0.04405976608003614,641
0.08553983831265086,0.029599677444528055,580
0.0,0.0,1649
0.07855260756897778,0.010257353912646419,29
0.08123261471750944,0.0920883323800921,639
0.001056766929627046,0.008165127932197765,1539
0.0008775250303561916,-0.0022983352779870577,1254
0.13947335696881957,0.08855098158702222,180
0.2145616348025605,0.07184835780296688,264
0.0,0.0,860
0.03226748023876344,0.022462513725690185,1045
0.060700335845561115,0.03884234169439012,16
0.0,0.0,1417
0.1906678708064517,0.05397570158419386,207
0.046658025353292026,0.02289977438537714,720
0.051052620245493674,0.020884942738607522,601
0.06552226997122326,0.017468211322129494,523
0.08493870834820906,-0.009878243492889158,151
0.12150827955386098,0.04402823154120354,590
0.0978306289323867,0.046296736866293396,299
0.010594161449850306,0.0049247473716074654,1186
0.0,0.00048254994570433074,1491
0.09694060139857964,0.06669402233657129,128
0.07333905769328165,0.03388024051106657,1224
0.07241826603304004,0.00999433765507817,440
0.039322226476937075,0.012540390597195559,1090
0.06715140100428915,0.017615295961404476,80
0.07161898632395697,0.028613273523748473,1073
0.055731441711082054,0.01732397706708913,378
0.0,-0.0008967844303512066,1666
0.048601433680956214,0.008489347428407942,801
0.07151025829245998,0.02135020039685966,967
0.10376644679255088,0.003985896205157573,274
0.04040976590574956,0.01909423242356784,325
0.0027711782446379887,-0.0036897807229802127,821
0.014584236459096745,-0.00460177743455253,1120
0.023569865231633447,0.007626358924543589,1133
0.001395154043082711,0.0024460466544283235,1436
0.0,0.0,1590
0.0,0.0,1063
0.049832491683785465,0.018347284524993835,254
0.04814204467991537,0.02632939732894448,339
0.011067075619790964,0.0076971534200005265,1201
0.00821295218724315,0.015696544167424366,393
0.0671119119613901,0.06835777314638398,329
0.07233428210331025,0.027735549115692735,983
0.0,0.0,1653
0.03124088066745569,0.01025017744506663,535
0.289778555075086,0.07121092898592621,479
0.06787098368516405,0.03820217282597745,52
0.013454121260377686,0.01458453297171051,827
0.04204002488145999,0.02654885544516182,561
0.25071066108437073,0.03868655965927025,505
0.0,0.0,1674
0.0036313418862304286,0.006400098596874253,1469
0.020785592249811368,0.05325052838678644,905
0.02126890340370758,0.005605653011141563,1202
0.014994133483349381,-0.007301560487054377,785
0.0,0.0,1253
0.05845598615707277,0.06704626667248938,84
0.043721689798278264,0.022995982169590593,631
0.11222308609908299,0.052978076137379,132
0.08256295006664333,0.0024565565355236458,1046
0.0,0.0,1642
0.0,0.003811209446870014,1345
0.10658354739075321,0.07151510506550321,229
0.007252052816993592,0.010539831533217069,616
0.06592847117394514,0.00813352382006899,128
0.014012508042227997,0.01623729240650554,1415
0.0,0.0,438
0.07381538607383091,0.027182706784228437,557
0.02603641759248512,0.01878199431083745,950
0.03867898502692605,-0.0011882309379560518,364
0.0045093986549696145,0.008603869135040758,1144
0.0,0.0,1449
0.004175807529113374,0.003943782518409914,1267
0.0043054885676451085,0.0053061082709284745,1367
0.06198986824510613,0.002576990007862331,562
0.15558124782828928,0.04498147473585575,170
0.02714220385972488,0.006806336638839087,1066
0.041143216354154695,0.016481386751859582,1109
0.02366416959975397,0.03188218699350259,243
0.02069797718436544,0.00594502470091846,421
0.012789817985640954,0.023773946041849358,979
0.0,0.0,1660
0.06845708994207876,0.010078572033566647,635
0.10861989990712102,0.018364005708005556,47
0.07875626034142712,0.04941985573490217,983
0.0,-0.0024961831542832514,1381
0.0,0.0,1421
0.0625881180532923,0.020598247868063996,157
0.11784512839263087,0.011936065801378303,660
0.03218047602936798,0.008684399284579461,1223
0.1283003447937435,0.034769208329828265,37
0.03590479415682689,0.016428609158778106,562
0.029466970670743275,0.03066109651943351,947
0.050484639127559586,0.01914313087661091,638
0.0,-0.0031929429808682046,1383
0.031891381515158794,0.044415648841849314,326
0.06874297005219278,0.040242312369445095,372
0.0,0.004962495949679965,1373
0.06459822463679286,0.00987357673635012,166
0.029615487911236783,0.03920102981021595,903
0.08856507301731914,0.08138437881551798,121
0.04367730517687699,0.026302357631963393,370
0.07638370577785478,0.014015647218637487,585
0.0,0.0,1539
0.015300975249541751,0.010674637219158279,781
0.0,0.0,1377
0.0189523807501325,0.01650538434575877,766
0.010709318647826815,0.005565475630990542,1530
0.10130266826598863,0.0255917943900629,116
0.1313240830344471,0.0474199643202981,237
0.0,0.0,1079
0.011897744194595508,-0.00031132663768177236,867
0.0464559093021795,0.02480090073301041,253
0.050798957820050804,0.0077511546815004495,457
0.07787077788575679,0.009934010423975449,814
0.08815246034277151,0.0190821803143339,569
0.022123346531919635,0.006266609328282857,1538
0.07237606607264913,0.007082594636780421,581
0.003822050310321928,0.008781999015343734,1099
0.0,0.0,1155
0.1421351125067696,0.09102167103553413,654
0.06659508335879127,0.04615325023949853,115
0.07987639363333134,0.05761281550891064,211
0.01027924540304128,0.006624998083092372,393
0.022961280874796014,0.014593703190080947,974
0.01106842258292873,0.008563148817321082,810
0.04998043419584767,0.055414705474404385,294
0.1590979919225619,0.12221313388686501,779
0.021607228807910307,0.01724862959298289,546
0.0,0.0,783
0.0,0.0,1291
0.023152470633301905,0.03397633436660737,702
0.02859582716692324,0.008049671678529205,600
0.017544937277972954,0.025227024487561443,1067
0.0,0.0,1456
0.010940592853463741,0.007088002159272819,802
0.0,0.0,1456
0.0,0.0,1668
0.08368577325605547,0.01685437776747255,517
0.030367012708663457,0.004391740748295763,931
0.0434300474891015,0.0069998765824387955,444
0.0,0.0,1386
0.002285658074440509,0.0005283981445431447,775
0.030349069423924416,0.0036517079972247304,965
0.02165630173949133,0.015148535337161699,276
0.10974295472686191,0.025616924627717117,40
0.0016501137236350227,0.010020226260950121,593
0.0,3.984830599663919e-05,1631
0.0,0.0,1311
0.02804544200224216,-0.0049525586158553495,1094
0.012193508823220301,0.004013237831836817,1276
0.0,0.0,1512
0.030514615929569517,0.0032397987462591464,965
0.0,0.005558324360204682,1573
0.06953718868164442,0.02979320803207888,563
0.19631725325011773,0.020441827906710532,49
0.0,0.0,1376
0.020943494137528842,-0.0015107399843913164,330
0.0,0.0,1547
0.07974976047351956,0.02300795898358481,257
0.1893007385626065,0.09677258819880552,596
0.05162252508148202,0.015358847959258315,964
0.0,0.0,1365
0.05435855210762172,0.02161578631063433,1036
0.0437907675091006,0.032925029869255044,799
0.0,0.0,1644
0.0,0.0,1451
0.014834681632417234,0.021988673645823145,351
0.08367848061174153,0.06434671055990117,339
0.05754543061182931,0.04121298478763953,465
0.014362699512461252,-0.0023168042127018327,1162
0.014859681632709483,0.012588328688483995,803
0.03388790359408983,0.01664736671897456,1069
0.03003826067580755,0.02271636718859567,223
0.17916040873957453,0.046042026611392534,526
0.0,0.0,856
0.0,0.0,1561
0.0,0.0,1360
0.0,0.0,1317
0.0,0.0,1608
0.012875245712914202,0.011924171074790898,1198
0.14567945656051168,0.018140473628599725,654
0.0110005700962717,0.0006148595047712674,1450
0.05097139460557594,0.005155708593698769,607
0.0,0.0,1317
0.05923276266457373,0.018754599979487325,1034
0.09935791611592204,0.05469903503168508,416
0.0,0.0,1161
0.05232316973366188,0.03558901361834786,48
0.0010150335020698426,0.002443504732183099,1511
0.12994540861087334,0.01554320462071756,515
0.032166018294107424,0.006874599326995581,42
0.11177741276722601,0.04235660845421152,391
0.05103847536036337,0.009063199333851694,809
0.0,0.0,1669
0.0,0.0025971081463655697,438
0.04906732206741162,0.03454590332816983,406
0.0,0.0,1354
0.0639836410851788,0.015485117511028785,730
0.006970811131846566,0.013601339778474018,361
0.03613343338954554,0.055860265757160486,923
0.010953305202139971,0.025507759208104802,1304
0.11541236859770615,0.02819809531462889,505
0.040328349680464635,0.02546870053967151,703
0.09248713281581793,0.014263957575367834,603
0.08711840055454613,0.04193946782870617,163
0.022215618088957664,0.013298443028623015,893
0.05408748234746735,0.04877149027238534,521
0.07693323722387545,0.0018827440563412411,322
0.0,0.0,1371
0.11118863272867968,0.06393850787142497,454
0.00894196375812732,0.01550976437230269,1092
0.0,0.008492421208422198,1457
0.0,0.0,1610
0.04915459982941118,0.013950507575926786,148
0.02739350380305021,0.027973211020168514,1056
0.0,-0.0006824550991081721,1489
0.07419154718263316,0.04732741873601401,146
0.07459698467379258,-0.00010686195631056038,25
0.17038343105474843,0.08866466175873751,49
0.0,0.0,1079
0.0,0.0,1398
0.016634878174285543,0.02002043362537631,352
0.0,0.0,1538
0.0,0.0,1002
0.05502895589545066,0.022888195472757562,988
0.028775155490045702,0.01592898995279749,499
0.0,0.0,1540
0.0,0.0,1137
0.0,0.0,1512
0.002426814900391599,0.0013175508021335451,1469
0.0,-0.001599516522980142,1401
0.023118822766904305,-0.0031931746765623786,812
0.03236971838020869,0.010264977845568839,569
0.12708034564361262,0.03865949287835952,505
0.007074565227067672,0.002643896293691732,1494
0.06085098436825387,0.031548841460871634,782
0.016397403589212715,0.041191263522638195,1099
0.03304003719998765,0.0017380850779443648,1123
0.20418486905300554,0.06446552360481932,167
0.06878578662453673,0.045729482759581934,714
0.1853986465701548,0.020340530799963848,512
0.04905306376676648,0.055745863723224945,538
0.10595353033576856,0.0381810586736777,268
0.032874314212514626,0.022314203601997987,1167
0.11100706443784156,0.053078234359189215,81
0.0,0.0,1154
0.0847816245774697,-0.043854706426336945,300
0.1648035241831953,-0.005088502591141068,181
0.0,0.0,1330
0.0,0.0,1293
0.17794086559828506,0.08207308416647296,21
0.0006984500393248222,0.0007943052633469565,1246
0.002669604566678242,0.005382271370204181,1482
0.025272001992373002,0.035936581638772266,951
0.06148677652144049,0.04622097416776808,252
0.16871007505879096,0.05428365207634763,93
0.014036143145244118,0.017025808935475253,102
0.0,0.0,1515
0.14588625162701693,0.05325525178790108,149
0.006912220901613276,0.0008871469498887802,393
0.01086667363477567,0.00966428435711488,957
0.013355544690688071,0.02833001511621626,748
0.014628137997478686,0.01747710344707686,881
0.02032549371743484,0.012041213218066197,1438
0.061490581051500647,0.07678235211038024,819
0.11161194803234495,0.0648846140516881,195
0.0,0.0,1305
0.06886787798730146,0.01696740194697215,1134
0.07851677325522989,0.02003822790894166,549
0.03388966889585116,0.012689825023613734,1502
0.022912749810286653,0.052441338712792246,129
0.0,0.0,1354
0.03240240613367545,0.006917528435262285,1069
0.02309695604668396,0.0156605778184671,877
0.009962238024963413,0.021833657219436736,1273
0.0,0.0,1423
0.0,0.0,34
0.052879778426813774,0.015747209378127503,541
0.03595972270975413,0.05114455222626089,736
0.0,0.0,1317
0.0,0.0,1609
0.005892021675401034,0.013245131165410172,1473
0.0019732000083512178,0.005009891829948665,1254
0.061032386505627596,0.05995966817396493,323
0.0,0.028813344827610474,1500
0.013121891359301405,0.00680853578603766,421
0.0807900864942431,0.06689265291612745,427
0.01324277838739191,0.01265793365368771,1171
0.12368000865026227,0.028399084927077184,524
0.023426196212653995,0.007731210320973177,353
0.11099741134991203,-0.015788941648997763,316
0.055601847339354346,0.03974716920017355,367
0.013486704267239899,0.004809278119852126,1287
0.0,0.0,1669
0.017224466732857283,0.010731289183420149,984
0.01072099706880803,0.01221396031894826,972
0.016811104929301227,0.01705063489040565,278
0.0,0.0,1373
0.015657063755644837,0.008828451703269223,1111
0.006186436644022732,-0.0010283664534411457,1288
0.0795328926967747,0.053122499501081305,297
0.07175563324100194,0.04718808408880311,615
0.11152378138792314,0.008763465767290991,922
0.01350952029092271,0.010291483905227794,732
0.0,0.0,1509
0.0,0.01755377376571639,1462
0.008213922754590666,0.0037723116241438885,847
0.0,0.0,1565
0.025103754693592197,0.02236693695904135,35
0.09434005350400476,0.015761574996586942,144
0.07147468354816039,0.025507399878676514,443
0.026944954176372226,0.021461301151500634,1335
0.005131266757239746,0.006227535363529471,1411
0.05965505925118755,0.024678506650068786,959
0.031726310099175786,0.030397666171576264,531
0.0,0.0,1322
0.11398571441838028,0.07427213472825955,117
0.05271981518174233,0.020569022390768556,878
0.0,0.0,1309
0.0,0.0,1405
0.0,0.0,1376
0.0,0.0,1483
0.11413516705805189,0.06923364452956492,116
0.052748663059589,0.04465275485375366,622
0.03500323453340696,0.014350659325449513,414
0.06169491383195343,0.0231682824889453,254
0.005305197361712997,0.027287719651239637,900
0.0,0.0,1435
0.06123980699587362,0.06641028774649844,1007
0.04228946357564921,0.024463148771494102,1007
0.012067980399853523,0.03564684406463034,354
0.03589830692588766,0.018441295602409934,786
0.014560443758242817,0.018220984747787237,853
0.01762476138258734,0.02872296099282032,5
0.07509598100666687,0.014626886555412695,346
0.04116348626193569,0.0020998094949007443,570
0.0,0.0,1309
0.023506126856803516,0.0284404289606051,874
0.01909187993239069,0.009865783245439507,1445
0.0,-0.010722593683782073,1492
0.01596966511346395,0.008783094434857893,1196
0.03565758962856347,0.03936433032506029,955
0.0,0.0,1649
0.0,-0.004555738538193606,1350
0.03923336046271729,0.017748493265247984,165
0.09598068143706467,0.060211183220834893,540
0.04365859978779105,-0.00802599660759048,673
0.14811051579500192,0.04179353639774225,184
0.0033521623413790124,0.0003301435924263811,1440
0.0,0.0,1373
0.04853180346388016,0.027185373861045057,302
0.11280877278514324,0.07800999666521102,422
0.010564157157840712,0.005434602240359391,1222
0.0687391861098324,0.019238681567734582,754
0.0334651878592238,0.014685661824954581,324
0.026481472519172232,0.03281362565304078,1169
0.02944605359859352,0.040091152471298484,736
0.011324554003190265,0.0007921016548576244,1037
0.0,0.0,1317
0.0056495546420866115,0.019020805582254018,905
0.0,0.0,1608
0.1092850116292877,0.04308407531218097,691
0.1432236317677225,-0.025771692763717026,196
0.0,0.0,1665
0.0022338329317001227,-0.007140094518642716,986
0.05240820840207275,0.023745228859967906,445
0.10658142435324679,-0.004984672015275041,8
0.17851590681041524,0.050292738569179395,172
0.06462182702312451,-0.003137415949732594,488
0.0,0.0,1541
0.07637202237305542,0.034635707617518614,322
0.0015459439957102384,0.0023147265063008043,882
0.019964255760243993,0.01860813676704318,1114
0.0,0.0,1360
0.036849238614473236,0.022531073043842404,1112
0.19420735896505095,0.17276035122765515,120
0.03730059499689142,0.02273352597277875,846
0.06559094236858475,0.021459022292506468,486
0.009488592524187725,0.009615511184602299,957
0.05747392505669811,0.004760852507572299,1100
0.10128763132028576,-0.011047542376354453,692
0.04101699919887257,0.03138014215203749,443
0.0,0.0,1215
0.18547997069099878,0.07626750990705301,264
0.07319189501204626,0.020869812654214535,448
0.04310992457479605,0.01060814762909681,223
0.0,0.0,1656
0.005936636897078138,-0.0033716204084979317,827
0.0749932646823507,0.016843446035039216,149
0.055251949570349214,0.05102660303399192,826
0.0077116790893897134,0.013419784202106691,1314
0.0,0.0,1581
0.0,0.0,1585
0.033654180060757724,0.012294575783513296,335
0.03705837643523613,0.017150718250647477,570
0.22454912943724112,0.022351954654045124,356
0.09074028230498012,0.04057329501459626,122
0.16908399180028885,0.05223925422877996,185
0.2130183627008595,0.027062387248911704,492
0.0,0.0,1233
0.01839713119399303,0.021396238987250637,984
0.04722435638353148,0.03351051710200961,705
0.0,0.0,917
0.036034110428095824,0.013820852356357001,1094
0.040902383393640676,-0.009327869203235003,119
0.1142052325599681,0.0476339047898434,442
0.06163029185163673,-0.002218257012756784,25
0.10780886415728347,0.029666039361792157,657
0.0,0.0,898
0.0,0.0,1333
0.006720815210805871,0.027486535355747153,1299
0.029482932142419396,0.026377768682255533,1032
0.0279956535071105,0.012251615264072717,1039
0.09458994477991169,0.003369107498674231,782
0.19914439301186507,0.007238029886929181,97
0.0,0.0,1541
0.06497110093930743,0.034677081824564776,1209
0.027577661954307477,0.01313466841637176,335
0.08902465014465463,0.013062116640035704,163
0.10547912444114671,0.07386149121166115,782
0.002494381871825937,0.010112822723107512,909
0.04396523272622485,0.06948321893946045,1029
0.05034007667949916,0.025237999825123945,1212
0.0,0.0,1550
0.0017412356748992283,0.0049720055383670305,591
0.06943365429263035,-0.006136204834989032,14
0.16775244308371592,0.07656160297200745,558
0.07348466355704841,0.031173109437531665,1006
0.0,0.0,1675
0.21631501669695122,0.09643965646603864,49
0.0,0.007765786917602748,1352
0.0,-6.772404344175162e-05,1495
0.16291721679517318,0.08556943295835064,57
0.02417227232991239,0.05880736885153563,1092
0.008740916493899992,0.003558325821302878,1172
0.10277892707470437,0.0069032190556796505,191
0.06962576958870297,0.012921719206409162,315
0.0,0.0,1234
0.1703357883953624,0.05654639328731089,181
0.0367277501387223,0.05868906712162762,1060
0.0,0.0,1348
0.0,0.0,1490
0.2691811194567955,0.03764599558115039,653
0.1561354623229917,-0.035979676465928576,134
0.00669919299941539,0.01200625011226215,1474
0.041499428356274695,0.019522004156487,1418
0.053543528491527645,-0.010301886875966877,632
0.0,-0.003099919465628218,1260
0.0,0.0,1275
0.0,0.0,1584
0.00023726244617733823,-0.004594163867450453,1455
0.0,0.0,1381
0.023359228260270877,0.012967337935961318,694
0.12214880218748195,0.03316832772002332,1052
0.0,0.0,1545
0.27442063901564384,0.054081824603147324,198
0.02077462081600246,0.01929454347459512,1048
0.0,0.0,906
0.02797301004292752,0.03223802659253511,556
0.0,0.0,993
0.05872121278395568,0.046439492940337265,272
0.12439399224647164,0.05555062834113128,520
0.0,0.0,993
0.0037294453537847086,0.0028546358444526466,1201
0.03469626781554774,0.03220212239886843,541
0.00918687148073308,0.012469694340009095,1194
0.04809041411654661,0.04142094878437288,576
0.0,0.0,890
0.0,0.0,1548
0.0026670380224831894,0.006923011751501034,1215
0.21085397316486607,0.05433115517467552,196
0.04347517870338975,0.023444223797995167,799
0.02790300594227287,0.01570006157239309,992
0.0,0.0,1076
0.034619823176794975,0.03077635200882553,303
0.0,0.0,1137
0.0,0.005799786119663525,1275
0.005119764393643516,0.017484947224232567,1304
0.0,0.004603671311634061,1355
0.042214149925341365,0.016072865428190128,1219
0.12144996160537318,0.03073192324376849,58
0.0378378967619616,0.032738480024714814,303
0.04243100531597657,0.006135755532419398,1011
0.03209821993237753,0.012438342543669118,952
0.036592015824926764,0.01099737675310034,688
0.03817061585950011,-0.009835067548899085,104
0.046648216175093495,0.031190452032689768,100
0.07986844808362585,0.03952359698662465,721
0.0,0.0,1676
0.0,0.0,1316
0.05605610126150838,0.014718723173317818,1125
0.0,0.0,1503
0.0,0.0,1330
0.05634958452650077,0.03008130864495271,386
0.0369916740055652,0.02248181428074843,1035
0.021523385561834744,0.007990056961985655,858
0.15483561298909893,0.05978362065429962,233
0.0,0.0,1432
0.0,0.0003442365539495042,436
0.0,0.0,1344
0.018059516915648388,0.013425997773860063,1257
0.06600930651302478,0.016718179072365474,488
0.045344016132828034,0.016790703336126814,608
0.09551542049076317,0.020321872962365643,28
0.0,-0.0019255147096260453,1476
0.0,0.0,441
0.010360382104104433,0.0019288964180778055,1163
0.0,0.0,1240
0.11421444001665483,0.07666847080626264,68
0.08746625956954869,0.030825431855576017,398
0.07266915936848253,0.02618215503833368,922
0.1138603322618647,0.04423032653590953,427
0.057109954333343704,0.029223269694000457,1009
0.0006883463646825709,-0.017807544820222693,892
0.007763989414095848,0.0086989101229144,1440
0.033754500884771325,0.018208949654995154,1041
0.036432237253218785,0.02692415072309304,494
0.01426760116752327,0.011655994284131865,820
0.03222278273825489,0.02031324665850072,1063
0.015156632035828507,0.0012687328129490642,871
0.15298655317354964,0.028267990564300186,182
0.0,0.0,1322
0.24787750888252807,0.062231812895619035,126
0.1172834693104664,0.04376737778904373,156
0.0,0.0,980
0.06927263672661846,0.025884465706972545,622
0.040790129919760276,0.013422479202925455,652
0.09797551552984676,0.03246174795707488,468
0.09027415723477024,0.049156800518499966,79
0.02693878307094733,0.034631918830361735,894
0.0656604538610963,0.030995419596265367,378
0.1118093873391117,-0.01223820568540918,169
0.010544690613719283,0.005850322783740818,984
0.04324441524745197,0.03348038956335174,1133
0.012782479674185197,0.010648395384501547,986
0.0936567180895749,0.040335222002273415,125
0.15027625342319076,0.015085803524726025,201
0.0,0.0,1653
0.02102810888436266,0.015506818330555408,308
0.0037447475897039745,0.006643236986047719,926
0.047106532859407,-0.00024606405776774224,930
0.07015251328481027,0.042623268110548965,110
0.0,0.0,1626
0.032929415845433546,0.027467464143106468,794
0.029681163987896886,0.037208752529894515,1169
0.03686806671690115,0.014099282259929898,889
0.05311554443390863,0.05040131984967586,561
0.0407406254267294,0.01725540524691549,375
0.0,0.0,892
0.007389847655525709,0.020495753821524187,1021
0.21755571669419216,0.10412866062243692,384
0.32693954359666483,0.1427481250327538,225
0.01262845233062198,0.018674025561630992,1183
0.04740937628107218,0.021376171217292374,687
0.10346213704770474,0.04102562563473074,432
0.12695050528864843,0.04322907453018809,1038
0.0,0.0,438
0.01707511194958975,0.02828780727378008,1024
0.019953403678950203,0.007175184672181312,1224
0.040837090124821694,0.02051137100495481,595
0.0,0.0,756
0.012708060105212218,0.013544207784112784,1334
0.05394661818463637,0.044556466367852515,649
0.24309892005163772,0.06291620661815167,198
0.0014871373759874772,-0.003261040336043094,1473
0.049341394355069956,0.037440226364668615,679
0.00798391815371085,0.0006234012310022185,1335
0.021922371238955622,0.015404780968373803,950
0.0816982264938149,0.05361246132897309,719
0.04782033818803864,0.0421763960030752,270
0.00046604197953120424,-0.005286064353896823,1516
0.023121312229455127,0.01533858858979958,1192
0.04229417768620434,0.02462288013022599,84
0.1660954435823712,0.05773551832042602,738
0.028830241698769465,0.025697282557814973,827
0.0,0.0,1679
0.0732370061703944,0.03840258053553501,486
0.08537726395220137,0.07988661336238932,400
0.02214003173596478,0.03644163720479771,1139
0.028626967416681606,0.04905930840495283,989
0.04395067547491418,0.030143675020780112,1014
0.0234506972094238,0.02977528615283841,874
0.010459015013657667,0.009630910196561704,1295
0.06847547626684909,0.04615938533301811,146
0.028370461083577936,0.019650540507684916,1418
0.0001811754306324281,-0.0009420692474194292,1189
0.10532445318483931,0.03317474647044771,529
0.032390580437964805,0.02506967793730216,873
0.012069196856679816,0.008555516229445767,1426
0.026670689881879362,0.027477902496109652,1228
0.0,0.0,642
0.04207175728999545,0.018171830258283353,381
0.0,0.0,1318
0.03179930757362038,0.04134656334511889,324
0.026861698062930074,0.0399783275330144,895
0.029049708631236643,0.02096061268180035,893
0.09066635578522515,0.033298580760035966,228
0.06805550964823417,0.031870147891205,824
0.008875993053330093,0.007381214910303374,1179
0.026529995792640166,0.00865404935226451,794
0.0,0.0,1509
0.035765942619113776,0.030311518513401806,769
0.025928925539258157,0.01939123461421636,693
0.054023357629757164,0.03334779247273845,395
0.03776728357722792,0.018168343194750452,669
0.22020820896174143,0.104217161126874,190
0.0018642526437285332,-0.011296799712433046,73
0.0,0.0,1509
0.03046169255308406,0.025584147722980427,894
0.05157370605443668,0.05641268752891104,997
0.018922948629531373,0.007521985599406615,542
0.26114453309384866,0.0991674599141349,175
0.006534210558491933,0.014120996664775114,1076
0.02983814014838757,0.003780436903303778,569
0.036983222644687105,0.03339090782306728,696
0.059300500667120566,0.022228354840970563,345
0.026759803849596583,0.016146110172022228,1239
0.0,0.0,1625
0.052366728450762165,0.05332099811885515,370
0.06979258769468476,-0.011077077909048556,59
0.2749907471496647,0.04009542520972302,650
0.09696954186356252,0.03224945578034912,515
0.0,0.0,1330
0.10317251994639808,0.016573868879260767,515
0.009653228283246535,0.020713171400816875,1166
0.0,0.0,1466
0.0007538874228790342,0.006370045162132097,17
0.0036382406049869694,-0.0042096984831912565,593
0.022760427857648733,0.016860724521588568,629
0.018673302183258272,0.005648617387712268,347
0.10562076479955801,0.025052785510825324,1187
0.1440632662884138,0.05778323244608676,185
0.017982695547043646,0.025146329619687987,531
0.08532676313693698,0.045715533012046075,780
0.007493492521500655,0.004433931288985081,308
0.051566044246149974,0.07338320005057859,736
0.020995545665553256,0.031343791146914955,1058
0.10904366155022631,0.06811712914105847,447
0.09487905559544049,0.03140608424474829,151
0.0516635046460918,0.027609478179018068,16
0.07096367721815247,0.029537926900825663,294
0.036780649344793255,0.020702408264035504,863
0.07697598164996905,0.03576823135232406,571
0.09248713281581793,0.01712412518270858,601
0.007507324221279457,0.009994795288312515,532
0.0,0.0,993
0.022583495798489034,0.019581781940949446,376
0.0,0.0,1447
0.05249491403995066,0.029741327433848663,1004
0.0,0.0,1525
0.01495684405887574,0.02657715029457081,15
0.0,0.0,1466
0.0,0.0,1382
0.10314252316490932,0.047402201285070965,151
0.19808463208254268,0.05626554662085169,139
0.19653385510682667,0.0728005579411927,134
0.030197192355392713,0.007321290063989763,1142
0.0,0.0036381501465069413,1649
0.03922601118960271,0.03621580388783415,357
0.11676191909846279,0.057951358909638435,221
0.0,0.0,1672
0.03335834766397138,0.026750484942248243,348
0.05099861911140495,0.03670220137853738,395
0.01471215342782483,0.011025573541257027,1139
0.025649534032346037,0.009308220524634593,1201
0.0,0.0036571378886417222,1326
0.02574728191669864,-0.003886253129176558,1029
0.0005711059072245538,0.010946328191333184,1037
0.19752281733861807,0.05186999899071786,180
0.09898270341442175,0.004970889051305594,30
0.04941169197813193,0.04998887788685951,378
0.014765602378493795,0.022620915735415727,5
0.02811442130880186,0.028950056055050875,45
0.006149172516209208,0.01467228975599699,665
0.03916442088146745,0.025049517731913058,455
0.0,0.0,1647
0.10076247010954933,0.04927845475935773,530
0.22941482988239978,0.035181434476141527,231
0.0,0.0,917
0.1972119042576015,-0.06541383119933614,126
0.013773143070480956,0.005173888444149309,1257
0.02066623698518818,0.019934828211607806,1262
0.06340485919673816,0.03899552164257621,348
0.034066321716627865,0.0253034669421012,1035
0.19752281733861807,0.05725460628161478,185
0.0,0.0,1356
0.016560318399413285,0.012544171080888093,959
0.0047154425494264195,0.027084476013860107,887
0.13373494902602306,0.07165786411161902,162
0.016333500944647444,0.003390177373663416,423
0.15952414860149275,0.034129928287751195,731
0.12027503251359647,0.03974720775057539,734
0.015144603400253068,0.01228728945087851,1003
0.0,0.0,1293
0.0,0.0,910
0.0,0.0,1674
0.0,0.0,1485
0.0,0.0,1343
0.1333061379437047,0.03168769684910471,135
0.1293050633844519,0.04456553999830003,392
0.029312557549729754,0.028671454853163865,1169
0.11113100419101536,0.008573408460001493,587
0.030507212612189107,0.010576654518950231,1268
0.0,0.0,1642
0.0,0.0,1659
0.0965226666589217,0.059179726071771396,290
0.0,0.0,1306
0.024948604717746858,0.012525495934293248,1022
0.057792346910909544,0.015230883819698407,101
0.029998108388495776,0.010220683861614217,499
0.169153429347681,0.028452489648330744,526
0.0,0.0,1431
0.04756753091352286,0.034251929500117566,306
0.06897504325340818,-0.002435183258462382,747
0.15271733455545056,0.0981612998920088,513
0.0,0.0,1540
0.08018578114219656,0.008531765076765771,515
0.03261448013203271,0.001283112849803046,1146
0.1618687188863256,0.04184077599113744,424
0.0,0.0,1370
0.03592147303806817,0.023371181261273254,751
0.002327030182329996,0.006393585933743196,1486
0.04766885767076498,0.01901045766099776,1266
0.020018539311628874,0.014991128222851,1182
0.03112374037536818,0.026741274214640346,554
0.02054638710608864,0.019854482037880056,1119
0.031523579161442,0.0337748502065864,950
0.057880106354464084,0.00917802725635368,778
0.07241173095113078,0.05371293694772275,581
0.10001389368294895,0.046628182158349483,241
0.018720634817335487,0.04519973617608094,1059
0.06468000699722917,-0.0030323863319246013,933
0.0,0.0,1516
0.010746169895609115,0.008988628722717473,532
0.031987825917176096,0.009267076928870232,399
0.0005677128321782078,0.006447532971321757,1379
0.10379004599542287,0.020677724094926478,392
0.0,0.004962495949679965,1319
0.12761672295297963,0.08089820534633206,18
0.023902024142191388,0.007424627900486069,877
0.09603289524464466,0.033035501238364025,327
0.03855272343292352,0.012700441065797943,1169
0.021560472946959265,0.010182089280656316,914
0.023953427490146166,-0.00292013502475047,778
0.02100268227514162,0.01090623926161254,1004
0.030078543232852886,0.017113920390689055,895
0.02550417450087454,0.028119460723143648,974
0.0,0.0,1292
0.049478966462569635,0.03664473584605958,1010
0.0,0.0,1571
0.023260027213115333,0.014328049463922715,1225
0.006755475653775339,-0.011632164084687039,867
0.03213996030547398,0.02700283572812623,576
0.22828478399266747,0.011824577991978794,190
0.10901168488357937,0.021838886568991866,301
0.08840667539500302,0.019873331963023086,678
0.0,0.0,896
0.03140840971426568,0.03146520096276171,619
0.041626603523222554,-0.0009742491918538512,611
0.08457656965700093,0.04669124847608576,273
0.049106360568657595,0.04942844379753182,415
0.0,0.0,1126
0.04465606650086726,0.0031537041043070463,104
0.02430719975693186,0.01076244474958026,341
0.01065234771581005,0.0014853231760067055,1530
0.049406064600630746,0.017933082822112322,773
0.0,0.0,1378
0.11998984055536324,0.044981904525537124,469
0.04698297887012351,0.021624293031129078,635
0.05713538331937319,0.021948218851577342,855
0.0,0.0,1155
0.11941998620919414,0.01265762362546874,660
0.027494179649078947,0.004220924805771912,255
0.06857006830773231,0.047993306135921385,342
0.0,0.0,1675
0.004758975671828154,0.010742464294875981,1265
0.0,0.0,1394
0.02799786942581593,0.005131594426002297,1221
0.040342060845112764,0.02499851635490571,109
0.09304197197730762,0.06684673178446353,297
0.03746888188190638,0.0004290914753386834,286
0.15183801975453254,0.03660121648446092,518
0.003865187701332515,0.0007263028387734227,1325
0.06051090501111629,0.0077642913295480846,132
0.013543071689389362,0.000864331828763904,756
0.09984722433674041,0.048851028845439015,162
0.0033860167497176256,0.019014052584785317,1521
0.0,-0.0010966743214775997,1536
0.01755981582456051,0.007435193007464738,36
0.15232474138610713,0.052018403721173924,37
0.09996141155832514,0.017119385373361617,683
0.033006592320162675,0.03576283132345229,499
0.1058460605782556,0.03848183591721906,70
0.0,0.0,1588
0.0,0.0,1345
0.08498144398426034,0.014418299319043728,1038
0.0,0.0,1669
0.01711172882111239,0.019037631916891045,1287
0.008393160895009051,0.01090428228609163,1461
0.07690173542351014,0.029334436807745324,416
0.06463763926260754,0.024795017779480722,446
0.03957000486524866,0.05953644088053569,897
0.0,0.0,1341
0.013462146294854734,0.01589285169560495,1194
0.24600406645973436,0.06386724723706001,22
0.05336454724831491,0.028799413453385294,582
0.0,0.0,1366
0.04445865792035128,0.018242438891285174,26
0.0,0.0,1492
0.0006155836011005807,-0.0007472580115707487,1023
0.03599734448520947,0.007200128565909096,1438
0.06437022953285791,0.054642821159908504,132
0.1491978184974238,0.053803462595494504,82
0.0044096857194454,-0.0021877632278532867,902
0.07397535681394829,0.03752844831723808,941
0.01687903221856632,0.018045091500501133,702
0.03974053962158228,0.02203815126519743,541
0.04252489739004307,0.03305066676250079,839
0.0,0.0,1531
0.0,0.0,1533
0.07210056932890155,0.012890959858116852,147
0.10454052713531631,0.05742838512291452,740
0.13215183883957618,0.028597383836743647,178
0.2572077514947986,0.10007519386144055,312
0.08385271925451894,0.02434400400699415,1046
0.0,0.0,1597
0.0,0.0,1392
0.024417145832437915,0.013412410042265087,983
0.0031500039153956137,0.01088003975589324,1414
0.05715664436929337,0.007720553470636327,930
0.0,-0.00025399044531863873,1329
0.04962562351745499,0.04700553681785776,533
0.0756589870144638,0.06161668125145339,285
0.01324025666231499,0.006383303002657076,1279
0.029670038363940224,0.035299278862225204,425
0.0,0.0,1622
0.0,0.0,1491
0.09181719081908513,0.05904823214407342,332
0.02733125397158909,0.017007189328619277,733
0.0,0.0,1510
0.03215049476151287,0.03405381950952242,903
0.06418587176687728,0.03812127925252521,58
0.0,0.0,1326
0.043992069854764164,0.04059712131577854,903
0.1446924277708712,-0.023380581277899465,182
0.08775417684226984,0.030327668580228003,170
0.14368994869570131,0.016710434885338243,197
0.01261230675843491,0.010848722406768325,1403
0.1720202870223367,0.1179164107075381,126
0.0019608555348742183,0.0023110994504910243,926
0.03224634976764556,0.022334460217271063,1179
0.09087302000636167,0.03474001184603498,257
0.09310119051350456,0.05317692882325886,398
0.20048231834972735,-0.027036968753769538,63
0.0,0.0,441
0.0,0.0,1421
0.13526378314269397,0.05734687682085607,245
0.041250758015848654,0.0032230393780305626,777
0.0914462573218096,0.0210960480707807,6
0.015449031568746233,0.009903239773925276,1425
0.1060637976900419,0.018624743832901143,153
0.0,0.004385484436567697,1557
0.0,-0.0031165134857403347,1444
0.028810202666205972,0.02180333639931007,1278
0.135584021788293,0.12064801816815511,918
0.025431461195344878,0.012011570807014779,1044
0.0,0.0,642
0.17677955720326827,0.05914813817633664,158
0.11364734504851313,0.12472211805113774,385
0.10305810126355293,0.02227146458605452,202
0.031241904319268394,0.04101057623797533,252
0.0413906479857025,0.013613603244918775,724
0.0,0.0,1386
0.0,0.0,1409
0.0,0.0,597
0.0,0.0,1082
0.03806422740325847,0.019043406861697258,1006
0.042981641664130966,0.015071996573438565,1276
0.24624310843230388,0.014182851215749687,135
0.04799508298811969,0.04667484060912048,408
0.03599032037180826,0.06149426990203073,333
0.11624892045722435,0.0010395225247552611,401
0.05950642316765624,0.017816038502097908,836
0.0654086698429955,0.04454444196881454,865
0.05580097870541365,-0.0004726845630861051,320
0.04952421486713029,0.024251347857980006,56
0.0986555891646308,0.02722819749373319,244
0.0244699802218193,0.0057095785328489124,388
0.04861940466386324,0.03973171962622613,1075
0.13215183883957618,0.043083149701906034,191
0.0,0.0,1402
0.03137350232526664,0.022011990789930703,353
0.05878536399490851,0.027121774084561075,724
0.0027997979884257632,0.00464532004159378,1183
0.0,0.0,1275
0.0,0.0,1480
0.09918169708825973,0.009357525946719838,662
0.23080626542734026,0.0700801843798769,635
0.006397845652521514,0.019474399816417024,1511
0.012163109877898252,0.018989021644143435,957
0.006774685307795667,0.011249024459177503,867
0.09949718087426031,-0.0038618597061330475,116
0.0,0.0,1174
0.0,0.0,1581
0.14219432171503807,0.057849135009368814,258
0.0,0.0,1189
0.011922963414081143,0.013673663613416435,1494
0.15070460425122165,0.07209651372565319,281
0.0,0.0,1082
0.014015872377504028,0.010304520430160781,1467
0.0,0.0,1215
0.0,0.0,1545
0.06503108617893731,0.04864980688728649,282
0.02860442045988929,0.021605779885790474,1056
0.09384324055312881,0.047530728147999406,484
0.033771715651179375,0.026253826697081255,988
0.01386389924583617,0.019093829950128684,904
0.048187744467756456,0.008504959483714245,324
0.04073660826795722,0.013003482671486141,1302
0.0,0.0,1317
0.07278993303692106,-0.025663754776836908,170
0.023389686003182607,0.044843156074100596,1221
0.10399532432376185,0.01123459842356712,176
0.04435757338603908,0.0037355496040930775,722
0.0,0.0,1652
0.0,0.0,1190
0.05210062495851626,0.014493264968524051,1019
0.010886960844622826,-0.005999263937696228,984
0.017212738772270066,0.018777626561753222,959
0.05527384698483161,0.00021208594496257432,688
0.0,0.0,1674
0.02582416098823704,0.013507186683097921,742
0.028943666215289696,0.024653609098083888,1310
0.0,0.0005852949458879421,1459
0.0,-0.007552165624497705,1390
0.026917153630208905,0.004421255034408841,812
0.0,0.0,358
0.025900802009025555,0.030260156995931098,1418
0.021004107955739676,0.038129770428697425,974
0.0443002263789832,0.032440061752603375,84
0.04333563723824087,0.026199129283161784,386
0.0,0.0,1185
0.09842517972066217,0.053526964747645824,430
0.08925823397516179,0.05842724372796158,420
0.08925231398229105,0.0065091265807556056,284
0.029287110001306786,0.01592427620693567,1088
0.13320572084077328,0.05366957424165336,82
0.16523520911090356,0.029103418357570156,81
0.0,0.0,1631
0.047920842872505844,-0.0037118195917748356,119
0.08452019684450608,0.027837454218696406,730
0.0,0.0,1256
0.0,0.006452755108205573,1368
0.0,0.0,1460
0.006435368686362754,0.008041889261820435,1037
0.030202443378158805,0.029167190176709944,845
0.012633165354007056,0.014028508217635202,633
0.0,-0.00038549400058153255,1104
0.08167796031975304,-0.0033968141380736902,79
0.11898634207838166,0.041425507193305566,377
0.0,0.0,1584
0.03194756150156761,0.016141467330199912,397
0.05627287392589306,0.03410699309145364,249
0.0,0.0,1648
0.029711347590142073,0.026223728688508995,982
0.03789037289057479,0.013769711316288695,406
0.06673881705554761,0.005767742968541339,383
0.1640161135423927,0.016665282844628926,134
0.0,0.0,1476
0.0,0.0,1612
0.011807604871810078,0.01800878568756236,913
0.03029991441905247,0.0178156477847928,1465
0.04271399953286029,0.020210224293526913,1045
0.14912267318295183,0.05084361564176266,434
0.004288301823847741,0.009965604346167846,1278
0.0,0.0,1103
0.06689283683061134,0.036948344506247635,122
0.08687004081068868,0.03404209027695365,575
0.0,0.0,1137
0.08381659282227574,0.010376683364674314,406
0.09260017740439318,0.02379695125578891,71
0.12306820271927489,0.06930890759259749,124
0.0034119243301068474,0.010031916422433444,1279
0.01241547748563149,0.010283888649951011,148
0.041018375549238206,0.033227263317976034,644
0.027442247966423975,0.034343585778036805,320
0.014726516963442526,0.008247979005074582,1171
0.01136734483167245,0.021772217225948264,1298
0.0,0.0,1626
0.06419766570286792,0.04014492406229705,1138
0.02015189079076832,0.02540449056323263,521
0.07238424776441507,0.05540657291576581,819
0.11703425886335701,0.05522243993862745,474
0.0416383451559496,0.036855957007632945,538
0.0,0.0,1303
0.0635139929524463,0.03495190317826726,132
0.10923672204123742,-0.0035975791225978703,66
0.029056871596418007,0.007623119623371718,572
0.0,0.0,1480
0.0,-0.007552165624497705,1587
0.10679796408838739,-0.015014062061733098,204
0.1425075597121425,0.005504807933932878,189
0.09578554156991113,0.05489127936887397,283
0.19133559712288087,0.02509590341050559,68
0.04741677101356363,0.02578278845904427,1135
0.0,0.0,599
0.03211222945113458,0.02997194535993423,751
0.07771025530658404,0.010001255130200254,138
0.055519427665370776,0.014130188915824238,962
0.09086892174449453,0.05707165490325378,281
0.0,0.0,1562
0.024332547282207868,0.027009498002708354,352
0.11656759094181339,0.04097031451481143,814
0.0,0.0,816
0.17911283763272037,0.053457286128381055,22
0.014645277295175636,0.018924569453291434,1312
0.16233397077878745,0.07533456230055154,345
0.0,0.0,1647
0.0,0.0,1657
0.008506183125147017,0.008890324248779747,1206
0.04512603478615075,0.01515958969679336,924
0.18158783367496395,0.05306580410697384,605
0.1045732587282265,0.045284174909278434,52
0.0,0.0,1466
0.03552973576377369,0.019413323471705844,773
0.04040325731344282,0.020340863700438028,101
0.06311400470087145,0.03002331552050624,446
0.037396196416718305,0.019463049552479444,294
0.0,0.0,1542
0.010625524256212451,0.014507408906212287,393
0.0,0.0,1383
0.007541375562580692,0.006541387754748401,732
0.052407475818481264,0.028987299523809372,983
0.0,0.0,1331
0.0700002970212779,0.05791435083388494,754
0.062901472634595,0.034224782959961814,394
0.0,0.0,1505
0.05733453066933911,0.04063915278042527,269
0.06637699835241137,0.029058898099467444,539
0.03554157035562404,0.03481427255312956,1133
0.010303989844185792,0.012351328975301596,713
0.0,0.005685471972097333,756
0.008361852774065148,0.005652886180460503,916
0.0,0.0,625
0.0,-0.026628621512082645,1608
0.008642760155489603,0.0178243056001512,1218
0.10744706798151707,0.02273913785529071,624
0.013287701304169609,0.0189523633260284,1189
0.0,0.004842326867699643,1510
0.045509008626321915,0.02413039880348893,1209
0.03656239540996229,0.00996093092595435,636
0.03938064611404399,0.023180253955570246,463
0.11956623220064898,0.023034425527675303,549
0.02522994242937057,0.035383101030279404,333
0.03355717800908581,0.00849563717265915,35
0.08303838657696598,0.01608904952269956,76
0.0,0.0,1271
0.026014999920991835,0.014342815968533495,619
0.16431643021640452,0.03892967811034954,81
0.01705808971148902,0.023784408710412323,1418
0.0,0.0,1505
0.14802908505083723,0.02836197296054828,22
0.0,0.0,1429
0.03447283722049776,0.02223264906904694,1097
0.007618051520497078,0.0016729139915613205,1140
0.05793346791471474,0.03368618849633734,211
0.11928398433692917,-0.004246136381253282,168
0.017596516767271135,0.009959032271372906,1196
0.04666597197141933,0.0496128092948512,680
0.0002254381569971906,0.0009741431333167378,389
0.013804705597428175,0.010140723038339865,1024
0.02086382968500007,0.015641167187458387,790
0.05244070000331018,0.0437717155597979,1227
0.011199527822697777,0.013852373508390163,1280
0.06560389165714452,0.02519262432576841,614
0.10148029334114117,0.05993702969039442,6
0.07029137084917816,0.02447680564432824,577
0.13458390049206367,0.038327292750137264,470
0.0,0.0,1236
0.10567091783902477,0.03210937102817281,929
0.19695883539362094,0.06762341865279312,228
0.03849607397453452,0.040327491127798154,376
0.06203453217017991,0.03806653039834369,551
0.044239874449214636,0.03322826986942555,674
0.0,0.0,1154
0.0,0.0,1639
0.12648840791672655,0.10964055516174304,275
0.05096708213176461,0.06040914252386316,739
0.11815498604148138,0.11217299496972756,326
0.04298374552023445,0.0008373411683759673,685
0.007614422068189731,0.03757101342659632,262
0.008612469305778695,0.011624270878463619,850
0.049503267936190296,0.05503875819541211,1243
0.0,0.0,1578
0.02878208132197043,0.028176420771610623,924
0.09469468165739049,0.03987159902950554,601
0.009330705538748678,0.011688780027337427,869
0.0,0.0011306030588389216,1490
0.17134627019515353,0.034933728420793085,1043
0.04935807196942585,0.012419046552552026,406
0.0,0.0,1483
0.009544010879858377,0.01274316989258288,1246
0.029643273522042064,0.007014788044959555,891
0.11123681239397787,0.10038455801674856,13
0.0,0.00022394671411100114,1417
0.057032759492878934,0.05578071619791083,259
0.09452246779986123,0.044757387286678406,6
0.1577597302445341,0.05120906822150205,160
0.0,0.0,1286
0.020454876408645444,0.021209461637265236,1065
0.0032396676269296036,0.007470179456789841,1099
0.020764209351884257,0.02464595485447683,752
0.010303239492929798,0.009505904835735646,114
0.142591282492347,0.0650218479330437,2
0.005562949685820644,0.008759265213474992,1273
0.10226421659426417,0.0504255250571205,149
0.25738788475717156,0.10284717914468425,179
0.0740648154155643,0.006027821683778872,1227
0.0807448223983049,-0.021521312092385135,24
0.0,0.0,1652
0.04558901545543354,0.02300575454749292,636
0.030382875063682292,0.028705944341996366,205
0.09706042452397995,0.07478310237345297,332
0.0,0.0,1319
0.024677817099722672,-0.000979513773384414,1198
0.0,0.0,1610
0.05760681821504616,0.006993274914725905,540
0.004715743893949903,0.0070381089590586645,1074
0.0,0.0,1471
0.022204719643581526,0.05827435993117337,335
0.10095688251155618,0.02165976859134555,208
0.10987841860300517,0.04127792250920766,549
0.03240043820558096,0.025706124780670934,111
0.003604850927979115,0.006567544781866789,1147
0.14618251316036707,0.06282576971806159,294
0.07669855994580485,0.02616847267706232,548
0.11435979636989659,0.031042732777560096,660
0.09285998785212779,0.057249022616773365,540
0.015800551505351118,0.007523874676299785,1284
0.046108890310350856,0.02105890592582788,241
0.029720699397527695,0.009853572089446287,1048
0.00859976741383783,0.003541188089927211,847
0.19237000327447776,0.054104704397863246,379
0.011990121549619684,-0.0004926793344251716,797
0.019790242003542808,0.005819903007018512,573
0.031212776228477908,0.007042046673056459,1181
0.0,0.0,1328
0.0,0.0,1429
0.042465424522987016,0.013712633604727867,375
0.02704226726584958,0.024728639929998058,1217
0.01683195435140683,0.011924976341609127,33
0.08341622457643863,0.0034134168732341675,587
0.0451639197836311,0.006818137655555156,870
0.06704386177028314,0.047189076684401976,391
0.03201612381446572,0.005889493058461645,737
0.0,0.006201127300441332,1360
0.0,0.0,1546
0.0,0.0,1466
0.02058988948176214,0.029827714832894363,982
0.004905492202500534,0.007852794981390158,1367
0.15800964140211196,0.0026344993907539698,481
0.1395784850517038,0.02591174549578683,316
0.04585783588779336,0.022204705215094784,673
0.0,0.0,1200
0.006207038394479076,-0.01924042446866417,907
0.04929210810297962,0.0050175667482003925,767
0.08309303491690173,-0.00041361520841843604,1038
0.01736621392773382,0.003348694696700234,1508
0.055978017264684744,0.026985551835521374,626
0.09512177902410661,0.05231410533397583,741
0.0,0.0,1499
0.1702877712940044,0.030238659802611763,172
0.035791781339276886,0.03324425210529277,35
0.020613751353369077,-0.014551722406764089,1168
0.0,0.0,1538
0.02427486169098977,0.025408494024987512,739
0.05318358423981418,0.0494816202045158,440
0.011361416112859632,0.01904966660403999,393
0.0,0.0,917
0.03741640456800298,0.0175434617708977,205
0.04718195783874238,0.03681844597198448,786
0.0,0.0,441
0.10238763635793079,0.04076541431056014,3
0.0,0.0,1303
0.025960081860066323,0.020735276171514973,452
0.025124924174209293,0.04458470806054455,18
0.0,0.0,917
0.04744671803050242,0.02997670612355635,742
0.10933257516012115,0.03682426760952878,865
0.02114086439232552,0.00931136702531278,858
0.054198335773423686,0.04580962017671671,918
0.0,0.0,1476
0.04227968135184831,0.0040560211832557855,635
0.09752544159249285,0.019015428614845786,490
0.015865312758855114,0.010324239364040635,916
0.008963321756824405,0.019372901824344885,1277
0.0,0.0,1600
0.007540602027898853,0.01587464790079701,533
0.10550395552024544,0.02961875673721763,91
0.028397912986861208,0.024862684330891515,1191
0.0,0.005656577166333142,1327
0.0,0.0,103
0.16865922438524059,0.0749751143413531,517
0.011775516473817318,0.020866000945560455,901
0.15652441380693835,0.05801668681324372,691
0.01803679239110692,0.020735770413606334,564
0.01284675640672003,0.0028308153540283487,1080
0.005250653570108318,0.0015672989921731283,1263
0.0447918420421894,0.013064979494062375,286
0.026374763226302635,0.01655793498507299,1009
0.0,0.0,1174
0.024346203581493742,0.05952439841754434,1056
0.0337995009479684,0.0207393534876534,261
0.04515967498241195,0.020345655349866102,945
0.1153521747938904,0.05955068938259989,230
0.0,0.0,1308
0.09022085085117877,0.04407024820073494,124
0.0,0.0,1204
0.017692553493985456,0.026289972201873322,1024
0.13550353234992651,0.078084076579899,507
0.008884037261895895,0.008937905783204154,1520
0.053226901732952275,0.01992761867406443,941
0.0,0.0,667
0.020735304712846722,0.0193733146500973,393
0.02927894716253138,0.022989701479459907,1239
0.0010356200098372169,0.004253985759281317,1294
0.0,0.0,1616
0.11687443245641078,0.02439918620724272,418
0.0,0.0,1389
0.0,0.0,1631
0.08929727662136952,0.07153508730647896,581
0.000830020358576708,0.006086584087438065,1391
0.005349855032108507,0.0026351046993406935,1619
0.3763408688461406,0.17241968969985455,186
0.09099222934311785,0.026892534389736378,498
0.03401605742666132,0.027191554069997365,971
0.01885140768328203,0.034995830102339066,1400
0.0,0.0,912
0.00884376053613165,0.010223903406751772,860
0.011571810136446451,0.027416556653969016,593
0.0,0.0,1625
0.13473899097501454,0.07654001236009642,457
0.05699984480730766,0.03327678982542054,631
0.11303120818048344,0.029283698532201394,176
0.2518479367098529,0.03921062985760665,478
0.019798738558698535,0.02827078247290044,979
0.052425001310418454,0.01848273546203082,840
0.09553376098052296,-0.005987659453995965,577
0.008990215142546502,0.01338885339061399,1189
0.061589224947736956,0.017653218057384713,819
0.11002505504953371,0.0372590724017488,938
0.0,0.0,1529
0.008327214154661422,0.01244950011493102,1267
0.03984241953086062,0.025314818838150357,552
0.15009522615251802,0.04023328651794965,379
0.027974006885224882,0.04791585135617246,298
0.0,0.001488935280816437,1509
0.019746024845799688,0.016558669027496916,884
0.03641185721211406,0.07174289118198698,715
0.15626323576953882,0.08943375959956355,221
0.0,0.0,1082
0.0,0.0,1452
0.056702276180673625,0.008497926715842478,200
0.055106762662473996,0.019069274887475417,645
0.014620667591372712,0.02817436075585257,1014
0.039397102342453034,0.016562946523699277,861
0.0,0.0,1305
0.07381489478567356,0.007293374243084001,170
0.0114543535368556,0.010975487122092866,1071
0.14370076724041153,0.03804760910198378,419
0.10598057028709072,0.06610338682740229,283
0.329454673003019,0.17979570511786303,194
0.0037932727283785874,-0.0006668523538169015,1597
0.0,0.0,1542
0.15254916456771653,0.0973490396657725,189
0.03652394511291967,0.025376898281420573,1494
0.10238225801153208,0.0022048726652470433,82
0.0,-0.0064627724067523535,1412
0.0,0.0,1655
0.0,0.0,441
0.15099770873471663,0.057858584153561515,64
0.0,0.006007494806606089,1571
0.025025499512055772,0.02021347168438995,954
0.0,0.0,1325
0.04081546511116622,0.00916667033936579,425
0.03044376707077553,0.00349888409927301,668
0.09465970793915081,0.007223460991754871,646
0.07845997150849658,0.03203087796707967,149
0.05656259561047134,0.016411756893273153,626
0.2354266026313249,0.07296017230733162,151
0.053169420482952354,0.021759906148540252,584
0.0075401238769186646,0.011685328888259206,1067
0.03956798169908126,0.0327720966708557,974
0.026499767090492857,0.012050204737481165,729
0.03751429152309216,0.012108688925024274,997
0.04660159944986829,0.028522272636524588,1249
0.007437297640845384,0.001684513257996881,1288
0.06054772244474677,0.0569802203823152,43
0.014983526137321205,0.023412951080804274,1180
0.0,0.0,1647
0.013138102634773214,0.024348372347081777,903
0.16408789877464636,0.05438914582027896,176
0.0,0.0,851
0.018660627005068077,0.015235162356653599,1096
0.0,0.0,1550
0.0124279709135994,0.013796470249701155,1024
0.004835421367048163,0.004404221090057596,1534
0.07354940265294795,0.010925499314618224,1249
0.0,0.0,1388
0.03003805247251401,0.019601857638329116,1152
0.06751027195373271,0.029804609883789003,958
0.06299855051027621,0.05739289027148666,714
0.027883695306946427,0.01369507207404746,1502
0.0,0.009406421150640628,1591
0.02996562284111251,0.015183971943288625,414
0.17546638573527248,0.05396373336652398,1073
0.12161627832951766,-0.0013361167210652343,658
0.06270926596338264,0.033648485083374494,13
0.09751399750079438,0.032524499305720184,503
0.0,0.0,1329
0.0,3.812394149569101e-05,1143
0.0,0.0,1485
0.0,0.0,1129
0.11721891859506685,0.012974248075131846,646
0.09996493171568234,0.016717542317976813,1040
0.15609561420798823,0.018884684631587656,78
0.006018729742236196,0.010523680596780063,1528
0.16240722362780152,0.06200387976853485,209
0.009881543451430901,0.004405295118681614,1530
0.0,-0.005241739217082012,665
0.0,0.0,1561
0.0031202368326075395,-0.0049033101013443246,1245
0.0,0.0,1350
0.0,0.0,1360
0.1814000188717322,0.06359264499730276,513
0.09211079458655166,0.008465996335730228,61
0.15626586065433723,-0.007320897973157461,88
0.20370874201468295,0.02160509303870455,198
0.03963884211893653,0.019789704891686383,40
0.046543047978993335,0.03716279322964992,594
0.014723763229222586,0.01989616004467721,1060
0.007028525277270319,0.024699555331525225,1071
0.0011721458659945275,0.006441254626704706,1453
0.0055711670806839345,0.000565818907023154,1614
0.2005029767097405,0.13543357937971645,195
0.04903317514686328,0.003395385687419459,488
0.022709904991871244,0.019687235856148594,1202
0.029736766841830565,0.01874924542872999,638
0.09720873589693992,-0.023761824989266992,301
0.000891027874621403,0.009351723596041377,1469
0.0,0.0,1532
0.06543925494686323,0.03628532001734129,272
0.016262476837345927,0.04555365529117405,389
0.028610598154698724,0.01974517332336055,1194
0.0,-0.0034938503719483312,1360
0.061849406497731234,0.03851514527522855,253
0.0,0.00523475892228208,1487
0.009708956361707493,0.01054754208740882,1084
0.020027706405719534,0.015305135482714574,1017
0.045083827753376673,0.03295410265271802,687
0.025323460607133277,0.00807255805923263,965
0.19859176061261866,0.05024029303952903,317
0.0,0.0,1161
0.025984576266634397,0.016887640660844288,1425
0.013723231089191601,0.02801607682488877,252
0.0014633187870559687,0.00246830205842418,910
0.07350253264376105,0.06594699162654362,273
0.19675928660548314,0.04583791432005963,88
0.01818084543332912,0.024648909896040103,885
0.04552883901919226,0.020475669985416077,459
0.06382587388861723,0.010150636409758506,580
0.0032635671781279805,0.0018009549034546978,1619
0.046075739025650264,0.013052604345890485,1223
0.0007996098257005285,-9.241219876339322e-05,917
0.0,0.0,1320
0.0,0.0,1636
0.0,0.0,1344
0.02645894554586528,0.012677959900231798,578
0.09990045187780987,0.046323311603129205,720
0.0,0.0,991
0.06778898063828595,0.021654276448732374,1177
0.14556362352463262,0.023511270562161228,1040
0.0,0.0,1235
0.019745072075049813,0.010518698563948355,772
0.01634055352323054,0.022838057383264606,758
0.026401706552278886,0.014769704658229185,978
0.11392450987518776,0.0028297101855471727,493
0.00760605461283108,0.011002284225422801,1261
0.20961673203408793,0.11553095491295673,68
0.03706222234316496,0.022475739228432746,637
0.0,0.0,1308
0.02786924544761301,0.009538905210917957,790
0.0,0.0,1384
0.007347885511396445,0.007232368440632593,1054
0.026450207940310926,0.0334875156631405,1410
0.23457892424584398,0.07047839398011686,21
0.0,0.0,851
0.07145735131949622,0.07114703980015659,146
0.012928252914774794,0.010675011968290248,758
0.1324243273572155,0.028452947917789986,144
0.06939573435122169,0.013818241560710934,568
0.04154741998766391,0.02818302512760847,648
0.040313824295942303,0.0029695700889738504,107
0.03138202805830585,0.017455332482898735,864
0.06748392794263154,0.02667376740893888,1134
0.0,0.0,1505
0.05587200493476824,0.037354683212927835,693
0.05550898366075863,0.02493642689868979,386
0.13036957654493944,0.04402091240837788,227
0.07617480408223692,0.030550871185656192,365
0.08926074848885862,0.05119248180804029,576
0.13346259511650466,0.10412772994001532,208
0.10293312909189753,0.033408213554596715,927
0.07239212594697937,0.030912833741857368,283
0.05353948287493295,-0.009290088679105895,9
0.12996979262172173,0.046482276713523625,506
0.07789641793004534,0.0550845486348668,101
0.006369782162611709,0.012766583568635798,1513
0.0457570064077231,0.02886386171021832,636
0.0,-0.02467000452578226,1291
0.0,0.0,1613
0.0,0.0,783
0.033894254060906716,0.024957990872422467,1087
0.04721669425939678,0.02163814905265838,666
0.0,0.0,1542
0.032018069390474614,0.016522584700740407,1228
0.039125208442645575,0.02370722635904856,1427
0.08295161588704063,0.032904485560578026,32
0.12156426973522537,0.0842202228096882,37
0.024966901777268652,0.030696540096392326,1272
0.0888263418875737,0.018207567459753892,130
0.0,0.0,1568
0.0,0.0,1459
0.0,0.0,1545
0.032478491885154885,0.016531263143491293,800
0.11983229382322683,0.059017613920619154,522
0.0,0.0,1431
0.010002382213668455,0.004662724306365034,1170
0.02337645610109635,0.003209476322546256,399
0.022380542325639057,0.009028850349260674,700
0.0,-0.0006351988337842211,1405
0.13456564189362005,0.07625602001699693,14
0.01209936233276688,0.012355805985133887,1076
0.03056692444492999,0.05029863565597202,304
0.038230712129957704,0.00467752739094737,955
0.10415969133000338,0.048748358880276836,170
0.013876535404657877,0.01716184455578766,988
0.0111376222393164,0.019305984013568936,1261
0.0,0.0,1585
0.03673898444909985,0.023369470379335337,942
0.045730094183176744,0.024504532124403542,773
0.010435612995666322,0.021895697323133224,354
0.01567305307845696,0.0286331162385289,763
0.11069891362015782,0.04556264738596013,782
0.03883324208793755,0.021128840056301272,104
0.0,0.0,1402
0.21564362421390987,0.054184528649555204,657
0.0703422327414245,0.0038274878973484365,212
0.05148895889390162,0.005157124182996885,830
0.12884849943591378,0.03814083960679326,708
0.017871617535050226,0.017679455531967068,668
0.182726746441089,0.09769632515144563,237
0.12000756349030814,0.030003716067367688,384
0.10734482019677191,0.010727087986433346,10
0.05200769679685094,0.04026259703574519,243
0.014059290821872546,0.008627750161848666,961
0.09733128092982626,0.05786640331484782,432
0.21861903974270266,0.04238658225276234,11
0.06224300579565674,0.02387477312108993,789
0.0,0.0,1550
0.0,0.0,1521
0.014211536774677262,0.009179445698924952,834
0.027835567675428975,0.0239742472950053,864
0.07771025530658404,0.011416302762608237,414
0.0,0.0,1373
0.12174931547361359,0.05410503165633497,124
0.10509141887039501,0.05370555376279359,500
0.022369804009845846,0.02428166040363831,964
0.027371192566985877,0.009672985057899281,1064
0.0,0.0,1637
0.07044409476920963,0.04300274676233964,1043
0.07925231125925342,0.013346961903688951,427
0.01575293769610532,0.014945999693274589,1210
0.11410850570538303,0.03606575124529513,1038
0.0,0.0,1486
0.14485371577537226,0.04146310062606833,596
0.036646653071781034,0.033969081439815925,554
0.07261533858252948,0.08640081003645149,880
0.14587649142560563,0.005531884989331299,185
0.020131995086943966,0.007067543223882445,834
0.0,0.0,665
0.009816341083621527,0.004783833476078732,901
0.08543621336438621,0.046567332425986395,627
0.0,0.0,1321
0.029046548151483963,0.013846822534303766,742
0.0,0.0,1601
0.05177942734147159,0.0009751828591410324,962
0.1436831507277095,0.00352685458542876,284
0.0,0.0,1331
0.14204997013170714,0.02686066992043949,123
0.036123887758977014,0.024518645347273067,1420
0.0,0.0,1405
0.01796358039781621,0.011232237129750673,1376
0.0749043200493411,0.006375739776685138,451
0.015484903283752662,0.00896162642762412,1131
0.023705274823207462,0.009285582534390834,1247
0.053356769805761935,0.017554040555488003,809
0.0506077648884972,0.041767192303103856,1097
0.012698252479675353,0.014388041601480892,1218
0.016602086273577343,0.008998877855073101,1032
0.05131750163737932,0.06591597597002656,137
0.11832164910161887,0.05993365732446764,208
0.0,0.0,1444
0.08225267417538862,0.038399683369918704,433
0.16353116560812983,-0.006985642419080618,656
0.04951922284223005,0.012127157597757683,375
0.0,0.0,1236
0.08134281612307753,0.037712513227048015,707
0.0,0.0,1629
0.04357513285541883,0.01629830825773838,621
0.07703773012323258,0.10005463541341149,285
0.04169655381823347,0.032398307170735434,750
0.0,0.0,1669
0.0,0.0,1656
0.07596006804417,0.06101407556645982,211
0.014884951426530442,0.01866008803604116,633
0.009022107872978248,0.013629759235400581,1313
0.014890964692558503,0.00530861019698368,811
0.054841633588392724,0.017976342792743433,859
0.0,0.0,1531
0.028821463640359667,0.005964166280740376,1229
0.0,0.0,1274
0.06147975512668196,0.03388186384622857,940
0.0022714490534610824,-0.001037563715825811,1197
0.0220336519387333,0.009623559692489297,982
0.015713163344524456,-0.0021563425765088627,797
0.0020553079725128182,-0.0014226479015128923,775
0.0,0.0,1234
0.0,0.0,1454
0.1234742571303674,0.06293147277669843,79
0.23758596929537854,0.010287634594277869,650
0.0012684815657089984,0.001845041535108026,532
0.015250259492720996,0.0028590344267596505,847
0.0,0.0,1590
0.02667225403684252,0.019191490950537668,15
0.0,0.0,1536
0.11690743900455983,0.019528829867830874,417
0.12014274050595297,0.04548307476458065,392
0.0,0.0,1622
0.06987860852019095,0.030074377611848054,332
0.020525145761495004,0.00895339910764341,617
0.0,0.0,1326
0.2751318928485716,0.06591840901678236,727
0.019107321280387363,0.018886670479618804,579
0.02170194056645907,0.02639628242572061,1141
0.0,0.0,1349
0.0436990825532116,0.01476980004852534,1051
0.10505402526899182,0.052098055239170146,525
0.01253278866346013,0.017333533377814365,336
0.02774181679513968,0.05517010238253664,739
0.025477081340450698,0.01787512349694677,1221
0.13467374754333386,0.04342200884495681,215
0.0,0.0005368821798073987,1195
0.024643985821885223,0.01948155275950216,376
0.0025835363014710356,-0.008428730389700727,1158
0.07432772467621467,0.0193600333421143,226
0.047915858715283546,0.026916001243535766,997
0.0,0.0,849
0.00663644230647165,0.007978202090437281,775
0.049423026229445444,0.041283202402947264,983
0.05397433190824924,0.035688119376948,723
0.03764686797828107,0.012389198239303754,1290
0.025940801870230065,0.008993366753662661,616
0.09622157495123405,0.04991355883359045,92
0.062120395197907394,0.03733498367643461,241
0.011197017859404032,0.010545071926553282,1268
0.029377771410403236,0.013163725368803565,333
0.01562589874774101,0.020260355490266287,960
0.14534645167554605,0.08093282247279962,558
0.02162544052085084,0.0030193150385969714,1184
0.05015075716333003,0.027798990636629772,666
0.0,0.0,1215
0.05146128392203773,0.0417244034036248,621
0.01783868190761435,0.03738438897561794,1021
0.016249112869846087,0.036891634324374124,901
0.007115054320181432,0.018377840653879155,532
0.0,0.0,1405
0.032226095430906106,0.005726646724895059,996
0.025636412568958832,0.015667076381505173,629
0.06340079037839695,0.010000955824254186,939
0.03713702197696668,0.040059645384805984,743
0.010221759710233279,0.009074853773334552,358
0.08761263260337135,0.006487704453452484,709
0.0790379317904739,0.03566863592253423,139
0.031715364512629136,0.0341963293619706,984
0.05164658268069187,0.009722535871037738,830
0.0,0.0,1471
0.18233135035545114,0.01599681971349754,505
0.01192939714755553,0.028982638177281108,1021
0.002830156929964151,0.0038822884433818553,1379
0.03806590566670858,0.01502373207739093,552
0.0,0.0005798271821807131,1591
0.15943284146277983,0.041928153566185775,217
0.02512217683057168,0.015691658878572635,1000
0.09560388878777254,0.043011135184360706,513
0.12670368581146157,0.029480829100503515,82
0.17026867274107976,0.06265482182517525,762
0.0,0.0,1389
0.04164002408798547,0.027259035982705,105
0.18139603138272056,-0.0023118483891192373,510
0.0,0.0,1598
0.03832039376874432,0.009477877608863514,1044
0.014195330812918593,0.015941260298023327,1115
0.14755146366356126,0.034253548924884726,194
0.07739258826984828,0.04971946706645293,606
0.07843607420868176,0.032725106803330434,1062
0.0,0.0,1234
0.07173282801923743,0.028332949934123153,466
0.06420919047777819,-0.011784654552099264,385
0.08040521489479537,0.034119215282338286,67
0.007439777090313658,0.008674243629528799,1453
0.00937894030751486,-0.0020582947299348396,1186
0.012053381145921103,0.011243316385106833,1147
0.0,0.0,1460
0.09470560881507352,0.04243265855546683,561
0.06561941362518575,0.023915106802269645,825
0.09516811457427554,0.07354847533175221,208
0.010457261750887981,0.021943467668396173,1186
0.1433510384971538,0.018357982369222047,237
0.10101771625582856,0.029275166038112057,274
0.0,0.0,1001
0.0008605271723525042,-0.014534068742252278,1267
0.0,0.0,972
0.0,0.0,1532
0.036223086857773985,0.021920414695010045,682
0.0,0.0,1354
0.14083772011469894,0.04977950162012306,66
0.11866296391910815,0.03386753762920668,268
0.0,0.0,1306
0.11100311029887522,0.03552126009311161,460
0.10774754593747235,0.08574960398675115,14
0.013496906868366302,0.008923701987758844,1310
0.0,0.0,1481
0.016464333977484195,0.02037034979100606,1050
0.030499568721678076,0.013334104739671145,964
0.09009671255402858,0.011832523390834624,232
0.09641051910831314,0.003079138058910286,683
0.12599956341284937,0.06113865845749549,461
0.09745611239672115,0.005310650417135263,472
0.06128789792094163,0.032284068316188054,115
0.06227888087542219,0.02322325103927308,138
0.09034561490917542,0.010651473091682863,692
0.0824679386209757,0.03772147300374669,1043
0.052495492351399976,0.018696525461612688,433
0.005712267622760586,0.012404679417217571,1367
0.0,0.0,1637
0.06040918045039764,0.0363965427337687,714
0.0,0.0,1237
0.020589431884020626,0.005299693150015536,969
0.06319948069642192,0.02988749314315836,615
0.15447423372984795,0.027466895511788093,197
0.060019828921299534,0.06579040434791955,747
0.042140093851519414,0.028128616457843175,774
0.03304485096547444,0.013673829302392186,1202
0.0,0.0,1303
0.04328674126276087,0.03190941775445575,1239
0.0,0.0,986
0.0,0.0045084908788018616,1585
0.0496169501886536,0.01738305218506125,405
0.0,0.0,1678
0.0397853935545184,0.02365354498955133,1009
0.021937744241155053,0.03830621940415557,669
0.019893226824974866,0.007999857471439586,1048
0.012480590346424257,0.018322985302985335,1523
0.02676420965038027,0.015491644146521419,1343
0.0,0.0,667
0.0,0.0,1532
0.056761308959188246,0.024537663909447043,618
0.053818644753031324,0.04479336060576823,628
0.04069989370124271,0.022884718905951965,265
0.09826552506691125,0.06942950745006685,243
0.05912799971500012,0.03942244924665156,840
0.04155559904027175,0.019523158340671868,563
0.08888056111456266,0.027041629861714725,624
0.06501592424704176,0.052008633464917936,52
0.05299501133341144,0.0627796318132633,825
0.06302164214097768,0.019211735027075287,9
0.005539102215446299,0.0016888137228392062,1294
0.013968839290899258,0.006853115309790966,1434
0.024530525704318712,0.01519655987798005,971
0.09895841411124538,0.00879863653618291,520
0.03333462971898395,0.02500130094630056,1202
0.033654180060757724,0.015344790683711074,884
0.045057861090922496,0.02489572781363401,101
0.11510524905565711,0.004572905147282923,175
0.0669997712986874,0.027214586898334673,808
0.044098942524491695,0.011173944338683798,962
0.10113201851046248,0.00705901858706921,116
0.009439522618227385,0.008946790196888309,1559
0.008057470428337845,0.009588409425696338,1254
0.0,0.0,1291
0.0,0.0,1484
0.11483111551821651,0.11378020543345495,639
0.021365103763275276,0.02298793913749791,1059
0.014736307506431567,0.01345007825721534,1014
0.018306000681861813,-0.0012225689471633905,1091
0.003678771212324002,0.002192515979750851,1249
0.13113709762895032,0.013747412841468066,514
0.01937383742661141,-0.0007111261094011218,1053
0.004444925485116428,0.004135566598403443,373
0.03511461644749935,0.016230229954593455,1559
0.16532539410445604,0.040907573064578866,170
0.0739886466716966,0.04231983384793709,410
0.08897097046520518,0.025053760897016077,605
0.0,0.0,1510
0.058813076770187406,0.04513095731560763,768
0.009947284301444035,0.004259999180635024,1261
0.06788759394317176,-0.008179232352476164,655
0.0,0.0,1528
0.0018612066398605055,0.010322891820094849,17
0.018469995131477446,0.03249743780136119,1282
0.0,0.0,1605
0.01844880480167879,0.02960422182755118,853
0.013359393284841583,0.012669112661860705,988
0.004757075493949021,0.005906363941351948,1144
0.11968033245387777,0.04814951109679445,944
0.12163637908503773,0.14430734777535698,10
0.010345741323040732,0.005830864943483701,995
0.039606942733513804,0.023981358371069444,382
0.08079623704737637,0.02674765570206665,138
0.019958773657152963,0.04112991873980083,1207
0.0,0.0,1456
0.0,0.0,438
0.08280984086694028,0.007463244175156867,571
0.0,0.0,1258
0.011518722606471339,0.023250167542200145,1057
0.014418277469187503,0.00405824288449405,535
0.0,-0.0004395787709051384,1546
0.017676673311837508,0.01578628467634365,278
0.04610815203570525,-0.0017478646815708833,372
0.03405241284510455,0.017870779140256976,463
0.027955352002256153,0.027807689280916946,1125
0.020045282035338077,0.004249224651783795,666
0.09884640605947728,0.05427758479484153,677
0.06145696146065402,0.00940929757771856,826
0.03685847466788509,0.029981271482013006,794
0.02097845457856735,0.05220111859050054,831
0.0,0.0,1428
0.029844165959269354,0.0289243630408582,1008
0.022207063222415196,0.06080589006653335,874
0.03560136967478175,0.03973694202143542,1239
0.11505209885761032,0.0405167250082435,383
0.010169292357162747,0.030413620972942975,1164
0.041417962677241134,0.016110188988738755,976
0.07869665994458372,0.04526525022998155,451
0.09233785204640738,0.044458785664989155,110
0.04639001945541203,0.02078084583923377,958
0.0966525663391668,0.02972963006273366,509
0.10946059419483398,0.01179984614361032,87
0.03098783780705348,0.01458013089872404,1011
0.022274786302280792,0.014270047564206308,1000
0.07310021086284071,0.05584997246618209,870
0.04758121440987713,0.050231060864935374,476
0.01579332309903653,0.007446378078928397,869
0.0,0.0,1286
0.030203560383881112,0.01850909589535462,1051
0.01700552298544416,0.010761483673253573,1468
0.08063519152247597,0.043756269191892176,294
0.03805021816930995,0.026065191466116223,841
0.04518679122626472,0.04555346079327829,669
0.2267644684783225,0.049384593013151235,214
0.0260778996269579,0.005115333872754092,1450
0.0013988664717036448,-0.0030935848751260913,1304
0.04748391955778478,0.01842213639181169,967
0.0770352577722443,0.0467888519129708,1051
0.015858745801792886,0.04856571813873391,900
0.040493809662843244,0.024920719931265486,899
0.028605775404708617,0.01409155733987903,725
0.0,0.0,1332
0.016740801750336817,0.009097676021305276,1607
0.0,-3.842675467505586e-05,926
0.006043834258576527,0.022168564383167683,1298
0.0,0.0,1678
0.04026339739007308,0.043450166034550534,1008
0.0,0.0,1404
0.05555692087636821,0.033836442350909324,663
0.024189292797342183,0.008694510572399058,18
0.029170883130905354,0.024439897017048025,868
0.06614672661471342,0.0011555044558374562,1134
0.0,0.0,1063
0.024545936810936458,0.008217415218016735,818
0.01835013456898813,0.017999251877193003,1135
0.11355258983698474,0.05018353436598259,677
0.09228985813743425,0.02819140246219877,390
0.051161884181314614,0.04536396665751887,594
0.15178196782789707,0.008694201727293191,656
0.012037090212390623,0.007972154409387977,114
0.24041324340191542,0.07168444101615064,78
0.14042451340307513,0.0570940461877135,403
0.0,0.0,1608
0.153522787429612,0.06335009913107022,384
0.07333885684448428,0.03186708175890782,386
0.0,0.0,1501
0.09360587171909752,0.06713042143844301,1011
0.11678102776042305,0.017311048420367407,156
0.0,0.0,1086
0.08694355737678067,0.029600588985138027,140
0.059368491466268575,0.03409402636517378,467
0.05969040998135504,0.04122753984385081,322
0.06419780944572606,0.0423652558630534,930
0.18068651353297494,0.004032625801132131,510
0.0,0.0,1569
0.0,0.005873876369617825,1026
0.011645590539567404,0.01205521633633944,1334
0.0,0.0,1237
0.01402785595256345,0.014922117116779219,713
0.0,0.0,1471
0.050372489367144,0.00782091053326344,1247
0.16981568793792443,0.05652788971108759,649
0.06026091506109834,0.06538832115058354,540
0.020767598287900743,0.012406278083985034,1096
0.011868032243761093,0.006590541295972315,1276
0.02577343298806477,0.020826409031761122,1169
0.15341370199702292,0.05464365867717967,416
0.13424765386587081,0.04080840130265517,274
0.0,0.0023213814816825697,1539
0.02753651233707168,0.027192693014278527,981
0.018460701491700048,0.01546679079044611,884
0.0,0.0,1605
0.07523053748792903,0.0227713250752083,659
0.027233255555999675,0.01620316794987177,751
0.1417443475004871,0.10626259629492708,131
0.07423177944306411,0.044532518724228365,746
0.017981101680971983,0.0027135516914658926,373
0.0,0.0,1442
0.0,0.002197051213936924,910
0.11587707427891558,0.06494243479490203,367
0.0,0.0,1359
0.020098735960053217,0.018585833548225798,1116
0.03958751589590056,0.02842609553198004,302
0.05251730256939363,0.021547241995341342,315
0.01895717603135283,0.012098868886955461,1287
0.1249604256347121,0.1506477623724417,312
0.04498293764716115,0.02240344289522333,551
0.11112286843970214,-0.0012515966240095704,267
0.004987992292545925,0.004411664983347305,911
0.0,0.0004078610167312818,1095
0.08973453768676576,0.014252872280444737,163
0.03381369656924308,0.01563082787700398,253
0.0,0.0,1447
0.01637142413720705,0.01309001031514579,1502
0.013925821379782695,0.00710203022491673,1424
0.10057630033633584,0.028458111999949163,672
0.0,0.0,1370
0.005061503188272086,-0.006137961256907267,1343
0.019739429794301593,0.01417419528846077,1217
0.021879165100815095,0.020670183673993554,111
0.027718421923149033,0.021000962809632925,1020
0.13306241659692536,0.013818176235738817,830
0.25163237510967995,0.07885405864909667,173
0.012253749948905013,0.02553018113966554,1115
0.03586589703703694,0.027989853848230075,579
0.0,0.0,1632
0.10487269156633912,0.029957093355314494,655
0.1001697785519031,0.010276135821703771,46
0.00397780899235485,0.012553984681880369,1614
0.07416634812367942,0.052280532869830046,639
0.08498316439670123,0.040862290595072986,524
0.0,0.0,1235
0.0,0.0,1580
0.04211049671603856,-0.0002186845835102284,363
0.0,0.0,1242
0.0550446868461996,0.05461128212645001,805
0.08584777897784036,0.014606904567201111,508
0.0,0.0,1644
0.0747214919128512,0.018649718936311056,624
0.0566220178925981,0.02959111399654453,958
0.02073576690753342,0.049419271258507314,757
0.0,0.0,1624
0.06641516346335584,0.004804816206699114,92
0.0608818984720314,0.01551877369115044,661
0.004918098167064309,0.007928482449083311,1453
0.11860004050481081,0.02831395768563376,509
0.16860052505023623,0.09068393478446582,259
0.0,0.0,1666
0.018481611697147883,0.028438993341531927,771
0.010767273672697735,0.00184362514181487,900
0.07993392311483632,0.01940038840184449,577
0.0017032723205027587,-0.006375637496971372,358
0.07468875675118856,0.03181852939837717,263
0.0,0.00023065000535520022,1635
0.11821159744539309,0.09322454242131199,24
0.07252816767533318,0.03328495501793616,213
0.01314188557681689,0.00842564513035937,1403
0.015179051865754448,0.011160105061430864,1534
0.0024847044181318715,-0.0006528802400938128,1201
0.0,-0.0033430098456271773,1174
0.17114577481321666,0.09806215262646444,69
0.0,0.0,1378
0.03513970574857099,0.02721776847280572,1049
0.0,0.0,1681
0.004174837845834872,0.0022910279207487717,1080
0.0,0.0,1589
0.0,0.0,1541
0.05239323281320986,0.0413410418253231,1044
0.09539363687284973,0.027203886754791986,170
0.05619333084589231,0.018243167136314208,805
0.14139517022332454,0.08070750502506273,208
0.061272963906688224,0.021691738404281485,224
0.0,0.0,1666
0.02549654402373714,0.02163545469392657,753
0.0,0.0,1476
0.0,0.0,980
0.10259218552727795,-0.0015925927209870213,503
0.08822322894298353,0.0377160047540265,8
0.0,0.0,1480
0.0,0.0,1608
0.016285543029696713,0.019796890161763083,820
0.0,0.0043226705996784,1546
0.037891387780733705,0.01345005332492923,1559
0.16674359141293243,0.0831028937535295,526
0.04990695584503495,0.04011763439239406,637
0.04637673884293988,0.012370119992827684,1013
0.0,0.0,756
0.12319585433555276,0.053065906682715415,618
0.0343278291327061,0.004606371080547505,1178
0.035640497734277486,0.030163894746342977,795
0.09470498802955349,0.012406748540203237,939
0.021681514453742334,0.009924852094473934,978
0.035066632088329594,0.023274224430585303,845
0.0,0.0,1306
0.0,0.0050381310035458,1311
0.092717306969659,0.03893138032636805,1090
0.05427996825042443,0.07122601942567543,346
0.03068062883869694,0.004042970593632471,778
0.0,0.0,1618
0.0,0.0,1520
0.028702659069804487,0.011843523231443212,921
0.0441264355720186,0.01914171847106256,796
0.022919877390814098,0.019555975448601198,802
0.0,0.0,1550
0.06947893387147185,0.02267579506272665,83
0.07760847516929252,0.028361143602947454,469
0.0,0.0,1258
0.0,0.0,438
0.1526063066197501,0.010414162595252005,526
0.019151917953896935,0.024079096619559332,960
0.13679440651296612,0.04204139240323252,728
0.08292231271935774,0.02516470844362551,385
0.10624743405317233,0.042326457905920836,508
0.1522335021179105,0.0671517528458226,21
0.033354387270847385,0.055124107838014816,361
0.06156350608291478,0.030502108823312498,1156
0.013396954856494258,0.00619962445676999,1281
0.08751844305597066,0.038796382620670374,517
0.0,-0.0031376399022856696,1320
0.06802553441812395,0.009022321872130501,502
0.1132997673529322,0.06078152345491039,508
0.08137695826377606,0.05192993449539879,784
0.09581932554845035,0.03513818026336177,71
0.03395835483054136,0.018457917632272804,959
0.019965318281156313,0.03216870092779198,349
0.14811051579500192,0.025235170211580536,131
0.08926383032549759,0.02245894000004414,447
0.020244039933950908,0.014573212289390671,966
0.07242272353667668,0.031399368030995335,321
0.10181183098552213,0.0681463250806935,344
0.028830989208802286,0.024020330247087718,1230
0.0,0.0,1492
0.0,0.0,919
0.06553895749660178,0.022537723652973886,688
0.05239579299002256,0.02855187053531802,380
0.09588310525524969,0.03681319359090829,422
0.06697371653744597,0.027218400757305018,590
0.06600930651302479,0.016762441001817084,964
0.04360726400993711,0.027168926163990924,940
0.16879972008204042,0.10398177026538487,95
0.026946965942825103,0.01824716890597697,899
0.03154814644831324,0.0077464426678592845,83
0.0222640763721347,0.017186288009214207,578
0.039321980641431484,0.02444111528145562,106
0.003629661806993382,0.002064204763509342,1237
0.10008875805833813,0.03260417214956629,413
0.0,-0.0031376399022856696,1324
0.18418906512395836,0.02939323468438206,566
0.04236847721409131,-0.003617936767233304,302
0.01145294403569051,0.0031952393437359567,1206
0.09463126357202593,0.0695684686118286,762
0.008110816015852283,0.012739301620594215,642
0.04659658052494308,0.05523118773796035,572
0.12011371074889532,0.004821491233923815,201
0.009602432084449004,0.009866514376220825,1517
0.06461980199364997,0.04377750821285582,854
0.013424431428171393,0.025251319491394985,5
0.0,0.002533443564632533,1422
0.11822577952448125,0.056528380009296046,54
0.01978364650315427,0.014698420599317948,811
0.004236263172475726,-0.006343675737244709,1252
0.0997078351681544,0.021457320926927335,683
0.05575569243428318,-0.006712998943435602,799
0.09330275226407374,0.05724672676943348,256
0.13203639807132114,0.04352258180436416,461
0.04345326884068154,0.021550978917576142,735
0.05987054676414949,0.06261107547873974,282
0.01848192390574758,0.017539610279030792,573
0.023212155894811515,0.026846685783223245,1083
0.03485070044263663,0.04056037986765735,894
0.05770299051470199,0.04533694999380311,108
0.025724859133558892,-0.008151273549975347,874
0.21292430207244473,0.033507341848223966,478
0.18754062891361453,0.05464826647726502,683
0.007206084299574566,-0.0016695901601011477,1172
0.0,0.0,1471
0.03847564174196478,0.021277823497082633,778
0.017462474152126317,0.009003666912259138,932
0.023655253854752405,0.018482354808290323,803
0.0,0.0,1326
0.0,0.0,1533
0.14952690576201833,0.03814784793950368,101
0.06895482626769808,0.024075864462221923,1015
0.0575741226887575,0.0020019291774785314,568
0.06491815766530251,0.03486910003118485,456
0.03792669845278149,-0.003613877637025084,760
0.043747708920856145,0.060198306364059095,985
0.04979722409100365,0.043086961145775066,122
0.2174724165752368,0.04177160828417763,179
0.01892662109712977,0.04830640569113798,979
0.06986602286870118,0.037607525047067936,386
0.1295292492786532,0.09015681321898351,168
0.04689847659567686,0.02175023012989982,494
0.02272346642078171,0.01150001005097634,1184
0.04057656713028702,0.0008515462815072202,801
0.014362301584208908,0.006458587070146331,790
0.0,0.0,1026
0.16072369601411293,0.0007306050338082382,473
0.015726420423547865,6.620308103986663e-05,932
0.0,0.0,1126
0.02418929279734218,0.01137934772994825,752
0.1179712739778497,0.08907007138353928,271
0.026159220750473867,0.024012272839159174,341
0.05504929548420236,0.02423799896643691,698
0.092667007581841,0.03139326280521429,1073
0.04075936789751626,0.021308715747135932,718
0.22448973666661762,0.04669011084861388,481
0.0,0.0,1483
0.0,0.0,1129
0.0696143578928915,0.05101115039317696,457
0.036940206517149576,0.016313132177706146,916
0.022431201994739077,0.022634385415940244,892
0.07162768435481182,0.06736371161030826,1125
0.10232251571984521,-0.0002461998654100939,202
0.0,-0.0028056651172316013,1580
0.09659268806898033,-0.006172837778693971,1027
0.0,0.0,1329
0.03236971838020869,0.009598682516882959,42
0.0077308025965365955,0.01252627906379538,114
0.06317867545179534,0.01709020143281023,157
0.0,0.0,1234
0.12883768666314466,0.12015085043097828,689
0.10972717202848148,0.06727579711844367,408
0.011224692987122515,0.004376616238205336,1168
0.12642210174232296,0.019763940061063495,410
0.06788014209307275,0.04849751156955672,844
0.1199345655542841,0.07948158265222556,237
0.019635895465462065,0.026000201510030376,542
0.0,0.0,1643
0.021177332900207003,0.021598072482992853,817
0.04687584617806856,0.031669979015230484,1230
0.04728268581662011,0.016497814167480772,778
0.06949809266061929,0.014188145520442322,75
0.0,0.0,1625
0.02752266027272962,0.012647498949726098,463
0.004590592223158998,0.002872364271810422,36
0.004482452941775921,-0.0018371650973879362,1439
0.03252474943455837,-0.027664858517288643,261
0.08687265836632099,0.011106238708750106,610
0.05593457391830891,0.018345559665712812,840
0.0,0.005558324360204682,1556
0.03567402769787728,0.03652155062834093,992
0.08932017638921909,0.009996817791593093,96
0.0488698989942963,0.01854685466902832,161
0.0,0.0,1645
0.15152074794840578,0.06343144047663372,46
0.17106488431676714,0.0183735501502297,123
0.0,0.0,1659
0.007873206901054893,-0.0005441067864245925,1411
0.0,-0.006498118615179405,860
0.0012792426103935609,0.010277935084234274,1280
0.0,0.0,1463
0.03625205040573173,0.022152642882335098,868
0.08187507440939056,0.018760736459114732,493
0.12949056018795085,0.0076503657497690005,201
0.0,0.0,1595
0.0,0.0,1573
0.0818294410833853,0.05670908354882524,279
0.0,0.0,1321
0.005760176649628365,0.007557746023685663,1530
0.05534598338633767,0.030167537800791802,398
0.0,0.0,1527
0.060410891740721624,0.03218324598113177,472
0.17470960724999415,0.04143705279011219,75
0.0,0.0,1379
0.11219201013550874,0.06548751062651423,590
0.04699714196103305,0.009747890469772038,476
0.1085333930288907,0.027335421453345884,550
0.0,0.004075442529898287,1324
0.0,0.0,857
0.023493132421787383,-0.0014269314785462178,298
0.1576657755036969,0.05983613327410381,238
0.0,-0.00292669549144254,1275
0.03715795629501626,0.014666482744271497,1205
0.0,0.0,1609
0.0087357686460052,0.0046214640939796535,1172
0.05162252508148202,0.014248234447369008,1297
0.009634365773383965,0.011457531433769229,1171
0.0,0.0,1211
0.04465175486765503,-8.80948698979304e-05,77
0.0,-0.006562793183859088,1274
0.22556563050435408,0.021379330154885804,198
0.019506461498600376,0.02409684311227563,886
0.04168060194824885,0.0366568227799252,382
0.017122745330557312,0.002590697080860827,1434
0.0012395645242867224,0.003533961234760662,1387
0.0,0.0,1679
0.0,-0.0003553224416627198,1242
0.03937388418098312,0.021213404425993974,77
0.0,0.0,1331
0.0,0.01253651906216945,1063
0.0,0.00631106475603448,756
0.0,0.0,1390
0.03303090407624243,0.007840781027419306,563
0.004420904077251019,0.002382026493340392,1197
0.035982405852092225,0.03267453861147137,563
0.2186190397427027,0.034115525057694294,99
0.05134353593197387,0.0242056886510241,1020
0.04025320306869322,-0.004844985461736162,302
0.04298855866892507,-0.015251073132167645,405
0.009737143571789515,0.015040130092175696,114
0.04173622139031384,0.010383824935444218,543
0.06353506383585908,0.06360213784920414,762
0.01659511932273773,-0.011913464350776799,265
0.11244819411018618,0.03520044428640346,147
0.060652039047295325,0.03342701527439002,283
0.0013574092003680327,-0.004199793870511005,1385
0.06571357684757592,0.03365527293330219,941
0.015307777996902713,0.008328187088282571,1468
0.03443486415745732,0.015433714165914443,794
0.0,0.0,1598
0.18125834267075666,0.056823184708490994,654
0.039379262230998864,0.03230459589711873,253
0.029831711791442228,0.022038412213255396,1009
0.13330214603948307,0.043647910326628146,450
0.05737657573425251,0.041253233596733205,722
0.070367393791593,0.05772945699442692,39
0.020895612522643048,0.02161451934951187,333
0.04386010334522263,0.03000183909766185,569
0.060132852472823115,0.03542765558265025,671
0.05966149527585269,0.022458350956266436,777
0.10393048182780522,0.0460977028390314,418
0.031125945419191822,0.028608643630136932,137
0.05198683845484867,0.02839324217941326,736
0.07537521972050644,0.03204960380979888,16
0.008392120701131595,0.005428119593338767,887
0.11323941086482125,0.044688041595229294,516
0.0,0.0,1566
0.0520782785064295,0.03108947951466852,601
0.0,-0.004103800934332376,1627
0.025800947279819294,0.017478488013414423,369
0.015007690464442058,0.004118095667783735,1478
0.04055883191328758,0.04209571097487424,720
0.0,0.0,1679
0.10272124548381369,-0.01152987103090971,530
0.02644413627879697,0.01983783235332578,638
0.14571567350411246,0.034586974254909815,385
0.010540702937585229,0.004906000969258435,765
0.011165285307214255,0.019466200713909313,1424
0.004438668970244415,0.0009946456589612386,858
0.027105259094074213,0.024410378596170495,843
0.0,0.0,993
0.23704551157757775,0.06081619229808766,28
0.12666011912946287,0.06666322339703391,417
0.06377877402075366,0.03354488585327293,48
0.04109032775942089,-0.004336694934394811,584
0.0,0.005197162677866639,1185
0.2522282211315575,0.05760991618670651,214
0.026369644657174753,0.034101068041396385,982
0.0774806019954977,0.013922413448469504,311
0.009729468217430945,0.02755799797342035,988
0.1367944065129661,0.06539615727775293,287
0.0,0.0,1656
0.06280868486387094,0.052865336647253736,110
0.0,0.0,1333
0.09386104185757856,0.047701177225780995,269
0.02595609906151976,0.01438471855931503,563
0.006410084997908737,0.01143351979139728,827
0.05580080718600453,0.02592271763452624,243
0.0,4.3422698203475774e-05,1350
0.0,0.0,1320
0.042795643715505545,0.025789580457747933,894
0.028908902817472975,0.007860682472018625,1186
0.07320558997428721,0.022417662620969104,588
0.0,0.0,313
0.02820371819441674,0.019711050733722795,1016
0.0,-0.005902660403524931,783
0.13675588950620063,0.014548314816786864,199
0.045995856249067275,0.020697129462320236,1266
0.0,0.0006285459221059484,1634
0.007697192201810887,0.011173599688361149,679
0.0860774330010588,0.0384079377066721,286
0.0,0.0,856
0.041076451817709095,0.008367139888999764,411
0.11986426865553841,0.022481144716388166,199
0.0,0.0,1595
0.10089492606613061,0.05354849623077537,1073
0.028019729420567897,0.01590844055659708,1167
0.0,0.0,1402
0.0,0.0002637937468456263,1627
0.0,0.0,1509
0.04242543647965171,0.020568718226733167,1208
0.04037949015517993,0.016173689524625095,302
0.15608398265329623,0.02095863382777979,656
0.02827725419992661,0.0464286032312058,872
0.12387968981347623,0.06780369110157682,427
0.053600155629564265,0.008922301589008481,576
0.012861890202788226,0.013367271156036292,1093
0.15559404220904563,0.03727098085765305,190
0.008140427017272238,0.03164244176812076,352
0.00687965037778406,0.00599245381831398,1176
0.0,0.0,1538
0.03915620922883192,0.008786113726264293,793
0.0,0.0,1600
0.08240934296351678,0.04168199759709252,3
0.015532378096173763,0.014509748078313236,1162
0.0,-0.011361547234611824,1376
0.0,0.0,1636
0.0,0.0,1556
0.0,0.0,1495
0.050425914593034075,0.02325660920505697,464
0.0,0.0,1492
5.860091671784429e-05,-0.00775603460475542,1226
0.25914211047170366,0.029523239294585876,49
0.12319585433555276,0.046984555839912054,824
0.09896774470330875,-0.00222302706835946,708
0.03376016092128383,0.007730465745058801,375
0.1080215610072709,0.05912914949958609,457
0.10975505901722958,0.048448720339086,525
0.032241441666806696,0.02311348128583621,1029
0.0,0.004276128598822355,1520
0.2282458471661887,0.05424956476183357,46
0.04950667727098096,0.019821278274804146,282
0.033193141524507586,0.043018608515141186,1004
0.027093649787331135,0.012971647991715332,1273
0.09748446379818572,0.033110919037663146,153
0.0029365362728666455,2.0154763879468605e-06,1080
0.13007479466499455,0.038571940917395284,37
0.0,-0.02388498755222882,1431
0.0,0.0,1356
0.016967744038242225,0.004246170399295312,1379
0.06941487482196483,0.05401973279557238,372
0.03383152713028973,0.00798222858158571,42
0.07384349422358309,0.05453851008384055,382
0.0,-0.003399341603815397,1465
0.03433262091911552,0.014703596858605322,1196
0.061182638461940844,0.04248797249002228,773
0.0559403763724452,-0.0023126779603084985,1118
0.06807185837935317,0.024243937982868533,661
0.0,0.0,1622
0.005729798480364578,0.012360264534182963,1084
0.0,0.0,1433
0.0,0.0,1672
0.08615261575756081,0.032530592373650934,430
0.021593343669785003,0.038490385484008544,1346
0.009893517936238147,0.0003954436011853357,1070
0.027700677258604946,0.03820831664653008,329
0.057623510077632646,-0.003086836029565204,162
0.037907844869448204,0.022117073212814208,494
0.06568826919234198,0.043122902996112746,413
0.11710177406650474,0.05995623527023692,1015
0.0,0.0,1528
0.0,0.0,1475
0.0,0.007182693205366733,1404
0.0,0.005287544087596824,1356
0.054338307048800584,0.011610608554881734,543
0.15035375287825506,0.05087555209236065,98
0.01797539991343659,0.007618270078588717,1427
0.08347664929929834,0.010267304038697826,941
0.0,0.0,1401
0.0548297518115116,0.012170605351192406,105
0.009954719320658622,0.015377884684786163,1294
0.2168257574487425,0.04333038233496178,510
0.03733260215033697,0.03004161103395721,452
0.06522039284464581,0.03832647864990205,854
0.023546183149305667,0.012192444565680348,535
0.04963218462415745,0.02627804238731881,1228
0.0,0.0,1359
0.016935559664347448,0.007811673294202048,1283
0.06961938830805608,0.019159849277409303,386
0.0,0.0,1620
0.0,0.0,1525
0.034058182199639866,0.008514084218158012,1022
0.0,0.0,1679
0.0,0.0,1359
0.049551928359967724,0.025918365058988944,809
0.12725904022747087,0.057746247114162895,661
0.05554900487640807,0.02036377283223904,541
0.0016306310053653451,0.0009710457950156931,1453
0.08461466665519717,0.05985399886070953,410
0.009534869539063979,0.018417849609657436,1295
0.020018923533463955,0.01559282828569079,977
0.006456031066597368,0.015554933088162748,1014
0.0,0.0,787
0.0,0.0,1462
0.013101063776063585,0.02380680221548686,1164
0.0,0.0014332820641675106,1649
0.026946895240684075,0.01849326579920716,1135
0.0,0.0,1526
0.007818276537084555,0.003895564791638303,1163
0.12847359678319706,0.024984266673765184,25
0.0,0.0,1499
0.010806284878904969,0.017081494271161644,1083
0.022309152162152873,0.030905921415272333,335
0.0,0.0,1411
0.0,0.0,1589
0.0,0.0,1638
0.061944179062100715,0.011494422038698522,100
0.09905563625208479,0.04022326463866661,429
0.01546171789333816,0.004696841355652527,700
0.0254717482253326,0.03263018380664402,205
0.10629129912273297,0.045747570667765226,230
0.0,0.0,1291
0.17009169400023721,0.06258690931904774,182
0.00041913240303637723,-0.0006447025874460948,917
0.04488761738845274,0.04410479731845467,253
0.04371120749463397,0.020839616635069294,42
0.06380985025553995,0.029638875206516663,641
0.1103154156543598,0.028448476983645995,189
0.12184267587914642,0.06986251232242881,516
0.02018600059269385,0.029593526644639614,554
0.0417959618104896,0.026566521735610533,1120
0.0645882708544611,0.013064717801944568,825
0.15594057027372418,0.03958135511790404,68
0.06360211192528321,0.019912472890697128,613
0.12481198691937898,0.011674049142821141,708
0.036400309449999974,-0.010366326405202207,920
0.06543937523751138,0.008788359637761024,149
0.0,0.0,1466
0.0,0.0,1416
0.07466461639624793,0.03376096409749882,283
0.0,0.0,118
0.004666923874420854,0.0012584441699686425,1300
0.00903218052927729,0.0061444557481581145,821
0.05298955813225977,0.055621904061591974,879
0.020109418667432984,0.00922419403073251,452
0.05968631584284964,0.03977131467843773,38
0.05412613551640927,0.023897907405965493,1102
0.03615381387605778,0.02727347552415551,578
0.08260856603209084,0.07041000598901294,332
0.010234572499681129,0.024582956217483715,307
0.0,0.0,1480
0.0,0.0,1274
0.05668294043164276,0.004454536127351889,1228
0.07255620793873813,0.05855579920434754,14
0.0,0.0,1620
0.0,0.004645455712424778,1327
0.03390289254301557,0.03323686383501096,370
0.0,0.003622372662802766,1555
0.00890119569028522,0.006316040473158641,1467
0.10889611027827802,0.026990816122206385,640
0.19964205988001196,0.08828154769429994,356
0.07645499389923942,-0.0003988077863728958,40
0.0,0.0,1185
0.0,0.00022473092796323555,1610
0.04327885135594443,0.012745903014489158,42
0.07472325693794,0.021203556432861412,322
0.0,0.0,1431
0.018985472909425965,0.030042735382609678,1024
0.0,0.005894625072466591,1570
0.0,0.0,599
0.0,0.0,1426
0.08113573521349232,0.02548630484305921,53
0.0,0.0,1382
0.017948613691847397,0.012771486621289435,1313
0.0,0.0,1432
0.17950658580621107,0.028525787446069383,602
0.005892020455138563,0.02249695713388614,1212
0.030884964468041145,0.02709854526810468,1169
0.04674904708034667,0.014568841892156806,770
0.19087067321732892,0.072294127633373,201
0.08383866853840326,0.02844766350465802,158
0.0115723134399261,0.01237243329466785,1237
0.21574805384970117,0.020427979037705383,497
0.06337449652889145,0.01775892010870639,722
0.17916040873957453,0.049701255876991327,731
0.09098941024197087,0.06327330451507199,844
0.07020889807723796,0.031741723942385267,628
0.03764874601941311,0.012053703243123914,1399
0.13526378314269394,0.04613577152854072,54
0.01952517423440182,0.032877298823338834,1119
0.09508049040907315,0.05066527626256678,645
0.05434008722667526,0.009147669767834585,38
0.0,0.0,1631
0.1919587290974736,0.026136732109820475,123
0.07139426003491851,0.03925460125472578,44
0.0,0.0,1643
0.04545514337430714,0.00995104265099329,485
0.0,0.0,1625
0.018969339083815928,0.014583824453089084,343
0.07463503706812408,-0.006224324972914692,315
0.0017204729622722686,0.006959168750002408,1245
0.0,0.0,1365
0.023462746534530766,0.0355950414434126,1066
0.1019977023796022,0.05234867972505731,67
0.058346555168877316,0.026772707994424907,823
0.02327619104982077,0.011213587502704132,758
0.0,0.0,1079
0.0,-0.01772346560700026,437
0.0,0.0,1662
0.07546053159280168,0.04956206766385165,270
0.0,0.0,1271
0.0,0.0,1234
0.06642168039484515,-0.005124480622927097,320
0.06857892868855284,0.038581695295495294,652
0.1425707258115048,0.002940302005290304,487
0.02966655861674783,0.0270398323541761,19
0.021131690852811576,0.01487201106135406,697
0.1047512532646197,-0.01957507786012429,518
0.03365574583476645,0.054188631225950384,841
0.10581975103305899,0.014198854108943795,503
0.03500525721211654,0.017130898867244945,1214
0.20089566212412116,0.08669219200003295,81
0.0,0.0,1650
0.04823189126001013,0.028057068231064217,364
0.05808524965187697,0.027780247712429363,206
0.057531619177168265,0.038865441505175805,871
0.04769210001303107,0.03475873302967371,805
0.054288953001016126,0.04172734329020951,122
0.08924467780855674,0.05463442081694828,229
0.00413659759789429,0.0019804639049524723,1099
0.04614445685446904,0.05280489098150856,100
0.05366872070412313,0.01773336407750336,1003
0.01578607768696426,0.034068144541999246,1126
0.010638120131824757,-0.0016749244460221133,1085
0.04230374449866971,0.004329235306863543,843
0.1298855862078778,0.02055315648929822,442
0.02754234053060038,0.020774529588159178,359
0.0,0.0,1620
0.0996723516966855,0.04491558184270727,202
0.0,0.0,1341
0.007039816040140794,0.009664770203885063,1472
0.050376151611382335,0.02474103850034182,737
0.03794925360062747,0.020608606020047517,818
0.18867173873256862,0.06104388896854728,791
0.043838895681052516,0.024443979547590384,1310
0.0,0.0,756
0.011490572105303198,0.016001325616084378,1173
0.00780257485998504,0.0020327844050203147,1222
0.01309414682169116,0.02143187825457474,1261
0.1531933075353475,0.06477194480751423,78
0.0,0.0,1610
0.05535685385399846,0.027564061885748392,607
0.09183421584886672,0.051185957874390155,561
0.0,0.003928166947658523,1431
0.047493649446746285,-0.0006212978718636074,511
0.04319515270651026,0.01611385787752766,1039
0.09202821812521336,0.03777728306777043,136
0.027414158271444257,0.018792781081459813,737
0.022831368654059513,0.019950785172872753,341
0.0,0.0,1596
0.02725775413280614,0.027416430429916303,1007
0.05922285575272677,0.010923442332946892,822
0.04094804251563427,0.0046477616705577285,764
0.027177471281629197,0.010415918875181547,1477
0.0,0.0,1289
0.12394686189771269,0.03078583348727662,594
0.02933598973432966,0.020672344696944504,697
0.0,0.004962495949679965,1340
0.04586656758511332,0.028010658519475803,254
0.0,0.0,1643
0.07903786923474117,0.016342763267073162,647
0.05206727085041089,0.026068335008445555,342
0.027721605366533654,0.032422708847867215,1065
0.06212076791163963,0.01367865899734806,1012
0.007618094504725688,0.005222232784744921,1188
0.08353448697516226,0.013549561000758418,1034
0.07561624568346823,0.005859710037889438,1410
0.02742217633455928,0.026249099983390655,452
0.010872503807221812,0.01171946459395507,1017
0.0,0.0,1185
0.028419690176979002,0.01908297134699746,644
0.0,-0.0007911869543071347,1145
0.013657361905376883,0.01587383259223523,984
0.0,0.0,919
0.0,0.0,816
0.0,0.0,1105
0.061087137000039836,0.02792012033241311,1391
0.16423880045949965,0.07223679715090502,90
0.11954756673470208,0.014369264918113637,466
0.17656698651151437,0.03340970811809709,497
0.023058478118983743,0.01896593225754632,1066
0.0,0.0,1212
0.0,0.0,1629
0.0,-0.0030040137420273513,1585
0.0,0.0003223300015676488,1107
0.016557616332197385,0.01620380372223572,957
0.019658802688248923,0.00398884404211915,1198
0.03503260103856516,0.013688621329444017,369
0.0008592889560039038,0.0024686966014439917,1511
0.007825824158645644,0.01689626695841091,990
0.02470344461967194,0.005967272264455617,1035
0.09795775716107216,0.03753279839297535,1100
0.11905799278519584,0.05037461521973838,274
0.0020725403003588236,0.002670070487065755,888
0.06414273091171825,0.04686264901942344,863
0.0,0.012242868325985872,1604
0.06895675673296513,-0.007805139218382456,515
0.0,0.0,1499
0.0,0.0,1463
0.2332667961834702,0.01977139578253631,428
0.20861984329026317,0.0011108555012816412,49
0.01669090748277896,0.019931491033179927,336
0.014379563138968175,0.009639124467731493,1438
0.01591182610805063,0.03270402314125691,1203
0.009959239916041146,0.0028179539148136534,1299
0.014862538710473593,0.01622659787115293,1206
0.024839851951483416,0.020771704934185113,459
0.0,0.0,1333
0.012306530374819886,0.008046985612848672,1335
0.0,0.0,1569
0.04437990305410438,0.018819985177039693,387
0.02358256700243567,0.0033741273180502357,827
0.0,0.0,1322
0.032533807836254015,0.024400946234201814,669
0.0676529503034808,0.03248508360369898,880
0.0,0.0,1002
0.0,0.0,1365
0.0,0.0,1676
0.05396664307710921,0.050737791550022275,159
0.0,0.0,1671
0.03537311993152994,0.012371952429197086,1072
0.017633096524657717,0.006789312723273397,1165
0.08069888659713545,0.013068889140680488,922
0.08209331410746334,0.017365261617918716,224
0.0026878629121933205,-0.0006620741297603426,586
0.052132937411896466,0.019142705507937008,363
0.11815024837633546,0.0681846557689495,427
0.03932481084244098,0.046135436626708444,920
0.04487402983890953,0.019959716969826517,357
0.0,0.0,1526
0.0,0.0,1493
0.08526810754777166,0.019794936803462847,819
0.03665826122792175,0.020659240230128363,1006
0.019229704378273507,0.01845822844315794,1516
0.022189110252689215,0.035071481559596974,538
0.007829872653024685,0.010929332125730185,1467
0.0,0.0,1323
0.015999970623388905,0.02669077065956579,1059
0.0,0.0,1306
0.010893646269108367,0.008599832775446533,1151
0.0,0.0,1659
0.0,0.0,1318
0.044189678369110856,0.02985124479890626,1216
0.0,0.0,1606
0.07180907119329769,0.0020861271114233975,520
0.06764024265191339,0.025268762624986917,469
0.04988112824848885,0.03837579006776858,1101
0.0,0.0,1626
0.0,-0.004811903987131461,1527
0.02747884240639824,0.0046740710554855945,1012
0.1648035241831953,-0.004988668601719835,656
0.2808732046277111,0.07484184124843497,182
0.03621511303056654,0.05454053298461943,900
0.03719733353007247,0.030435254790670403,453
0.06206554610137062,0.018742622751630956,724
0.020881036424897498,0.0197119195635535,1152
0.03635806304673452,0.01307400940702531,1148
0.00960146394922221,0.015963236387760715,963
0.05980290324053609,0.027036761297519255,707
0.0,0.0,1651
0.10195957736446529,0.03454564539073544,645
0.0,-0.000176644478562315,1626
0.022416591445720148,0.026610334701908853,1130
0.043300091873287906,0.013361060275167395,863
0.024519783113351346,0.0605734676572786,1159
0.024309630866689323,0.023273418336596463,1071
0.028283460805248434,0.010551820612919307,744
0.02498057149434956,0.011465956091416383,969
0.012978020531372484,0.009977172888623945,1450
0.031739721685785496,0.02554038935500437,696
0.017521067042831216,0.03540077221605381,897
0.16769342741295595,-0.020719759204916418,495
0.0,0.0,1669
0.016884332227445432,0.010152664439093096,817
0.0,0.0,1428
0.04034611983529508,0.0305289151736106,263
0.0,0.004532160862845774,1346
0.0,0.0,1433
0.08082044735445928,0.06025070479813844,154
0.023687888356006423,0.02026846755064538,604
0.0,0.0,821
0.014594387715871139,0.01671323651420877,1005
0.019495745370944062,0.0225199287666489,1036
0.04457752500028491,0.020621840495779014,337
0.059177619747348746,0.003245431220449643,315
0.0,0.0,1466
0.05813271869725155,0.02558017543085083,848
0.03077640183181731,0.017389362768042687,793
0.07825447411352693,0.008665745804483345,268
0.02827038530226722,0.0197142223950104,1031
0.05389999878094227,0.027905877168321075,569
0.06572081955246784,0.028754422500165886,282
0.04550720587159288,0.015184281662952876,104
0.0,0.0,1298
0.08863955204189801,0.02824209588705638,297
0.11668165268676857,0.058570548825224264,232
0.0,0.0,1481
0.11629870164979554,0.03791657603500404,728
0.17826860708052863,0.08385153127698027,27
0.0,0.0,1475
0.013997745064604775,0.0178618924773972,255
0.34696194553560694,0.04577425854715833,231
0.08732444011361204,0.04905509001970392,761
0.019369369293608572,0.05247685891968866,987
0.2172871438252131,0.07434683698730188,126
0.003772106378107546,0.005819509816898758,145
0.023748040919481378,0.044113761949419315,1302
0.02332189245467851,0.016147460138809407,556
0.0,0.0,1480
0.0743036638390021,0.049371590895544694,256
0.0,0.0,1317
0.13352611210468837,0.09477935982543755,714
0.01587466040842186,0.019775766235008433,145
0.01197005153570178,0.01103180477710759,901
0.09935214920994213,0.04275183281442497,677
0.03247374942254362,0.02129461225080987,1047
0.16217730715221845,0.03829842401334978,419
0.0,0.0,1325
0.11604169705605426,0.03957140273066225,94
0.0,0.0,1337
0.12040378397923504,0.021265743899182482,442
0.0,0.0,1600
0.0032959792665131537,0.0060519724714253285,1265
0.0,0.0,1636
0.09246371434938952,0.023714639464006235,695
0.0,0.0,1537
0.022957012365756996,0.02771515444109016,876
0.08110575471228529,0.050548231002739655,57
0.06038247450388646,0.03446549732097003,381
0.0,0.0,1188
0.11709142381114714,0.023157904751503543,495
0.0,0.0,1488
0.10421363313853066,0.019013414303238135,215
0.044375773903979336,0.021278098645176012,943
0.0,0.0,1365
0.0,0.0,1613
0.04510376323666347,0.015559610367910641,744
0.0,0.0,1323
0.0,0.0,1512
0.019991867198670802,0.026963002960820184,971
0.0,0.0,1402
0.07023295593140572,0.05003147109642519,580
0.02244472483136357,0.025515744729088394,850
0.07132567073943999,0.018904871551629048,832
0.11337840449095028,-0.004059900265827141,672
0.0017139379839221905,0.0044925501623783405,1433
0.05100738137937563,0.010868358886679023,439
0.0,0.0,1495
0.0,-0.007488810010459851,909
0.05760402902931556,0.04288599136276747,272
0.0,0.0,1557
0.11063094999075097,0.05117999568370106,57
0.092897167892944,0.037241251320328926,377
0.001489362964817038,0.005144331356154709,1415
0.0687983260873322,0.037090355350032925,649
0.00585940438902739,0.009295225008719522,756
0.024771597476038822,0.017486815345614116,459
0.0031031433672152127,0.003214648230237549,1458
0.05722523568175869,0.026176160521360934,830
0.00043822870593172836,0.001055981178965872,591
0.02790300594227287,0.009052997164336846,1139
0.020550824111028886,0.03246903039612387,1068
0.00769276734508756,0.014188930463247082,555
0.1801953105610434,0.04261548717223707,603
0.05322063609754812,0.03911945118234294,476
0.018885532370998874,0.01879510534474914,1059
0.03870308171144989,0.01724224752869819,1264
0.013877730732296686,0.02235888873679805,717
0.07576710091548414,0.0158051092772807,517
0.04800897267679252,0.039465193938284814,289
0.12593896387003328,0.009280718913023032,417
0.04846726172072291,0.04439274982518234,981
0.0,0.0,1122
0.058465435833873716,0.04435086111117836,475
0.016448574408139884,0.019783494145645526,811
0.0,0.0,1489
0.0,0.0,1232
0.016157745164600217,0.024583730092144936,1028
0.08353292576461564,0.05262861446965,287
0.03536345174501456,0.04464161877148215,633
0.06778898063828595,0.016926734009755452,400
0.04342555292130892,0.026628531519394455,1051
0.037306743856721024,0.04313087399817288,748
0.0,0.0,1442
0.0,0.0,1354
0.11593004267806843,0.015211839364790496,512
0.04300216003720019,0.029641344916926635,765
0.03896216383859243,0.016622365869626975,543
0.0070842240188295335,0.013187352138309804,1213
0.08629270118082076,0.0065815870772162315,707
0.01613491862943285,0.01025470759046307,1178
0.04106558664157846,0.049538760584527615,306
0.0,0.0,1451
0.146533496050237,0.011463458070298997,177
0.052363958027653756,0.029218543405469356,1015
0.015227606731793181,0.029911244896322693,753
0.0,0.0,1616
0.023454731740344813,0.0007167664766372078,423
0.04871307149146295,0.03484553604736067,1290
0.05420427435751488,0.023390288726012388,805
0.04774593476835792,0.013869384727991079,637
0.01450034099917203,0.014673980700423339,1299
0.017726785870647986,0.009718460926982243,1106
0.022650516521035294,0.017192700927610372,978
0.08538728283937927,0.08617365759977924,270
0.06487953303160722,0.055802294328964,342
0.13206507457393019,0.04709425315033052,167
0.011201983060572039,0.012349629916338756,853
0.01581166024939609,0.011793235244648113,1350
0.09210510785098974,0.037695987660343204,941
0.021052820098553294,0.02104911173848452,1007
0.08514527675912006,0.07019596219034739,326
0.0,0.0,1505
0.04764483983852991,0.04097690781420631,639
0.004038501553771257,0.003977383142178491,1482
0.0,0.0,850
0.009608676383010146,0.007467070396958604,926
0.025868575033233213,0.002390724037733609,1247
0.0,0.0,1625
0.040643227507449364,0.02737221843832396,622
0.044494714244671094,0.01642996929302361,778
0.13352467576073507,0.0032135970726745017,660
0.0,0.0,956
0.0,0.0,1541
0.0,0.0,849
0.01541290469733791,0.0074655789591122675,802
0.027657836868732397,0.039620081775679494,979
0.02374342683066019,0.012498333887610557,693
0.03364936659329023,0.019660354688515957,1156
0.04544071201853267,0.013005901546746305,323
0.0,0.0,1204
0.09270508311127,-0.007138580044368303,429
0.1823253107580452,0.07787182445872846,93
0.0,0.0,1389
0.0,0.0,1659
0.0,0.0,1662
0.07244007779459363,0.01564156058149299,166
0.0,0.0,1339
0.15144730747057125,-0.009175272260819316,483
0.03678992777778641,0.01624204817313433,977
0.0,0.0,1574
0.0,0.0,1506
0.031103357338177002,0.010852316481774666,703
0.13099420819652946,0.010711528628666311,168
0.07260116040789995,0.017672690135027324,711
0.047287243940541665,0.008734064473999995,315
0.12014232697787955,0.028526135957372026,505
0.04592957236651469,-0.0010244764045404433,848
0.22642157577649966,0.1011727035996996,194
0.0,0.0,1326
0.07903606240708982,0.05224200213936045,940
0.0,0.001637911886138132,1654
0.034080866387733076,0.012147447939248922,302
0.0,0.0,1590
0.01015288502666761,0.0033113669742043305,847
0.0,0.0,1444
0.0847561800339328,0.06527342329625938,370
0.0,0.0,1590
0.02280494491400208,0.02196856757751583,542
0.007320020007437882,0.015667639085015388,1315
0.029659223425600054,0.027516109108208286,494
0.10049256442253482,-0.02845478893855208,671
0.03441567506795505,0.02163391554236701,688
0.0005396225106105024,-0.00483809542035939,1409
0.022220507251032123,0.0018750593418930721,1284
0.054167315148859446,0.0188581287558886,43
0.023811094781303836,0.01989703290425827,1224
0.015031767490546053,0.006387813720265412,1494
0.009099502359264643,0.007612739774576472,1194
0.10334118326382542,-0.002440729868954357,191
0.04192668820243089,0.026593200168813003,1024
0.10179877252691202,-0.04344432258435949,234
0.0,0.0,1366
0.0,0.0,1558
0.05715651493661273,0.053848519381127745,200
0.0,0.0,1660
0.01328419548020632,0.015635037159930264,827
0.0,0.0,1666
0.01989396514508318,0.016822755053708373,1141
0.044335541971856476,0.027304478815425446,573
0.031176094904234442,0.017235873405810002,307
0.033375951435063694,0.017298203691840493,759
0.0481721396420992,0.015219447112585924,701
0.0,0.0,1101
0.06890897464487425,0.04102508800083767,4
0.0,0.0047355358495834495,1188
0.02064950375457582,0.044800205386511,831
0.1682385654303378,0.054303051768840364,93
0.06510154888888556,0.03759283361845178,925
0.06783514379878382,0.017300331704983584,390
0.013593737489635226,0.010168559819656855,1206
0.04005899220479617,0.017280151909585945,394
0.0,0.0,1581
0.0530048341032972,-0.0025777088115175183,539
0.0583221834822257,0.05076579512981241,248
0.0,0.0,1174
0.06489991128180206,0.020472310020044338,943
0.12024131056116064,0.03747335836770364,1187
0.025878586229308317,0.0159627626838495,1142
0.025821823573985526,0.012308287163832941,15
0.05058519582473747,0.023737738465190165,367
0.08601121149041827,0.0565510587108341,430
0.0720531946224632,0.07787586556850644,931
0.020766505499999463,0.012027633561748345,1186
0.016783487740496924,0.0069286500317531,1343
0.042031805687790746,0.047365573770592015,1097
0.0,0.0,1404
0.05482692038003069,0.013092603262748938,941
0.006056621090693792,0.004803252972183434,1081
0.10759145023550705,0.0047093719555367074,51
0.09339961595332111,0.07599554218997695,747
0.040625709862653264,0.019037627751163647,1012
0.0,0.0,1071
0.024758070757118233,0.013558316992053995,617
0.18045858636970816,0.024514479778601266,402
0.08926389095818837,0.08508035606297937,199
0.04848562352276878,0.009915100931718638,1207
0.02907686987403132,0.01122873729658614,303
0.04658598462125577,0.03266706609355377,1060
0.0,0.0,1572
0.11896205185973459,0.03286158438689878,403
0.037522551561814985,0.033628669847072606,594
0.0,0.0,103
0.0,0.0,1232
0.033212754828582935,0.019223836164650947,1108
0.0,0.0,1383
0.058255331628048565,0.031368324533289964,976
0.04157483349537224,0.0002399203697898845,706
0.03709958097882916,0.03371495033845054,1059
0.0,0.0,1242
0.0,0.0,1561
0.014186527357564222,0.005983817210746792,1470
0.06962107403855465,0.04005647956145875,253
0.0,0.0,1520
0.047923688493156945,0.010007949933015325,294
0.054589179824587275,0.07618163625350523,696
0.09808651441092499,0.010815006793038448,489
0.014483564554958204,0.009780707378741685,1210
0.05847460095044456,0.03102422897364249,494
0.07719474524104651,0.03132411136411883,275
0.10326985197759685,0.055719858189215724,120
0.011789360674969988,0.009864792554625156,820
0.009509534481844543,0.0284257683188403,984
0.02393077564139695,0.008142686560947902,1302
0.0150372064084431,0.011065139898675585,1487
0.03559521892719567,0.02988128776330992,736
0.0,0.0,1616
0.020425302383172545,-0.007153432151096928,341
0.0,0.0,1389
0.017871571426663842,0.0006791637370005661,1508
0.09481548089355488,0.057409541986877685,89
0.026350432927194897,0.007231498175683561,111
0.1769920721472188,0.033109138948587594,41
0.0,0.002539928185054989,1113
0.0,0.0,991
0.002184200609321623,0.0006442054388100939,1001
0.04061049913829801,0.04956342831993786,952
0.0,0.003724097360837967,1390
0.1679398243028362,0.057088040830009255,264
0.1135073619120152,0.0592621864165877,330
0.0,0.0,1637
0.05210165349692645,0.03440709631698444,675
0.01022616822296966,0.02975970488823024,1014
0.048547025827242775,0.0241578085042749,750
0.07524678500283573,0.04430032180809464,723
0.0,0.0,1369
0.02104825855957808,0.03806303383176097,1059
0.04468267404038818,0.009564346198340887,996
0.028334263731534772,0.01588725167204951,952
0.0,0.0,756
0.019279473520393664,0.0025658831302792775,1520
0.03240460864544058,0.03598212463300503,1312
0.0,0.0,857
0.028919326429315984,0.040454036957637905,310
0.0,0.0,1599
0.016265400711684898,0.0014736987518684263,1167
0.09354610636071116,0.06500558437655879,630
0.0,0.0,1161
0.09600601514694751,0.04030765691691748,56
0.0,0.0,1190
0.06673628908349402,0.018595541561460694,562
0.09565884850385438,0.06082060003180474,219
0.0011379954514171918,0.005508443477469157,1559
0.012303370463100129,0.007678404626271092,803
0.022427906863807332,0.00794146238630044,328
0.0655943880797961,0.022135285460185943,719
0.10553588256473245,0.02555826902509471,691
0.01754475763133995,0.007841882333013955,1310
0.15952562743804968,0.02824352811483727,168
0.0698359715401644,0.014610736452337786,627
0.01563981150498413,0.03126406035234108,694
0.09102168624718285,0.02906103002059885,30
0.023045567626656098,0.01210918563193986,959
0.08968791836145637,0.01324300223523232,603
0.0,0.0,1129
0.10097872130512643,0.030401784333457586,515
0.03039693606025072,0.03228463732827531,333
0.09953426446193046,0.03066618371191751,692
0.119179237200622,0.023376651123238563,418
0.01226516696376091,0.017839581278361036,679
0.0,0.0,1145
0.20597303385131444,0.04703700017848492,650
0.1497062028932479,0.05900653755904265,692
0.09205401178829993,0.04968698067552343,268
0.04389406024900773,0.020709123744338108,804
0.020166786124637136,0.013503211000330058,1091
0.0,0.005355720160799272,1437
0.0,0.004397906749779253,1431
0.264840519010666,0.04771813596708118,172
0.11574039957108391,0.02406086960666984,41
0.0,0.0009118347179362965,1329
0.07941665005414765,0.009291336897910209,603
0.05336694493207747,-0.0066195806875943885,1089
0.02142710859171288,0.016141814688884624,1165
0.08543443503336605,0.039053083246701814,136
0.01803910027708039,0.02110739178288212,771
0.2113049325008064,0.055458397479042354,519
0.1353244106890034,0.05451953456089997,651
0.0,0.0,1597
0.1357355079037069,0.06958198078964282,788
0.0,0.0,1551
0.048738412890643644,0.011328231812239773,990
0.1142188494955688,0.011017995102544446,938
0.10322838752330969,0.032388026519467226,124
0.043856340854070266,0.04156654399257919,254
0.044515409046818125,0.013679644110570592,718
0.02564788073761116,0.008069805062508411,1448
0.1334771372639321,0.07978992185403705,196
0.12686877652796974,0.005664258091910185,123
0.07241418298239392,0.01531817200958025,224
0.014567568841470565,0.010711016544836824,893
0.0,0.0,1522
0.012082350321071869,0.009364617676985355,1251
0.07925886666052831,0.02963866104539652,267
0.11582588944764871,0.006811335721057504,522
0.1050849103132169,0.030463714447674255,414
0.07766784162190225,0.04653944545974416,282
0.12896538428677437,0.07189108934984742,450
0.03473030031551978,0.013493563896896175,550
0.0026484458554411334,0.004333214049930262,775
0.07054517634444024,0.05390738421489261,855
0.008991355094581776,0.0052632009207071225,775
0.01577661830006187,0.016766285928413456,1083
0.10274145162272158,0.0596236498226821,1015
0.013060203846791593,0.01143573537728719,620
0.015365383380376924,0.007207700634672265,847
0.009096034105978975,0.022902663384725352,1396
0.1250670590347123,0.04406374101436966,422
0.04550171702208863,0.038323553160387595,766
0.02506374701189973,0.030682339486345266,828
0.07160140126664935,0.0282543792508955,548
0.09374462779746166,0.07002714463622212,761
0.060708367308444415,-0.007122467793111247,170
0.04488018433935244,0.03692950520472444,205
0.18225498899610448,0.007344894508661527,526
0.14425605692022453,0.05354083961685658,865
0.03515160952850676,0.0226501440945858,769
0.02685161259144322,0.031089352064732744,1076
0.20417628491256992,0.03241764794138382,180
0.09274178630331188,0.016350896481748315,498
0.0,0.0,437
0.012445308388215802,0.007626593959091977,1131
0.03572340806306763,0.007277297954276396,932
0.03159205383640212,0.018825920986831616,1196
0.1102537927685642,0.04683842977730433,201
0.0,0.0,1540
0.023315182692233177,0.00827374215099348,1128
0.1429199725960044,0.017462837261926448,312
0.027669682576155874,0.015997974430123147,895
0.052804298276160226,0.03849706241535229,822
0.05767847069148841,0.019007085450610296,355
0.01131484049657362,0.006290944002731229,1085
0.054583486687468784,0.018781156821952177,571
0.022544104834281056,-0.012993473279529006,1184
0.029092227448458182,0.011575757717486571,1008
0.09102596315128547,0.020094396956659686,1230
0.0,0.0,917
0.007534485655074671,0.001981805879873542,1081
0.03365356485704086,0.031066492032742622,1077
0.04724735460474111,0.06458950366978469,897
0.022993084899253155,0.03402532352039408,680
0.02897669120756692,0.026888210503977373,278
0.1877063324809901,0.06390397659542219,271
0.1297192448001704,0.0270361409246989,41
0.1486801248196578,0.030107688057550017,82
0.01733352833171276,0.017180892536417264,1290
0.051764455812042955,0.02896700403978164,778
0.1203686585022093,0.06782078657201189,819
0.03563790213523728,0.050198338713641495,107
0.1236690054212133,0.024332291837999603,86
0.028798220675140495,0.05040741196084037,344
0.0,0.0,1325
0.07924917958466388,0.07973614987320235,236
0.15512544047826002,0.01856986046430114,222
0.12256797747607816,0.0844784372784653,90
0.0,0.0,1291
0.0,0.0,1322
0.009893072004794126,0.01936435779966894,33
0.03334641518708519,0.03328118652832207,1094
0.030551685662363864,0.05286087834867065,1282
0.06049549006667183,0.043777422214384396,283
0.0,0.0,1002
0.02790592166718689,0.020493839209174667,1088
0.029723940718734285,0.002818580670853244,1035
0.14327250358947144,0.08647663170420879,185
0.008022075084281675,0.008551568484306864,1104
0.01899433311586243,0.017381393092983644,850
0.0038445825955539643,0.0035691725269391306,1213
0.021650670530298316,0.025131036520247136,947
0.0647970234923159,0.039604249040990684,58
0.023263974007282355,0.02694576079495735,877
0.014444609991535256,0.028287608102186293,421
0.0,0.0,1324
0.0,0.0,1504
0.0,0.0,1512
0.016937296369333523,0.03336462945066619,1511
0.014740155082592592,0.0041486583546319926,835
0.0709720176774722,0.018140788923362204,721
0.034285690356353905,0.04637231697395294,1133
0.0,0.0,1550
0.005440193525048665,-0.0012314126352041194,937
0.0,0.0,1490
0.08906472078973987,0.050304803732683,200
0.00371807998420645,-0.0034012316962586837,1516
0.020682093087938634,0.02467141453300274,634
0.08483343300580452,0.07337118433612821,346
0.0788050901140113,0.018449468566367346,741
0.00765502516544202,0.01072918769737168,1530
0.13029014235836642,0.04177035353076258,402
0.0,0.0,1536
0.07080822908097767,0.03257874958856232,684
0.006910090546424148,0.013304373920266682,358
0.027163681761609496,0.046257002521595494,277
0.09669983643022023,0.05310621935566614,475
0.050787702342279424,0.039007149752526366,1472
0.08699343973449045,0.021941589813311627,529
0.21638732277882716,-0.06227248056263112,97
0.0,0.0,1023
0.026566262870224656,0.03340297355394909,1024
0.02449890518289297,0.011481749403144023,1313
0.06539793369544766,0.017241371624709165,498
0.022123578549615483,0.014289205787310631,1108
0.04362474103156348,0.01240483209780424,612
0.0,0.0,1311
0.0,0.0,1636
0.11993054512997507,0.042047419511139,123
0.041626242416973644,0.014569337986721725,701
0.0,-0.018334517282360192,1466
0.041112872523207784,0.02716475065511573,1090
0.0,0.0,1323
0.14038871251279278,0.0673997026085574,3
0.0,0.0,1401
0.014121919805922192,0.004009734772100106,790
0.060424364400481226,0.05738258273264736,954
0.0707632045933342,0.042867318896442005,1
0.019830563601941777,0.015468732418490744,1343
0.013036906579045628,0.005911441937567152,871
0.017680835824515267,0.016712824588195053,1114
0.02034075353952644,0.020076374621279976,1131
0.04123315653951735,0.004885641620157637,931
0.0,0.0,1592
0.010246438050993737,0.010458644248202689,1150
0.0993819385587599,-0.010376516578183457,938
0.0,0.0,1465
0.018355178374060567,0.008991318915081316,1039
0.02778324414577243,0.014197711655722306,765
0.14917602543389627,0.04513188099558366,427
0.07894271790182492,0.03148388166976209,297
0.03850204225665959,0.05462592239293186,1424
0.05407483693271692,0.05019772637214682,476
0.0,0.0,1413
0.0728373235305516,0.0436374902161171,280
0.011456162043203103,0.010545165854557064,1534
0.17891881039807572,0.07305601506609465,11
0.05110158434237092,0.011700740160352913,247
0.017290888363155885,0.02442620863649446,1162
0.0,0.0,1578
0.1515248098869446,0.07149733527133781,429
0.0,0.0,972
0.04498640924609128,0.008118078136042014,795
0.014896443243908155,0.0201802157219377,1107
0.05216370651570695,0.01053302784636445,1214
0.003808467614178194,0.0019653356403141237,1153
0.044343285709125935,0.01117218659276931,1209
0.09193953890217128,0.006360072722618914,515
0.0,0.0,1444
0.021266166054266313,0.0307346625138655,310
0.03945700595874382,0.03424503061232997,335
0.1160453973207004,0.0661782060357221,0
0.06323387056189435,0.022292724642039147,922
0.0,0.0,360
0.040589636991909143,0.022644825804991206,609
0.011539597982583177,0.004404343608602802,994
0.022435731783886602,0.01077772134608693,853
0.0008973321150117477,-0.006957092287991136,1473
0.14372360318915212,0.08984930024093996,331
0.021600624279731022,0.03580652976094039,371
0.04660132222012133,0.02652020699711253,711
0.0,0.0,1601
0.026276309752333898,0.030239445407282736,818
0.01914614234724434,0.01610503859595521,1418
0.03718149501374907,0.043238111759679426,552
0.03165261941742524,-0.0024077560763112096,375
0.07996320998620528,0.02191011906139965,113
0.17264705714274686,0.02586423917658956,356
0.0,0.0,1624
0.008507063797841306,0.014196573103586142,1403
0.13037685929244786,-0.013426109384782484,123
0.010990773608670843,0.00851189235170713,1257
0.0,0.0,1462
0.06404300553139203,0.006840880289967972,433
0.0,0.0,1190
0.015326974654998327,0.03704687815291749,1159
0.06175875028939632,0.0349200575379279,279
0.038439955242095925,0.02000161115964437,1228
0.008577170115446371,0.007277641309693385,806
0.01663218193397677,0.03526481836644645,1159
0.01721506182150716,0.006288410615847076,1495
0.0,0.0,1644
0.0,0.0,1387
0.07273185680934763,0.04115492640492528,23
0.17077124291861778,0.19297006820499368,474
0.05878536399490851,0.02871898638289695,758
0.21679941907438743,0.034097074975312586,481
0.10770471236114797,0.03600729301864537,37
0.001108973935956894,-0.010497736561827066,1126
0.15664309223823464,0.04403877138694066,503
0.057521787705949734,0.02601408969089017,782
0.08572763411983761,0.07066063911001519,188
0.030504991539628115,0.03686885073498027,243
0.009508191238541032,0.017401765811870664,262
0.029557671516998837,0.015392520516568876,697
0.08547113468084389,0.020377641656721932,548
0.07146618598165089,0.01050828261777742,539
0.025323823628765372,0.036214461288334686,336
0.11481497888393107,0.03605609592538916,678
0.0,0.0,1452
0.13992827044351822,0.073295051483883,704
0.0950471691536305,0.040159542200605594,692
0.051605560949965115,0.017570123366026882,443
0.0,0.0,1630
0.15009859839307438,0.07331514824819411,141
0.0886870024223682,0.004503809117087548,504
0.0420486919540424,0.030363179404841137,345
0.06673792131186995,0.021704927068632373,755
0.038064933389175395,0.009583214231312375,1284
0.051955409730589826,0.03167586945264164,357
0.18754092629200234,0.04402642469342295,491
0.0,0.0,1315
0.0,0.0,1580
0.0,0.0,1366
0.029428634046544843,0.023532171768821764,35
0.051836745321998015,0.04079072015699992,561
0.0,0.0,1455
0.08743799367388112,0.04292952155650679,153
0.022059219139919914,0.006806344104130649,996
0.14296298979829852,0.0307937555213166,585
0.039334089865883916,0.0003728978195397148,576
0.025298343141932723,0.015477393302401292,792
0.0,0.0036381501465069413,1635
0.034783150508439,0.03484710214189334,253
0.09866013723923751,0.01761968509487732,789
0.005726320987667042,0.016122282724023464,336
0.05015296724857783,0.028380750580642225,1138
0.11975234942521398,-0.0008698372130318206,238
0.06902414979729472,0.046428744526566375,475
0.0,-0.01594735738953455,1397
0.027817879117906796,0.02345694181669505,1472
0.040640143547341225,0.027081800796179913,289
0.028134158383223494,0.057445318345046126,278
0.03494675529863895,0.012475638464575995,667
0.2879298323597108,0.17468039970015925,153
0.18235612881183183,0.02847443971057893,65
0.08752120986106254,0.013730602169371704,559
0.0,0.0,438
0.006120363298504888,-0.0017091245528928624,1474
0.0,0.0,1405
0.0,0.008379198416473495,1332
0.03802362739190674,0.03067226665117882,562
0.021078885026909314,0.013809986302608603,699
0.03441477227136237,0.03412048115532377,35
0.0961717506737205,0.06962366811139578,581
0.03512865156729182,0.04497683528286524,694
0.008051143209472693,0.0016168240574203348,1278
0.02452415298190123,-0.0007419271173940193,537
0.0,0.005894625072466591,1568
0.20701662197597187,0.08908988626342235,187
0.003086594516161372,-0.0010635908944573735,1263
0.0,0.0,1547
0.0,0.0,1356
0.039872693009611264,0.025540708152466306,250
0.01736966749027188,0.02357319905438292,373
0.03400829647622245,0.04566327293523932,1068
0.0,0.0020214870444704323,1552
0.008758716010516119,0.009215304544318135,535
0.016213799157555695,0.011656875404907169,810
0.0,0.004075442529898287,1338
0.015353185873122155,0.005596943166015655,1530
0.016083466097590808,0.013053637030621172,934
0.14167104982816367,0.05037038942038064,506
0.0,0.0,980
0.04372358216868892,0.010081885124781271,394
0.0,0.0,1392
0.024564169057581967,0.01792821281240889,953
0.06921310916889536,0.05316776625500288,213
0.0,0.0,919
0.0,0.0,1376
0.04453461983707555,0.019231583937428784,1077
0.024808444098166526,0.029767192040469667,235
0.12202471849849493,0.05624649695965981,618
0.14042451340307513,0.06203411852511887,152
0.1412525250863362,0.06230920682551398,511
0.1627173292921865,0.03853980313666613,169
0.0,0.0,1509
0.015105312382032023,0.008992739376300298,1168
0.058870548164537476,0.05109383992294929,362
0.0,0.0,1311
0.014829052848354946,0.02527131883965567,351
0.0190604094453295,0.016097537251816795,732
0.02463916460335436,0.010124138508635918,868
0.060774700922778015,0.020545870359929632,391
0.019180428897326154,0.015310639708366077,969
0.12422237945382227,0.025210014535334748,224
0.025200201038866263,0.006941775279584643,828
0.048917760217130686,0.028456474377860325,345
0.044515409046818125,0.010675175554764856,939
0.17546638573527248,0.04836486044861944,238
0.04575223773000264,0.04368678044797336,968
0.012577850527836956,0.007437628378082471,1284
0.15285456163698305,-0.025702606946490722,190
0.0023156326751011796,0.0009378636396039096,1147
0.037352918082554205,0.04221010986436288,948
0.1341391510400991,0.02265662317254921,214
0.06070995398162476,0.0039274746774342105,523
0.005506698789214534,0.009512513571185526,1246
0.1046848639628071,0.03810447716353146,400
0.0,0.0,1370
0.0,0.0019794821896305004,1500
0.08771921999325123,0.024039068290249245,144
0.12449936663259194,0.06009326849188063,240
0.008045377307104975,0.014472252870114026,73
0.0038120321905827075,0.015313672849689946,336
0.020804123160895225,0.006319896239366655,806
0.17538887502370581,0.08389364583441977,199
0.04952109328283512,0.0057711741472837655,305
0.04003326082678775,0.008606681946977711,640
0.02179449579474386,0.008889247363338999,1434
0.15784366785942291,-0.003924160526025292,653
0.06621015771266044,0.021767938805042596,767
0.05097026375185711,0.02785307291179706,773
0.14211048481925853,0.003767342904298099,231
0.11710938519601953,0.027199871631823677,230
0.025404452709471528,0.025883665437694207,985
0.0,0.0,1389
0.06385307678702866,0.018731585594097145,20
0.09293454614395927,-0.008866972358296692,284
0.05785625462796689,0.021196522166216848,568
0.0,0.0,1259
0.0,0.0,1651
0.0,0.0,1382
0.041907306694089076,0.029434375020907604,1089
0.055298226707819274,0.05178162256452548,750
0.05010184151611352,0.02452706574253611,254
0.013886747323587337,0.020483076012444788,334
0.0,0.0,1613
0.04978329020218591,0.06375709218472901,20
0.0,0.0035919022439541556,1536
0.02767866533663875,0.010979660379111529,1477
0.029191842382389588,0.02706117345981212,542
0.03811297313420083,0.03021422499368563,566
0.07389138346915423,0.040285806873311965,823
0.015069861522105071,0.011627564987347842,1438
0.0068310743147928935,0.0018932536628838534,1042
0.11003744958889917,0.0214087101502563,429
0.0,0.0,1527
0.016986809678879885,0.014462145930618115,1171
0.17427525534009977,0.0551388130221756,138
0.0,0.0,1307
0.0,0.0,1678
0.12323244378761876,0.10852054870695695,327
0.02138258132568574,0.01736753516074792,818
0.024358022412526215,0.016550760140561664,818
0.01742402123201493,0.02996338256176152,1244
0.07398067636147221,0.012541853915188063,933
0.026398444689015713,0.01127339629960014,1033
0.03856615269076345,0.04397873178070121,341
0.0,0.0,1650
0.09822085010472419,0.027373410068533083,110
0.044987781480022866,0.018641090981247905,693
0.017602077413666928,0.030299650391210114,1206
0.054831935090799436,0.01643830706456427,1019
0.024235377824999453,0.02109482729616073,1091
0.018908594349346265,0.024440742903590634,990
0.007546697578408325,0.005998242090606582,114
0.06297256508095699,0.03012667046452679,622
0.04412387884011143,0.029835612387850537,1108
0.024928854164191567,0.036624577319819364,1044
0.10685229477902317,0.02134233196859594,447
0.05583165441275551,0.03282023441598498,818
0.016604360711970884,0.023273378544649552,102
0.07319521639741092,0.03366153895459503,875
0.043255326217776904,0.018633788858484206,1406
0.011904362667971314,0.014457841182544345,1433
0.0,0.0,1376
0.044029251189935406,0.019291323981021638,648
0.06884825698360933,0.026763392435968113,501
0.1332514137802554,0.028818440327002197,189
0.18778031635627698,0.04238070467070953,635
0.0481834255236542,0.014650801161023394,485
0.11685863185958753,0.024291390680537994,402
0.0,0.0,1382
0.0025942185791134275,0.010978417974940397,1380
0.0,0.0,1309
0.06465390616558908,0.0466132419807023,839
0.03628493046050087,-0.0012179170128341675,607
0.0,0.003313837761192243,1461
0.03052969660636507,0.029055097627236657,1128
0.0666011017565617,0.05593635850150464,552
0.04491996854542011,0.009903378592597724,724
0.0,0.0,1630
0.0,0.0,1422
0.06164022383960758,0.045824453673313795,543
0.04946589527669262,0.028289256877072778,1216
0.09215156351511151,0.02903133341497959,789
0.012368102456156474,0.0007265986143784397,1186
0.0060128194068427504,0.005764604698648875,1453
0.009576193652079158,0.013837213017849084,1251
0.020833160020213615,0.017534661681909192,1205
0.0,0.0,1561
0.011203773518720523,0.006412146947013107,445
0.11301718895548149,-0.006066326974984912,284
0.0837571756917033,0.041396066220181854,256
0.0,0.0,1557
0.014434309269461768,0.013527321042318406,1604
0.058967806539898665,0.015590460370126714,540
0.0,-0.018415322499126117,1659
0.02601812043946817,0.017518553193199258,1243
0.05102964116067891,0.03784825648124836,644
0.05431515198182666,0.02428789776566189,720
0.16714427754995193,0.034160434444250265,653
0.035967609838659396,0.030093407799327593,1009
0.003921068001810608,0.0234857706704646,1538
0.06395865733983815,0.03083314987417825,64
0.03877247642502994,0.031322120182412795,302
0.0,0.0,1493
0.034167774785692544,-0.012234240176318667,582
0.048901081763046104,0.02503059729806417,38
0.04960743823251124,0.015562379563979292,494
0.045429069429347116,0.04585021923286681,339
0.0,0.0,1339
0.03172615794536693,0.00773010865664205,826
0.018717939052758842,0.007289207110063429,1420
0.06570124991703194,0.055843233424566,20
0.06887686731294626,0.04312148720918484,615
0.02805095748873136,0.02021591692575109,298
0.050896380915444774,0.032642993895954604,626
0.0,0.0,1541
0.07510792054415648,0.07770677347759009,287
0.020184009038490276,0.019604941201921657,265
0.048807650604445266,0.017368798525428584,1077
0.039732891179676245,0.02891370730443773,330
0.007365923177784393,0.017184255406601123,1253
0.13778577067398567,0.01031309148968205,134
0.06932476643336628,0.011382194324373355,844
0.0,0.0,1537
0.0,0.0,1330
0.02932061675332331,0.008716468526605613,784
0.0,0.0,756
0.010780672898229149,0.013938637296512688,1201
0.0960914852762751,0.058039510762996904,117
0.0,0.0,1460
0.012061964251638354,0.0020852346636359956,1005
0.15171818900472928,0.030579540546160133,55
0.03211222945113458,0.022548554263198056,344
0.1341758094220367,0.0477541616040333,734
0.0897538222270529,0.048883370160405025,988
0.044617473512929474,0.022152218534085336,855
0.0,0.0,1025
0.0,0.0,1292
0.010448125497137853,0.022644558140090462,915
0.10593155463577499,0.020254018899931787,658
0.10023514058757628,0.01770115922646231,647
0.05264507983049487,0.008941407906212345,724
0.0037017784075284448,0.020401750460406685,776
0.0,0.0,1422
0.16330271390530313,0.07376688798590393,203
0.0,0.0,436
0.04584896386906013,0.016548189765654118,721
0.0,0.0,1628
0.017298079034435917,0.015598278369845228,1116
0.023938135031952426,-0.002435287930972074,354
0.0,0.0,1258
0.00975409745569387,0.006417154718582842,916
0.0019006440087696334,-0.0023905908611196115,1321
0.0023256033524268584,0.008766782399597764,1267
0.0,0.0,1514
0.09428528579774591,0.025387248531845267,1209
0.0,0.0,1318
0.0890906453059084,0.07560238877714069,762
0.0,0.0,599
0.03273837574218883,0.014123926064406437,1148
0.07298105984802601,0.01566001439943508,655
0.0279964381892176,0.031023156968401782,794
0.006599570343069156,0.0032340476518882347,979
0.0,0.0,1515
0.0,7.44331654007373e-05,926
0.061984529167188385,0.024982511088717956,782
0.0,0.0,1676
0.01137203853917596,0.011437766588198013,533
0.006217983220998617,0.00020067734539466184,1622
0.0,0.0,1413
0.005733847887275184,0.014410734911741505,1172
0.05018299357106303,-0.027100552782759524,695
0.09330596296470724,0.034270494742356834,560
0.015081313018982275,0.020874512364023136,831
0.05498994505329286,0.010952689052947065,749
0.01468182751020907,0.02036421887527526,547
0.04243171975469947,0.027213834422728733,863
0.0,0.0,1664
0.0019306652716859457,0.010325427206051844,17
0.09981079900214349,0.05102112859231642,69
0.27189367779889456,0.08332497438482135,779
0.05500688095095171,0.07027000480574529,315
0.0894831148059114,0.08130165047903948,249
0.05218634781865809,0.012002526840788398,16
0.0,0.0,1095
0.11409775520020628,0.05755533723971113,46
0.01876314185991308,0.016311400703532083,1276
0.092667007581841,0.026292709236032753,678
0.13225405711696764,0.04413971727709653,218
0.021090571119841698,0.016347297147910667,1302
0.0,0.0,1668
0.03260813056430626,0.016641493282539912,600
0.024696087442587788,0.03875507522225694,1098
0.14335522513300167,0.013591161171245404,650
0.0,0.0,1475
0.00957960954156093,0.007003420269933757,1263
0.0,0.0,1550
0.040267509477464256,0.03557904631212985,1072
0.031558134480975455,0.022851702273320555,578
0.07030155541248335,0.025722987757778322,1040
0.0,0.0,1483
0.03939971316205636,0.02209916503996109,1257
0.0,0.0,1583
0.01932691944918681,0.016469956555666524,1091
0.044826866821093825,0.009418510156934158,576
0.007813531438553126,1.3981890555064617e-05,858
0.03763510589130379,0.025921307510227195,494
0.018153523011246994,0.017878853231761936,1400
0.06601793996700905,0.025618221800157517,1056
0.0,0.0,1600
0.0,0.0,1533
0.03381734916220779,0.02139050920630029,1135
0.053685576276583546,0.017918781119879806,767
0.0,0.0,1404
0.00438848798561706,0.007314757883642698,17
0.0,0.0,360
0.02922729663103465,0.023770093660703616,1047
0.0,0.0,1343
0.0630886438348917,0.00488200492193609,146
0.07842227273209904,0.022820552078495815,321
0.04363578517625428,0.010847944300280436,940
0.0,0.0,667
0.02698819829150706,0.03709916735306627,106
0.026604898852446202,0.006995887047163429,579
0.14446467777572847,0.03654805131827502,210
0.10446031330495387,0.012482781608735513,59
0.04442397028785932,0.04842782516811686,689
0.052863316911061185,0.02611939325698777,397
0.08405763002067337,0.04462912634083112,590
0.021884254998663786,0.04556007153813925,996
0.10748831547458937,0.02528292698527373,605
0.0,-0.00804551241365758,849
0.0,0.0,956
0.06542440259013345,0.04383572663473165,684
0.004224332393836333,-0.008164018457509782,1288
0.0,0.0,857
0.0,0.006082816050098134,1260
0.0,0.0,1357
0.04576170325612098,0.024764698697827728,561
0.0058451696149167155,0.01193221054841462,1270
0.21040559804083075,0.032408980488552834,193
0.0057630085360068735,0.005820886135060374,1498
0.023405523834021197,0.01630913813845073,1196
0.012052948667356955,0.026795430384945564,547
0.10774548702271931,0.038157240451108985,152
0.06305490675308927,0.05146136101161017,285
0.018999487423766743,0.01305535683490817,1399
0.03948391997482566,0.008876960138788453,1102
0.08739965474802594,0.018999178640131665,778
0.05276015816486158,0.032049002319747215,767
0.1224467929507189,0.09089508314390671,239
0.0,0.0,1404
0.0,0.0,1322
0.10025373238819422,0.032601946962053284,372
0.03863326006572748,0.02827967410329223,56
0.05776099908043413,0.03770004883688769,726
0.07712350595546115,0.030853472625217378,782
0.11434272678802027,0.04961119229387841,217
0.03838381124608722,0.03198729226452343,331
0.03928783585259321,0.05658429754390234,589
0.008492952990623455,0.01720122420129113,1314
0.008372583251469713,-0.0010902719332869734,990
0.051554741237118555,0.0010118072094867706,40
0.0,-0.0029368418293727857,1318
0.07956122345111141,0.029466515079380282,498
0.0,0.00024350454325560518,1636
0.05692826675590903,0.01568176533949002,254
0.020243270880179767,0.012575770523853039,1150
0.06097399989709475,0.03219092934113478,249
0.14834169567075867,-0.0016131616237228799,55
0.0,0.0,1578
0.0,0.0,295
0.0533964942978481,0.016169429047523977,2
0.22995460082793387,0.024959916309458596,154
0.13373164246884317,0.031020279672885738,527
0.0,0.0060621279701270426,1063
0.05493785870137132,0.03201508999373977,1406
0.012343197258860109,0.01844788827737841,915
0.0,-5.0478541962818055e-05,1637
0.008427441141953816,0.021875163837023866,1092
0.04762032720247622,0.023957744280259374,730
0.11407395480414677,0.07186164303388856,152
0.06902414979729471,0.043963144774594745,848
0.0,0.0,1486
0.049221849981789745,0.07257215649574643,830
0.01845503352117602,0.014261399471713775,1028
0.038692400211726125,0.02393602744806685,1230
0.0677758096167678,0.03314181532020521,435
0.015352045364703103,0.01618173881682189,1199
0.20861984329026317,-0.032355303603195974,88
0.05336892523297021,0.020042705497748524,711
0.0025742518425523964,-0.0005567906767529174,1222
0.02528951927852497,0.012314812369503395,1445
0.0,0.0,1520
0.03306135673089155,0.04067649409374125,425
0.025618103403234022,0.029859142127771993,892
0.0037039094735064498,-0.0006808962863405672,1153
0.0175632453541983,0.019990029996749967,344
0.1764651386133929,0.10504321658315297,3
0.01573761270751604,0.000834758723703272,811
0.022431815900251686,0.028039587402813784,817
0.033961840938490015,0.007643558219634056,859
0.02631124649779225,0.01569390329850286,1009
0.19282665954235365,0.029565870707199442,198
0.0,0.0,1558
0.07956310804169628,-0.005344802343450233,550
0.011259415199164896,0.01433531844534523,1151
0.05874096828772236,0.01364172737168762,805
0.10295031028861011,0.05268254219636245,1027
0.15725517344427448,0.03644902859925043,527
0.002580768371090824,0.014241537554116423,909
0.0227881371869625,0.013014753024142733,1071
0.020313428822155564,0.020982470527495363,876
0.029347026147402717,0.05569011754206189,928
0.03160821035541584,0.011967545223019906,964
0.1004785698299166,-0.0011973309874660834,925
0.007237056507470591,0.0034276386163821664,1021
0.15391977175117233,0.04254264960500837,93
0.016500847554480603,0.012789469033063189,903
0.006383875383822381,0.004422533620430545,1335
0.0,-0.007552165624497705,1566
0.0,0.0,1308
0.01674156141703495,0.013908276550427685,852
0.176183389408467,-0.020611002125648155,497
0.0,0.0,1583
0.017927668316598994,0.030868274166940723,1165
0.14983997655107825,-0.011465392742706335,167
0.0,0.0,1621
0.021873102207178464,0.021761503040656608,1048
0.0040258490204795275,0.005486749415267648,1263
0.05084697136549182,0.09787040990174231,318
0.09802523786402645,0.0056588683472137725,208
0.026617512240835403,0.018044641185705743,1111
0.12258871470557753,0.028402258862126856,401
0.05258280530500451,0.0348383897073093,761
0.08537726395220137,0.08216945331745688,395
0.07771785660930487,0.00872616595180912,588
0.04937340121077627,0.026496825457395557,613
0.03577324855609162,0.02632601038516897,970
0.0,0.0,1082
0.12342105996078942,0.038050172288508134,549
0.05517972496296967,0.03871028119275176,1136
0.1367106118670083,0.023642985454613925,209
0.0837326156335539,0.017633590456269548,795
0.1491325672068006,0.06193828964455642,524
0.12688507836827428,0.01297719594247484,1227
0.20680187135692324,0.09105054171686283,203
0.0,0.0,1154
0.029827715879595318,0.016865207506346083,1438
0.0,0.0,1388
0.10550311136750677,0.03898456819760648,6
0.14766789438086841,0.035298497137991325,22
0.0,0.0,1333
0.0,0.0,1378
0.0986555891646308,0.035444897646668395,814
0.08719524105483449,0.023763231479915648,830
0.03751429152309216,0.013966473154290221,1094
0.060688179125824866,0.06707324427424674,108
0.003987482868996399,0.007258438510239117,1215
0.11948091614882506,0.0621672157219155,272
0.033119995571682125,0.014210998311115039,1297
0.0,0.0,1569
0.01307943590471721,0.009489247736450284,354
0.0,0.0,816
0.0314950419203754,0.03056391909043349,681
0.009388045839053859,0.003306587446539568,1453
0.06846361772413528,0.017016448533389628,357
0.0,0.0,1544
0.18754092629200234,0.036090604329425506,179
0.0885150426279867,0.0409372699999777,470
0.0,0.0,313
0.0,0.0,1255
0.059330973142143965,0.03085266686225267,724
0.032592595520721385,0.013361360113132806,263
0.006693640617662665,0.022979296597545364,1076
0.12617493056852574,0.08253577724576054,125
0.04748288436540356,0.02511953208263048,1196
0.0072122618828355115,0.028722675813049128,1482
0.1088879906520753,0.08415475878045793,687
0.02354776116584821,0.020927956448125614,1020
0.005530628504711365,0.005042767128704361,700
0.031093839929883255,0.044533406386181154,1036
0.08204534803846288,0.048465296467887144,188
0.0,0.0,705
0.009205975494789149,0.01542499162614021,1014
0.0,0.0,991
0.10492652503589686,0.03257067931594669,659
0.14797561764622047,0.03201998849643941,416
0.06715400417161156,0.024987025118407103,101
0.07818309590328053,0.018003162977932387,929
0.08348304419022812,0.0252463591469541,163
0.0,0.0,1384
0.19028592837647595,0.04047959942285393,134
0.11520237761319259,0.06549257636976656,178
0.08702914336411995,0.07397441589549475,150
0.04397811698894484,0.02161533094809369,140
0.10943316103630586,0.06856085738571413,1027
0.04953766911751303,0.017206750212528685,242
0.0,-0.004321554544842883,1318
0.0,0.0,1523
0.0,0.0,1476
0.10706361610897279,0.038863291951001806,493
0.0007146801055163904,0.002216203960693208,934
0.1812145599936046,0.0664121065344195,62
0.0,0.0,1580
0.00037592717987184856,0.01300217012664126,1326
0.030062615567488248,0.030264767343200796,1194
0.12138664779811652,0.06444238599518533,100
0.04789121437964932,0.01640558975815324,1177
0.0,0.0,1145
0.03759214899074066,0.014116412268551374,104
0.07600710521153467,0.023130688242700127,490
0.08397066584339516,0.03880888769951798,941
0.0,0.0,1358
0.0,-0.001616198397161299,438
0.0023345369951439095,-0.00024792840417975603,1534
0.18135874280616981,0.04603635595169999,301
0.029155272492801806,0.01874635355309223,331
0.0,-4.500253507170833e-05,1154
0.0,0.0,1326
0.0,0.0,1569
0.0,0.0,1002
0.040410052507927785,0.036470496225430186,579
0.025488650500080503,0.020501708394329687,977
0.12637033853350949,0.005646031934302239,177
0.018941035040684413,0.016915441954766627,802
0.0,0.0,705
0.0,0.0,1659
0.0,0.0,1408
0.12173331409129647,0.02727584209233691,938
0.09809285034279107,0.022140573443315343,708
0.055204523525187336,0.029978599238564902,300
0.02918315292078972,0.06843949066020454,1021
0.05263716762413977,0.04832919251802805,339
0.19687462366386688,0.04556172717426666,99
0.03335237089566366,0.007760326170803327,1474
0.0,0.0,1674
0.15254308509247366,0.09576116793912684,430
0.015933099714625882,0.014134410920043144,1248
0.0,0.0,1404
0.019120506628648722,0.025101324694400944,817
0.1340435643847178,-0.043126429708298504,182
0.017186143298077577,0.030405135844366046,979
0.0,0.0,776
0.04999236637324185,0.02738541657294673,463
0.03769380332017522,0.025492356458190445,637
0.04624017088822083,0.048093967983459496,842
0.04447386857995629,0.03792016019977987,773
0.027560287803548956,0.021170986272873,966
0.008532747717910426,0.012737281489780766,1071
0.15254308509247366,0.05364828580561701,30
0.01794341659314977,0.021576163037480823,1474
0.13245690407506835,0.06750512863154319,68
0.04747574444199826,0.005766701678007168,686
0.15739211320481636,0.040805524272179955,209
0.060348810002401304,0.025389764258261168,641
0.1039074488654458,0.03254142308475294,447
0.10022976053641706,0.050608990895515606,418
0.06245669630013369,0.0524548627278298,842
0.07272510237364897,0.029481240423151294,480
0.024667715546123944,0.017148324509045115,1050
0.10199983257225838,0.03124655075494888,454
0.0,0.0,597
0.008107565852364839,0.00019189466529899451,975
0.08843541465371868,0.021090128338426484,808
0.05076354451650008,0.04440127457326184,437
0.21472490387563178,0.023718753308586523,49
0.0,0.0,1471
0.04156991437006945,0.012464152288788199,724
0.1329043923103436,0.03829647720996999,404
0.012893105603253343,0.03912240376945097,1257
0.043235345754323216,0.027214905911944448,394
0.021311124947048517,0.021107404385611143,1554
0.059398262488943185,0.0239593566545649,574
0.017717124296016205,0.011736665436331957,763
0.040329911412704304,0.026491585833404104,711
0.05644396328149992,0.03775936931039641,412
0.0,0.0,1124
0.0,0.0,1604
0.0,0.010860057311487424,1668
0.037248136650699176,0.008124702000155418,394
0.0,0.0,1308
0.059066124772444405,0.02229959658470955,48
0.11619622132361344,0.046338808584231436,691
0.05430445280209311,0.04543720420016708,395
0.0,0.0,1327
0.05237348334826844,0.02648291077734555,64
0.05735349823641564,0.03850987766474357,663
0.038222631425564126,0.0396565631505622,675
0.0,0.0,1242
0.014497027232791252,0.013812839148616432,732
0.13526779372694087,0.045960125087085996,408
0.032287339365261146,0.026443256557341175,260
0.04106558664157846,0.04619380522778115,543
0.04219261095125333,0.02334965988317874,444
0.0,0.0017939592543568202,1385
0.06710764542817062,0.019545249111901208,559
0.020149280903735207,0.0067292759018734395,797
0.06425674753878513,0.031307353774935646,624
0.056975767294188046,0.032023344987509576,211
0.11476811090084091,0.027402216832594535,212
0.039440329970958074,0.027717361326059325,1219
0.030066042763907792,0.039259723360252956,1047
0.05876106628223133,0.01992335072431127,165
0.033138238879822174,0.025569228409427998,648
0.003175659024257696,0.00041214414445071016,266
0.0518582253712981,0.026364986354801664,880
0.0,0.0,1419
0.0,0.0,1540
0.13504023230999398,0.05788230043809266,451
0.010491280840672064,0.038799284496202104,73
0.12289575654708079,0.07255424151843178,925
0.01803803738293213,0.030438144971038295,1206
0.06504049437006362,0.022991033439412795,762
0.030782164693816755,0.021737450637128085,569
0.0,0.0,1386
0.0,0.0,1320
0.09753563538515016,0.025060361284683107,706
0.04478855493685699,0.008419023403203498,279
0.02279887347225869,0.054470479320246304,1245
0.13569500202408935,0.06037076349329513,691
0.026923495186892778,0.05159924363255452,833
0.06973770867647668,0.035891802100023275,626
0.004688687646582297,0.0077280684664952515,625
0.020270404617538467,0.035715192056253744,1136
0.028693934054508208,0.019282372188194213,970
0.05233655254881682,0.02105628778127267,540
0.04923881078101561,0.014474118562574018,455
0.21292430207244475,0.026020655880843596,123
0.060590328888424444,0.04797038614408575,716
0.14143290708325826,-0.015873505762480273,131
0.0351955425802561,-0.03394288742155683,688
0.0,0.0,1647
0.03480560864815291,0.018521271527684322,296
0.020489027601940792,-0.006343410992461353,996
0.01925342158291805,0.011050728397254243,790
0.031727986518112504,0.025642250791681805,807
0.015331187070353093,0.010798779826559288,1284
0.0,0.0,1211
0.023649124253968697,0.022605874720062313,83
0.0,0.0,438
0.0,0.00043112316849036624,1645
0.0,0.0,1505
0.0,0.0,1514
0.09137684673941644,0.010927795685045816,404
0.03349708960873723,0.04139158104625393,985
0.023305390581319908,0.028819995326636927,537
0.035388576184082345,0.030437894913969775,923
0.0,0.004282850368324142,1346
0.0,0.0,857
0.07859836619237923,0.023806752540154165,490
0.09649768949032003,0.04742219705220893,120
0.06768863600546166,0.048241655648240754,339
0.07989675653797591,-0.007148266543241724,477
0.07612437828684418,0.03697903732426713,1046
0.0322797476653122,0.011814059234659122,536
0.021394384984163684,0.0069190437479855395,1453
0.017023593340500343,0.008996542440168509,758
0.012872101106772378,0.022538170251244004,531
0.019232887609784637,0.012342828751398211,1427
0.11043336550286853,0.08470460501825748,130
0.017042155635419526,0.02118924176908233,757
0.06285968464725407,0.03645921436670849,1100
0.022790274534672965,0.01664001324677137,1207
0.029694256715311656,0.016178734032893775,1102
0.0,0.0,1331
0.0407496578399715,0.020797290121310544,841
0.06871030339353755,0.02195878752803694,365
0.0,0.0022882990186524426,1245
0.009818729155237104,0.00543627167926094,806
0.261588980550167,0.02960209183277244,173
0.020608277131729552,0.02300802528807054,1513
0.011611166615646203,0.009969904380217175,148
0.12418190062892659,0.0021509510785445406,466
0.032566261772884096,0.03674638041543474,886
0.08607743300105881,0.04745339833720676,125
0.024281923699552732,0.020195369953298552,1468
0.0,0.0,1236
0.035277473063942674,0.05685695093017497,894
0.07693995286806882,0.04113790956481139,365
0.03949556061068021,0.02291208447060047,921
0.015193614276049192,0.008406412583174481,694
0.0,0.0,1242
0.21072388839701084,0.04950224855986121,317
0.12310798646310396,0.04642300799018745,522
0.012463432095604906,0.015382842507388085,1115
0.05618665807498676,0.023064013079714837,733
0.02212444384422118,0.027755956854605423,757
0.01394530218621009,0.019642998103839775,102
0.0,0.0,1253
0.0,0.0,1611
0.05097335748580007,0.02173419129104743,736
0.008241614328835887,0.002124922104849686,1042
0.05710403622223557,0.02722490747967857,822
0.10648206690062538,0.026978315253977373,156
0.1283003447937435,0.039169220132090794,938
0.0,0.0,710
0.0977694507950364,0.027466173076679815,337
0.024718045379577797,0.015012639578371227,1152
0.03811804562578903,0.004868831515543261,550
0.04567367897825879,0.013768882058939039,502
0.00985599633657491,0.013981585581448488,1264
0.0,0.0,1509
0.0,0.0013593914762297559,1212
0.05070428041284067,0.03143841794767734,140
0.0,0.0,1026
0.08948311480591141,0.08039417456347762,323
0.03993882869428694,0.019627789548325943,920
0.0,0.0,1601
0.05456184243962528,0.03724270072714629,108
0.0,0.007794022165619481,1509
0.0772263580576155,7.434713862535653e-06,1118
0.0,0.0,1195
0.15645100184366695,0.00965961176617629,473
0.0,0.0,1628
0.09359553390264679,0.004390511433058991,152
0.02032089639190486,0.03474284377706742,1427
0.0303210158336167,0.01758468348914801,877
0.023902024142191388,0.00589339646613105,328
0.07598766257620121,0.05052643957765389,698
0.0,0.0,1510
0.0,0.0006285459221059484,1639
0.0,0.0,1541
0.0,0.0,1500
0.002630256903037701,0.002246866051357376,1294
0.052171700147176855,0.0155546411156363,724
0.14023234692515482,0.047060454833235364,650
0.0,0.0002795147436241589,1185
0.1952302165559043,0.061247033273033644,172
0.05282856854401981,0.04367927678813384,845
0.19809399956179422,0.03429794692432744,482
0.05117911955026281,0.0266931377326513,364
0.14915248096224057,0.004196097360194062,65
0.0775019590308036,0.06231404988591217,287
0.041752834970050584,0.0281135699444247,255
0.006710238688688715,0.010971580542715041,1092
0.015465171333428793,0.022844312291838115,15
0.03671774830862994,0.026914768373604278,751
0.046535921195868114,0.04476120556446194,543
0.0,0.0,1642
0.08015733597180388,0.04440749543447583,247
0.015282664447099678,0.008779365126130078,810
0.04729578720041472,0.03885750638875543,341
0.0,0.0,956
0.11598359863340212,-0.004314470836292324,442
0.04077016722879072,0.01393607227271377,726
0.0,0.0,1669
0.058446202322262164,0.0272057225322895,727
0.0,0.0,1361
0.0,0.0,1678
0.016311164995539914,0.02558299773613225,1287
0.06846361772413528,0.030150646513221052,144
0.025525315144621526,0.010725871973172896,740
0.07668358722948278,0.04019664965616883,368
0.014706505221416586,0.008891402303886096,766
0.09983999861284765,-0.024156409158720384,174
0.0,0.0,1595
0.01590020930066898,0.01696552264979328,885
0.10874352224912462,0.015136239161875092,82
0.06308294354431888,0.04151573268583218,918
0.049413131574375165,0.04232463071022665,688
0.018877140459901135,0.026315564401586923,771
0.0,0.0,1398
0.07234868237412898,0.007346110272754241,614
0.1352198184110039,0.03395604173407027,231
0.13595002022151828,0.1073114963500691,13
0.12930905747399585,0.04414118724439966,567
0.0,0.0,1626
0.0925272555928482,0.023120832861049677,76
0.0,0.0,1327
0.029995541806595985,0.05762558198111707,102
0.05749312272372592,0.03005833858087101,106
0.0347009775417758,0.02143411949881389,375
0.07154157227644799,0.015157753029302577,553
0.059226792009348925,0.023008025996993392,1090
0.03699249168535996,0.04013554189774678,1119
0.023753902012362865,0.029977246911649446,903
0.002519077507624735,-0.0014410181351017038,1183
0.0,0.0,1600
0.07820823848811337,0.03776375325998855,735
0.09243928265802528,0.05048835997768044,285
0.0,0.0,1401
0.0,0.0,1452
0.01890114810514513,0.010066414903989396,1203
0.003864322143668226,-0.004009925984195812,358
0.09153156040658632,0.036588711184917015,309
0.02364708318955518,0.008315566848519761,1223
0.08000704593584036,0.03603036762425511,377
0.09701064064603473,0.08698445578936423,226
0.0,0.0,1370
0.051284094674500715,0.026497773084906244,523
0.11062453639876701,0.015414451175826164,79
0.03713108074021798,0.011267255885090597,668
0.2193089058901644,0.05986923071995605,635
0.017280904113231677,0.01665740173823579,556
0.07296946527539153,0.03535174418032228,933
0.0,0.0,1556
0.1706172500057329,-0.009894894339630363,133
0.0,0.0,1596
0.08289318375181894,0.021975794635646292,409
0.013754684025388497,0.017742659774034462,1323
0.09351020748544459,0.06414883674907128,1015
0.11610613431166099,0.038948802686101555,160
0.11990542036506219,-0.004821161507664645,505
0.03473732903082813,0.02527017125704624,712
0.039885400135812876,0.04998348040190718,310
0.02183431144142776,0.026561115455409984,1130
0.04088476116946765,0.026828832396558824,631
0.025525514935574548,0.03543985137353959,323
0.0,0.010860057311487424,1643
0.005369036229391446,0.011656805679696833,1093
0.10092783683938227,0.06487285438892602,80
0.15579610000545016,-0.004583465622948848,656
0.08385175300197135,0.04615899515213384,755
0.14864330158172348,0.02486989360763687,402
0.05269293189148627,0.0557725134455058,1209
0.09441043218991607,0.04057581594685121,44
0.16055611675230375,0.024361460246784844,317
0.1359945039284055,0.05565674308091486,160
0.019911218624061307,0.022003731159647013,1101
0.0971515054574141,0.048877825963056384,404
0.004548766164659245,0.0016977720662964904,888
0.03871071202391949,0.016682237310835932,318
0.11276167140690511,0.03780966069288694,492
0.0,0.0,756
0.0,0.0,1491
0.04898709701488759,0.011912156992604955,769
0.0009662566976536066,0.01927193068681439,445
0.14532864044108929,0.06092234415546372,204
0.0,0.0,1592
0.09542770714517333,0.039904694862440034,327
0.10169373404077152,0.06801845847838814,422
0.0523773591275332,0.020651293988269103,976
0.16560745651373138,0.05739553574128206,398
0.07434932628632107,0.06739399524871828,306
0.14373590392818553,0.015344909910627775,82
0.050397678947317066,0.029842606300682226,105
0.06310964945794685,0.026016193456821074,925
0.027054567241317096,0.011922242032036331,1007
0.041587672797225576,0.04357199101433987,1169
0.06977231975100258,0.008138300752462711,104
0.09277397760704745,0.03427014554699451,136
0.21291571408144058,0.07266079466519844,94
0.0,0.0,1449
0.03789020341953277,0.016942501944522022,1102
0.09861026224493247,0.06176784997770594,121
0.14567690493411514,0.01722684679305296,99
0.0,0.0,1678
0.041002584051909874,0.02919848889545898,1031
0.10239368218029314,0.02369812910195748,240
0.09992097955656624,0.05611411053275488,9
0.007967378086969408,0.031251158274858706,313
0.0,0.0,1506
0.06297451013769387,0.01142364792843383,411
0.0,0.0,1025
0.12557315918842676,-0.01196468875933846,82
0.1047979547857785,0.03658650482547003,316
0.0,0.0,1309
0.02049549748158093,0.009260980822469454,1030
0.016818395474591994,0.029208096705373176,985
0.020169116045791965,0.019047129837124723,305
0.027571653172752623,0.0034791378478268875,376
0.019468042325429816,0.008666463798750086,1025
0.016209859860174786,0.0013647243002614404,1142
0.13758753621824885,0.08785471589932192,215
0.006739749722544605,0.002969518382954467,393
0.0239392054190338,0.01831241330439029,353
0.03516088045370021,0.026520504195089716,1441
0.005679707953409891,0.0020711913171451053,1160
0.07492224054696496,0.054877248144069246,572
0.0,0.004229435609102289,1368
0.01348801393837167,0.0028790855735082374,1075
0.0,0.0,1666
0.0,0.0,1354
0.06470094506428688,0.0667796772989731,696
0.054005128257102436,0.01973363201279315,543
0.0049879771779544725,0.022791755512874545,1213
0.0,0.0,1432
0.0798524964891763,0.016999731865384674,288
0.0508224748368053,-0.011016127185372041,405
0.22812598656105013,0.06916927682237654,189
0.03030189744094997,0.002969340760150589,845
0.008789784493992458,0.02155688793686509,1198
0.01658726528102153,0.021910912553501152,1162
0.08777748188091254,0.037684032249555334,125
0.0,0.0,1289
0.0033205685451663993,0.0030483449505025674,882
0.024050885228659162,0.001882232743721017,1282
0.07174631468350585,0.08386501604607544,285
0.005234992193661129,0.002232979011148075,1014
0.0,-0.001216660117067372,1082
0.049082167905895806,0.005354431594630364,1266
0.07241173095113078,0.041366513778282064,381
0.03863915932720001,0.017927176461938844,950
0.025524858011018916,0.020661499625426898,1142
0.14984202065021734,0.10292517968202465,476
0.059729892537305124,0.07295692967691784,688
0.0027312527774243684,0.004825467747252995,1375
0.0733117470909578,0.01754478351110145,576
0.0020884179686932133,0.0012309833114259598,266
0.0,0.0,1596
0.16038588133483708,0.09996302945405625,210
0.02432488017320349,0.007632187549657836,778
0.0,0.0,1402
0.0,0.01565854877803786,1397
0.0,0.0,1666
0.0006636591257305949,0.005580463321693425,1367
0.09513791248935231,0.048530316918253276,684
0.00540937053250663,0.005771463327138792,1337
0.13383542947714658,0.027380301647289263,284
0.016898550402106798,0.012466094131161815,1201
0.006149516509786158,0.004287097133555924,1061
0.15628086384548942,0.04961511091545445,770
0.0,0.0,1538
0.11538923929089231,0.03869672685349242,372
0.06295493726536147,0.030719483307154252,825
0.10101891983674852,0.037251952747817736,709
0.007919485272698683,0.0016589599240711193,1164
0.06466045836504133,0.013121335915804866,346
0.0,0.0,1428
0.0718977949498775,0.057754810418089914,110
0.0,0.0,1147
0.059963842427527655,0.020301966369655932,613
0.011932390781325526,0.01669791677853394,1057
0.11140053041573643,0.01785878873238705,646
0.06201917260991611,0.016624594650251696,562
0.016753597053666403,0.014838146054234762,908
0.12209093119468295,0.02829427589206001,704
0.02069322994614246,0.014081272866775709,1217
0.0684657126489915,0.023417206391700265,146
0.020301754336637973,0.009526308719250115,985
0.14200489087892543,0.009782846548774952,192
0.040410486331047844,0.025754155935028625,1051
0.005220057770050109,-0.007040838246031608,1265
0.0,0.0,1234
0.0,0.0,1395
0.03703345120463504,0.02360310684008523,1049
0.0,0.0,1346
0.09331271573048701,0.053009893044991103,283
0.0,0.0,1095
0.08155239538559815,0.028557328742442135,221
0.0027811635828059703,0.0050686067145067045,1201
0.013795429646631212,0.024492121100032488,981
0.02548232426701024,0.0358761658015331,73
0.03813105145947247,0.02642742664393505,1219
0.03251015971609314,0.03454422444591446,1156
0.10774694083646649,0.03236672179178133,400
0.17246222790770707,0.039516794389294396,401
0.1165675909418134,0.05084254929355996,117
0.03526647499534442,0.041166650883652914,1007
0.036404201906457434,0.012871055573171851,341
0.02031987070021123,0.006122661585507793,1408
0.05831386411236133,0.040364014374955834,486
0.07396871507691712,0.0431308203720287,958
0.0,0.0,1505
0.1735617533762638,0.041352829793341137,506
0.0,0.0,1449
0.0,0.0,1325
0.07346188342414416,0.0364447607949315,57
0.06987657605788364,0.025302865898709948,719
0.05202541467366274,0.025993335083109914,332
0.03940062246201626,0.013749194931865338,397
0.1442646216528407,0.0474644288160494,204
0.07829743078985364,-0.006959983139507064,40
0.0,0.0,956
0.0,0.0,437
0.0,0.0,1452
0.0,-0.0019067067363925348,1407
0.0,0.0,1574
0.09998894561742712,0.03133403922428338,1073
0.061339184948831095,0.01927101864040651,480
0.0,0.0,1664
0.017118874761237576,0.01690838556844227,1112
0.14113860197863864,0.11123253586752564,448
0.08814581500847082,0.010085945395337234,770
0.08852367465560794,0.07623728637555252,353
0.0,0.0,1332
0.08016122301177632,0.04173619898547255,613
0.024375345804535015,0.029320545289410676,766
0.025413051858749536,0.02576658349689868,961
0.171906877751266,0.04987985693452758,135
0.06242359946779935,0.0288110441023451,467
0.07074389217290995,0.012485175005773825,253
0.002625954929273129,-0.007400926586041119,1267
0.004829618475426242,0.02051827818957584,592
0.018216617704188247,0.0017165925100507187,340
0.0916857493056569,0.036046594500559914,670
0.0,-0.0015844073546786093,1404
0.09890453589386124,0.06813164891529061,96
0.05465200248490829,0.013048062961711036,1034
0.06433993347419335,0.0008537218114112944,157
0.11280146450966931,0.036455759147738416,149
0.0560478384275533,0.0484967595233678,842
0.1513538178440148,0.10945150192657023,567
0.021828242279596552,0.02225195214276491,1224
0.0,0.0,1190
0.04368503363944058,0.015143007353800532,715
0.04287348883205666,0.012780701519772949,1047
0.00536209088220872,0.0013985838114349597,900
0.15009522615251802,0.04294380169829774,238
0.002075863650505381,-0.012562010577723295,888
0.0,0.0,1204
0.06463784600221634,0.04600899056776241,330
0.07584994540286139,0.027212331120736413,321
0.0,0.0,1291
0.024589868245818342,0.04698918736557565,1424
0.011508235333192682,0.011550919207338356,687
0.040913773739279936,0.029656319178523627,1069
0.035383084813707215,0.02019809640479865,444
0.043590941724634825,0.02012118103886333,688
0.07378613328431477,0.01771871341967046,113
0.08837776293972148,0.02257754588221991,800
0.007397726411882932,0.0010694245009173176,1160
0.04343048803842325,0.021937503306719987,668
0.01571388301248204,0.027492022498391055,827
0.026713598111566473,0.007180805726521204,948
0.013018165391310092,0.024496801125272916,307
0.0,0.0,1571
0.013549806532200807,0.013817435883028615,1198
0.13987481187693987,0.05507114639767307,302
0.09466210591316186,0.022230897669991555,273
0.0,0.0,1501
0.06375247865789417,0.010237807279136335,2
0.1160453973207004,0.05715554616192234,47
0.09102608245673076,0.05704405617785088,469
0.14804487000623226,0.07003093908473568,134
0.025557939646638717,0.015006014800945421,1208
0.10806750496106342,0.059122279982399426,279
0.040948042002330626,0.023271809365562005,848
0.033701232730561026,-0.009890912727090268,610
0.047572759535724644,0.01693925985426558,188
0.0,0.0,1356
0.18139603138272056,-0.0029746861774735092,519
0.05839690800608154,0.02238939645748663,746
0.0,8.83503858183425e-05,1500
0.03013297118648409,0.02470971061163596,876
0.04547399433628328,0.03779979834695679,378
0.1053261042805842,0.03971085854771718,493
0.0,3.7070261376656236e-05,1377
0.08021594943693068,0.03046031167272064,92
0.03713880548732975,0.016231332908278207,412
0.059349464222282954,0.016693985128680835,460
0.0756006738302454,0.02683465432621836,626
0.07965606019393692,0.03123842149680079,69
0.0,0.0,857
0.0,0.0,993
0.04455902123230218,0.015376019084706396,778
0.015363443026250747,0.01326072899759081,1191
0.033552727643820175,0.01204093330656374,983
0.0,0.0,1543
0.02294991064318923,0.025248700663118646,1022
0.0,0.0,1634
0.028944801665457317,0.032415246774638404,1132
0.0,0.0,1292
0.0,0.0,295
0.041201638971348535,0.02218582658241856,1049
0.0387913755421161,0.02180746227596855,1041
0.04633082359517776,0.03401513340910627,412
0.09797982238921983,0.021508371265876642,75
0.11130927175461167,0.03918193579374063,199
0.028018888705122015,0.036518007459939265,1078
0.11840021405749315,0.031064744258209504,603
0.1307985107440735,0.06420322408699135,433
0.09045849110835787,0.053845436118681034,128
0.11392450987518775,0.0056330826092669175,605
0.06433189639972192,0.03917113561915439,918
0.1343580013884148,0.014147502109104438,177
0.05555490757232914,0.023231526274740302,462
0.04606608462454606,0.032237469496802604,1035
0.0,0.0,1522
0.009583918941578524,0.01595136859082681,1367
0.178740893450988,0.08596657162977757,168
0.05097988714298836,0.03488600709268241,661
0.02210468001336134,0.020872336622880794,319
0.08275334459061585,0.04931077882419737,670
0.0025632012212432834,0.0002486507140015778,592
0.04305879659377469,0.024375148680712073,644
0.032478650038536956,0.02279941736969099,406
0.017792423996811517,0.007230942416541082,1559
0.02213031706486478,0.004449087769803263,1243
0.1354770167386907,-0.011028818328288068,184
0.01034781604522104,0.006698180580084066,810
0.1474638319507732,0.04044816601857877,432
0.0,0.0,1357
0.03199090584805856,0.03442899444099372,812
0.025741810733256505,0.020866332932726914,1186
0.08104407977235399,0.03401180191486556,487
0.03527062899012218,0.014503088025734946,1247
0.04301909239403817,0.04074654496463752,974
0.005864122460436206,-0.0005899549839772952,1529
0.0,0.0,783
0.049901208364912,0.052414744438499535,139
0.0,0.0,1568
0.06810784394259309,0.02863477143805034,400
0.059757999658726496,-0.001188038064714103,674
0.1437867932884949,0.03622208844442531,314
0.015190227710990012,0.0076872366088402,1039
0.1128786928726489,0.03072586371575076,267
0.02183876160193203,0.01673705692121624,966
0.11593004267806843,0.011013424200345085,640
0.0,0.0022724694175654033,1514
0.031132547707444093,0.022981708840602227,83
0.034144666487603906,0.0030781624990168337,1193
0.00044411968952647913,0.002382341423966913,1469
0.020993372748471503,0.008250702196392805,786
0.014449797926981275,0.005364108835318403,1199
0.041450429551433694,0.01873653817855527,1042
0.02690825174092968,0.04230463448050045,880
0.07815637706153919,0.04635695712391383,695
0.022575383384801376,0.00893997106075173,886
0.045039640530908705,0.027582943087067432,695
0.008420178277973596,0.007108256771295956,916
0.04089708823137725,0.04071773616788284,1288
0.11008133649294106,0.08134145024465732,142
0.02337153438149338,0.016562752667572705,989
0.18956999562099844,0.07165341914897602,251
0.013075239542151213,0.032623052672873354,1244
0.03343828698827285,0.008342054605225559,406
0.09098162042911802,0.051378203580482916,257
0.040319783923106645,0.03780035200882775,165
0.0,0.0,1657
0.024960536926389703,-0.018677100049637727,1058
0.026590110884684246,0.017813806531753285,899
0.0,-0.004032141017540638,1101
0.027663437024988698,0.0035900053189851996,1434
0.06717569006430155,0.03028480824844181,870
0.032447998104503786,-0.0009045425758814632,536
0.16229896602678917,0.06561870378724771,212
0.0652019688632421,0.041347077282184584,56
0.058559930649358743,0.021677755350722708,1132
0.0,0.0,1362
0.047606834310520256,0.049384899899878244,768
0.15124827486189285,0.09748294670694528,143
0.03774813468063984,0.0265352221393962,566
0.028540542380299936,0.008332037428630855,311
0.113414894305553,0.06923633307805317,327
0.0,0.0,1495
0.015146095786297808,0.015214819425216786,802
0.05397433190824924,0.0337155977981127,1165
0.0,0.004413103235730635,926
0.05840193560981475,0.027211337747117113,711
0.017988541875811098,0.008564135327644756,1310
0.06966903342901416,0.01804606497067398,287
0.046208491170743486,0.023235809914273344,485
0.0,0.0,1386
0.020224276237289673,0.019278051375441238,786
0.0,0.0,1331
0.0,0.0,1491
0.0,0.0,1235
0.07287733790829495,0.025862075180443003,13
0.028369893662961942,0.013363193074402641,1427
0.0,0.0,1635
0.0,0.0,1584
0.0,0.0,1510
0.0,0.0,898
0.0,0.0,1373
0.13235760347206246,0.05506236019160086,684
0.029315144377737214,0.01785861105126867,1247
0.12363457970098751,0.04869125722120494,738
0.13885016495952227,0.028555641820211648,222
0.0,0.0,1258
0.0,0.0,1382
0.02219353574617596,0.009852446384757347,967
0.0,0.005363310907798788,1628
0.013202769847224733,0.015298151676740031,785
0.08647954281858386,0.03228761905965684,805
0.038230858322452016,0.023453470154090536,609
0.09267803197626764,0.036824051530149796,26
0.0942163762083781,0.05784167776806301,649
0.014330757274292866,0.02777832436964833,1057
0.09173962169764133,0.07595537096235117,0
0.06429891739992938,0.0299822706699991,141
0.17651390857505533,0.004016639395118704,63
0.00804428447140353,0.005916174962553568,1054
0.010369607832536407,0.020111630169732907,1301
0.0,0.0,1681
0.17729355714694722,0.10459576897422151,688
0.04339190909569414,0.010424658340375112,1123
0.013194131278364427,0.024917119705150117,252
0.056201022161122376,0.04532937254083932,380
0.06881238958107207,0.053747333522975796,832
0.18330009925494103,0.029923997216450986,37
0.02302744327389988,0.01573126581831906,1310
0.11799818365609058,0.04033973960928661,500
0.0333526556190835,0.01896807364342012,623
0.10832541218691173,0.02178194518140859,121
0.010567070140383945,0.006098067745872318,393
0.08578336488287282,0.029741540042233405,1097
0.12514851960778628,0.00749725220321343,143
0.03510830666980537,0.009837916224460569,694
0.0,0.0,1371
0.0,0.0,1344
0.05147259714893739,0.02293134318464998,1077
0.04696280792070739,0.041972988703628554,622
0.17105236258780665,0.056680171476025366,670
0.08857020258522068,0.049927609975892996,69
0.0,0.0,1588
0.04076429794986095,0.01502587360966258,414
0.0,0.0,1655
0.034042884009806894,0.01616873906629803,1084
0.0,0.0,1652
0.06726695332475018,0.00377038804776141,149
0.0,0.0,1378
0.0,0.0,112
0.1684690300175094,0.0901362766894747,55
0.1006726215127117,0.056026272161075905,152
0.11378564173472551,-0.014618182899860568,58
0.0,0.0,1348
0.06413648359822458,0.03666922904438454,119
0.008976778003693751,0.010136477188063682,1170
0.012099499231547767,0.0014080952106389959,1186
0.016887283596362736,0.0287064033820871,1057
0.039834269958206894,0.02800722112890646,296
0.09538166704286422,0.0404912536232499,500
0.13818641003060783,0.04043492203838445,683
0.0,-0.0030040137420273513,1569
0.02616079620767742,0.019725325127324302,371
0.013759842871627277,0.020873460165829267,307
0.0,0.0,1371
0.049394608349780066,0.01668782012983727,983
0.0,0.0,1233
0.0,0.0,1124
0.03789092361423572,0.016422704519005633,793
0.0,0.0,1461
0.02488385959325216,0.00911895176222367,352
0.0018409895004206785,-0.01999964270993001,1279
0.011457902199230699,0.01687756025135203,1614
0.026834041404332064,0.010159367139648335,999
0.0,0.0004964185268567718,1484
0.020733110783620737,0.035209180129855445,1145
0.03241901286192903,0.04446080334711424,833
0.0,0.0,1371
0.05019779697147087,0.026319253878208073,805
0.027781923138236003,0.02621347401967378,1004
0.016404250125117127,0.007160880601446901,763
0.03184660703155303,0.02067590587006327,997
0.0020314117809339914,0.004668206136333513,1374
0.011713640930424195,0.02094600770696436,1179
0.0,0.0,1242
0.10432858546306757,0.03374550358162294,745
0.04687584617806856,0.035098638404153115,711
0.026151624866621655,0.022767675217275178,644
0.07443897190327482,0.031441107633992785,75
0.0,0.0,1652
0.08148659139765285,0.05963505344852787,3
0.06434195610946734,0.05035377473256714,788
0.03925435014453797,0.03068037204603987,388
0.0800396735154751,0.017791389676380935,61
0.03330383066298102,0.02900437766754542,771
0.07688585580948107,0.035194688217021056,521
0.030569402257899732,0.03193206886562037,107
0.1496432199860848,0.06668670174256038,221
0.03834390608750681,0.010187577372043602,102
0.04355568598847594,0.04882149416125395,673
0.04960675696929493,0.056869873225089705,370
0.0,-0.0002816034073440406,1237
0.08444393489345867,0.06279069011822185,162
0.050305800029374736,0.013174304372808754,606
0.0,0.009847054877180192,1398
0.010139540166265554,0.00839319283747057,867
0.1973858237969265,0.08024687420831295,94
0.023963636739904492,0.006933796590654835,644
0.015388326167367124,0.02476750933393274,1120
0.0210535177473539,0.04286233513208583,1141
0.10892462156343592,0.05904423220515524,1046
0.01135900299938211,0.00985520373267762,1539
0.04666597197141933,0.049005105651318215,880
0.09678067894717668,0.047971239295881894,391
0.0050952018500190314,0.010489790406076744,1332
0.0,0.0,1475
0.12306820271927489,0.07194786642187227,545
0.008189216925105894,0.007850290431477827,702
0.05226428936920237,0.028092637447033744,138
0.0,0.0,1444
0.0376649368649876,0.012881128854473017,261
0.07197734389744108,0.02889338073520127,539
0.025284470570724922,0.020988697935375385,521
0.002473754742372658,-0.002678942000063393,1487
0.08588754753067458,0.03267479745755794,1472
0.052149179690195946,0.02412003923728975,16
0.027624084080655704,0.019157455520377255,1420
0.026049425443595,0.025727224844967672,827
0.0,0.0,1620
0.008997091461523337,0.012942645969531251,975
0.07339005448734501,0.04680890874940009,413
0.02492525047708695,0.017054126817894224,1125
0.07733766381341879,0.046007661632115074,1041
0.0,0.0,1612
0.0,0.0,1103
0.0,0.0,1552
0.025428732195258638,0.027881292010761446,1418
0.12648744194544784,0.04663047948580851,225
0.0,0.0,898
0.09844767243325035,-0.004180735461127891,474
0.023513047499409318,0.022302496796779793,1112
0.0533210833000455,0.03106141829668304,1220
0.05267092897459392,0.0024358198197433167,894
0.025958506200560953,0.053631642135017754,1112
0.0,0.0,1200
0.035406632456525935,0.02008557597048062,794
0.22357725314922705,0.08140760095991317,431
0.0,0.0,890
0.0026981551668119608,0.0048108879908346225,1473
0.10695477587615895,0.00813310554559732,461
0.0,0.0047681564279218975,1316
0.06032094067694827,0.015054571861928701,25
0.0,0.0,1319
0.03679677477755521,0.029621758497235234,573
0.013197843405532482,-0.004864689302991342,361
0.0,0.0,1236
0.1269558295615361,0.013581170658855904,429
0.0,0.0005215003628140867,1350
0.2607432699303936,0.029682103416589754,479
0.009872316515842586,6.255454114563762e-06,307
0.13356786265862342,0.00841800104805772,131
0.0,0.004245603712243822,1431
0.05841949873783742,0.025959919619519347,537
0.01950997357568514,0.03331996810084655,1334
0.04656937390417132,-0.008685423353620578,636
0.0,-8.833426063857149e-05,1447
0.0,0.0,1122
0.025052483857267157,0.032970229517689895,1281
0.0,0.0,1430
0.0,0.0,1485
0.0,-0.0005033366490347671,1548
0.142964281475515,-0.0036444823405105855,214
0.08263867665275564,0.04618341753673314,431
0.007370133556480918,0.0036553096814306812,1411
0.029783845807608886,0.04085707607457623,1037
0.05738158468371681,0.01673051178095879,983
0.21915838078500519,0.017841272709871712,63
0.16085926717082288,0.05228483051349364,190
0.0,0.0,1235
0.012598267741380531,0.01632118539358654,1325
0.039306428284939694,0.011057404079880331,1230
0.006605974748041899,0.0004846345769579376,907
0.01109443270610732,0.0033982957339109177,1151
0.05094404083216519,0.03105743758292487,561
0.025218429133996967,0.010392743579646894,353
0.0,0.0,1606
0.0741366461970302,0.010269307182762451,57
0.03308232315188244,0.01605810572973639,619
0.04742821495403761,0.008246113978877088,346
0.16389170288066757,0.02074822622137284,195
0.046168343300274514,0.027405379709823104,511
0.046339418613475014,0.020672369201787076,523
0.0688212341040284,0.0772160269922504,876
0.028409734073478715,0.023497067303817606,18
0.12523620718165848,0.007027735797239717,168
0.020606951725744435,0.008784847668265885,137
0.07513914135616674,0.03760240358633748,271
0.0,0.0,1241
0.09747675341206859,0.04973208498282114,2
0.05004704299191651,0.019945893777592944,552
0.11888732740694007,0.03753716426973901,728
0.0,0.0,1531
0.0,0.0,837
0.0,0.0,1366
0.030960409386793133,0.029736649339045986,1054
0.18838724486381792,0.04186608484538961,514
0.04221775321456906,0.03514774599233575,638
0.09169740270486172,0.057710972164399646,659
0.05689008524274262,-0.01035345809551369,588
0.026458526281493134,0.028132516522822663,537
0.12196227620501075,0.03734353135619216,238
0.05837955237959159,0.013866098969723304,1559
0.0,0.0,1304
0.05469548616198619,0.027117534289898958,714
0.0,0.0,1651
0.028001365467290262,0.01653760663211097,374
0.04979405531447059,0.0368313884577342,1184
0.01764198500874601,0.008467637084467862,806
0.0,0.0,1463
0.0875222557802523,0.01581471748620269,588
0.0,0.0,1605
0.05301310128761021,0.029639631532835983,711
0.10855756733798023,0.0702179082403205,6
0.0,0.005894625072466591,1573
0.023981113693810483,0.040198204797413595,921
0.01052318262444628,0.00265875873662531,1434
0.0,0.0,1526
0.10064384084123595,0.023351982422755893,553
0.08581109850629187,0.02170646783825505,1134
0.11112844686119794,0.01927161465263237,53
0.0,0.0,1293
0.0,0.0,1660
0.0,0.0,1348
0.15511564283469656,0.057283126617683214,945
0.03685600341114454,-0.006588346539021538,357
0.06883101681413827,0.04027255693955437,528
0.0935395202113426,0.03353996794764329,117
0.008578216920217015,0.00558128832344296,1262
0.0,0.0,246
0.10573450562881646,0.041695803668204336,89
0.05442361065828702,0.06813199970391642,319
0.10142931253251607,0.05726009403251921,236
0.0,0.0,1612
0.003543861731323371,0.007201120996681235,17
0.039919045862952765,0.037343460927144974,1219
0.0,-0.012107553393757818,1499
0.15574440812983698,0.08124201525938797,289
0.0,0.0,1354
0.04976721068746591,0.037148650004710626,437
0.07471293021421391,0.03758152059681649,451
0.0,0.0,1255
0.06047674918146421,0.02940107683787039,779
0.0,0.0,1155
0.0,-0.007552165624497705,1589
0.0,0.0,972
0.06744490840842743,0.0004551532483637963,48
0.02230500546044988,0.024784507037944613,1017
0.0059217175269881015,0.01220780683548124,1259
0.033625608622586366,0.014854435850378394,942
0.04580421037196507,0.028932581519746536,955
0.21490551724909496,0.03555806626433196,184
0.056566968883718455,0.053698656312700516,242
0.23362542707680656,0.013387282950383732,478
0.0,0.0,1550
0.0,0.002548366854018831,1597
0.0700002970212779,0.06412237979920586,615
0.15236060896854856,0.026774638119176977,434
0.0,-0.004661684163468855,1306
0.039159404031363226,0.021699711823688028,405
0.0,0.0,145
0.026115489482711647,0.03085271087204961,623
0.01026335837345746,0.016403745810573696,1299
0.1383726964046853,0.007113426131786369,646
0.07239212594697937,0.035279620088711834,48
0.1913355971228809,0.028952604255559712,63
0.010122523291401774,0.001970256965130082,1198
0.07956748067826895,0.03691510715601269,265
0.010982446222875133,0.004797402431577747,103
0.0,0.0,1653
0.033496319133922335,0.00621847510157843,42
0.09988251721561983,0.06758329267043973,520
0.18615937110312175,0.04394058872146027,192
0.0,0.0,1593
0.0026312604311723377,0.0064825492311438885,1025
0.0,0.0,1580
0.002851634745056461,0.012653880968286159,690
0.057687040481839355,0.046427323137194006,1062
0.002538989469784147,0.006661949293404485,1023
0.0,0.0,1606
0.03155792364553559,0.002396957427491089,742
0.0,0.0,882
0.006717121120056745,0.010942740090913193,1262
0.0,0.0,1122
0.11263446498584391,0.012016837345056567,938
0.0,0.0,1583
0.01310784741737252,0.03168557053089034,1482
0.0,0.0,1481
0.013804754075558543,0.01918073614354712,1433
0.012601266746436548,0.01102969578942692,915
0.037780533617338456,0.013481549036103237,570
0.04200466757367081,0.03210630585259834,643
0.017931645152619843,0.018723867376200503,867
0.01648184738215571,0.024608841278624588,1057
0.0,0.0,1082
0.19716718271773892,0.02347321452372433,603
0.07333030673450258,0.04104335311838902,390
0.09436101696980086,0.020014240556740653,524
0.0,0.0,1291
0.021692131052194932,0.018844862207483378,421
0.02287201934775318,0.027246843762231236,752
0.10739430241355438,0.01930484956560466,419
0.08851881386113555,0.016665231906344082,0
0.04500895778610881,0.032236083320702304,324
0.03320455364638466,0.01891922903934685,1228
0.0631472759755348,0.01760993600873425,146
0.2581876584123294,0.06590179592529692,186
0.0,0.0,1300
0.0,0.0,1541
0.01994694100668215,0.008652156506070086,349
0.05864852518752993,0.011616181273430433,925
0.0,0.004232641671589689,1407
0.03560611151061294,0.014683690147435707,42
0.06289117427023459,0.016906488063809413,601
0.07237891951743691,0.04297136171361509,12
0.009357092139920089,0.01258090343897233,1098
0.0,0.0,1322
0.0,0.0,1401
0.11794179411063074,0.005113961216763625,791
0.03816752782463806,0.03285072912517724,1018
0.0,0.0,1544
0.15016080840505588,0.073132953304911,19
0.22700199772082877,0.08290200646966246,98
0.01109063838236669,0.011875606458777752,1530
0.016545839096870223,0.01047320384164243,625
0.16512494144966694,0.046084762773652165,780
0.0733472714916568,0.03025121775016658,661
0.023812727421908833,0.016606844329128147,1268
0.03508133716075088,0.03210585793134699,291
0.00046969413734266794,0.015046630543853558,1354
0.10173680998270483,0.021069283215397135,239
0.0,0.005558324360204682,1581
0.011320052786286372,0.019186980653004886,1403
0.03666954893363983,0.04302282954485726,815
0.010733939874608722,0.013459282453112925,1083
0.03732456868281115,0.008523607457752007,444
0.2595600967928137,0.028681950137535602,483
0.006775459087925676,0.011194783896669908,882
0.2697570923326494,0.06199496156847209,78
0.0,0.0,1662
0.0,0.0,1341
0.0,0.0,1588
0.03255939970557049,0.013240222256257083,751
0.0,0.0,1616
0.05546457944086809,0.021382682905012024,801
0.08984759336437284,0.04766715820600353,927
0.05819809265789902,0.03985806986594495,300
0.06756240133460995,0.04265797931449231,290
0.02523462742404709,0.013680656948078357,1101
0.0,0.0,1462
0.047068325247090544,0.017862824506506197,556
0.09262113797084989,0.022562869520676855,1102
0.057488472291874745,0.014686762121374479,628
0.07389040440336685,0.03210351858998497,575
0.06294420939213066,0.04420654868004375,39
0.007599530321082785,0.0063566289232647975,926
0.0,0.0,667
0.0,-0.0016558105838410393,1325
0.0,0.0,1457
0.23704551157757775,0.06290086845418169,230
0.08878723435986247,0.039495573547026,274
0.12843050906611392,0.04236477638070672,217
0.09052372113324193,0.03519012233073191,381
0.12658474625011068,0.014978093492109228,519
0.0,0.0,1648
0.0,0.0,787
0.0,-0.010693711354390312,313
0.14584258090527746,0.05735878755056328,221
0.011470345050710377,0.005875044280900393,573
0.034692827286364684,0.023312155938838112,106
0.1153998168176148,0.03812480198846541,870
0.15260255744511755,0.043977629158583574,439
0.0032990912080969157,0.0025517240956457006,1521
0.08824678454105318,0.007226036908229839,684
0.022138502926385632,0.0037102565418947234,1029
0.14486446909720202,0.10724081148853487,681
0.0027085027314262644,0.008040606715754463,1301
0.023569865231633447,0.006512262287292361,616
0.06294420939213066,0.04358282664294892,711
0.12605807502816743,0.05506748840763581,128
0.0,0.0,1484
0.04418012130316626,0.02467842977063982,631
0.0824074697328887,0.04171326955392814,814
0.03599971294952377,0.02214730921852151,1050
0.11338127179896096,0.013559627875661827,141
0.026002034856243035,0.023301319192016317,494
0.10335426719547139,0.08629771168039471,146
0.003816268725723603,0.003061396363256827,1245
0.13800780501280885,-0.0004009133176771841,135
0.10784259009849174,0.04272024538439825,178
0.12449773513790441,0.04328018085618548,250
0.001988546383097537,-0.004625941045958775,926
0.06566659021055167,0.03661790586752836,467
0.0,0.0,1665
0.13620744138319107,0.007674722150165275,0
0.05460136684613531,0.06825757378442301,270
0.0,0.004338714487928818,1354
0.0,0.0,1481
0.0,0.0,1154
0.0031026408137781202,0.014575814447927982,389
0.07788002868442118,0.0527759501555622,23
0.020604822132019772,-0.0131554875595647,1091
0.11962900726906389,0.01609276772049057,924
0.024857567061919068,0.024471066226544987,1059
0.0,0.0,1359
0.11099769177967017,0.02767533283051067,780
0.011428269527351386,0.029926718655727456,1335
0.018293547963408676,0.010460135122901391,1130
0.05085945412047085,0.003406596985203964,372
0.04958215391452989,0.03377968815249967,770
0.1316132898465883,0.06902228616357643,91
0.019473132835002068,0.005949909825703954,1075
0.0,-0.0014616093936994426,1493
0.029713040684981113,0.003965361045151786,1477
0.016816607319010475,0.011145264088313678,617
0.06077982975476907,0.020770839770942996,634
0.07645978993226263,0.030853379324159127,799
0.0696685175747765,0.04386473099050654,788
0.04578511836484168,0.009934284184165613,631
0.041900420749090915,0.018166896468454832,962
0.0,0.0,1514
0.03589329529533683,0.022475427395011606,1229
0.0,0.00014516498861198512,993
0.06118517847522589,0.011367813706605986,9
0.05503314998583187,0.009401103325140034,604
0.0,0.0007852873320457309,1639
0.05561411669629747,0.026296968255183947,435
0.19655097211131592,0.054098952568245394,495
0.11364606557679764,0.047761292450401706,386
0.045110196642692744,0.01905961637263481,569
0.0864355143445534,0.029315007998680875,447
0.014295210849824717,0.013790129424545315,1167
0.0,0.0,1442
0.042948445417214945,0.02747061698311858,1065
0.01813798590253663,0.027394647978520835,531
0.041834725841833925,0.016799810509422166,1184
0.13752609092914148,0.09566003056358939,264
0.01219132752092918,0.02411481221562664,1226
0.03821981053665391,0.04562231317766912,1310
0.07261378191759728,0.00235703984610877,372
0.04256317945351169,0.0061888971237503455,1179
0.06206554610137062,0.02957467669291922,1508
0.27957501999560747,0.01544658337788215,78
0.028695444842471548,0.020455096570844232,83
0.013983931616755242,0.0063591711233217324,810
0.07792513063892438,0.02671793852389216,815
0.02513132072229094,0.021108737101710406,733
0.0,0.0,1433
0.14745537392041327,0.08391534482008625,674
0.10736995904317177,0.026826697881339286,450
0.007053559688914995,0.001992679384469344,1222
0.03402176946339259,0.010656928801728815,77
0.10975375895712522,0.041584726766082845,470
0.0,0.0,1483
0.07350111417585294,0.059333954168160355,57
0.014804774822012663,0.01193278216324064,1136
0.06935034111295124,0.018633211148592222,944
0.04921571402793993,0.042323793590593836,9
0.17367697087399392,0.056908543231161804,446
0.0,0.0,1437
0.007731320924820729,-0.000948504005763469,1245
0.0,0.0,1568
0.0115652820218451,0.009782814655635857,458
0.04596050704340253,0.034513270024150534,106
0.0,0.0,1435
0.023771146814952574,0.0013641559877577748,772
0.0,-0.00546343274780358,1441
0.16879972008204042,0.10720945779275005,6
0.0936348392615958,0.0067776730240145635,466
0.14094463186860506,0.025853683163121772,477
0.008144119580213039,0.025788188543947037,1061
0.04551204596242475,0.05558766339978561,159
0.008906519581180064,-0.004817748715383468,1434
0.03789670226852177,0.054599226376080834,1239
0.043224736140992086,0.023881101172416378,643
0.0,0.0,1371
0.09067249484442018,0.026150397759752655,465
0.04332398207659077,0.05051104042110596,397
0.06214762260096138,0.005723975244537228,574
0.053998947414329236,0.013797916226243115,624
0.01879935907943216,0.00804513425461717,866
0.04794998852599103,0.031367894691078736,367
0.021580171239557022,0.028639829122095544,1283
0.07781986056055112,-0.026574579894353828,234
0.14238439932940075,0.01777068047927699,192
0.06866756906135979,0.04317813611426509,641
0.02463971026113997,0.003846694200381762,1399
0.2656412156694041,0.1287387294523266,738
0.02499614079421661,0.014414491957433878,1111
0.009516173088592442,0.02516847129375262,989
0.11257983619385854,0.08381387876086355,3
0.0349127905491375,0.034370965442997045,718
0.03864713843564342,0.04528576269757844,111
0.049780784127475095,0.023615724757577634,749
0.02379234379521469,0.02247680857469097,1133
0.03070793129103394,0.027797120823625645,542
0.012384600704913967,0.0031373376157129715,1180
0.033181922273827665,0.027146161082736393,663
0.1637950028509378,0.040825154165812484,577
0.0645060644130439,0.03821932958718776,467
0.0,0.00046857291508792677,1161
0.08420154027894379,0.04284159816704051,545
0.0,-0.001837048104605235,1550
0.01228739148897591,0.00860257450986902,36
0.23093640746205374,0.04620150097789538,11
0.05386838255020633,0.026777228894097106,631
0.0,0.0,1495
0.0,0.0,642
0.005136027658678383,0.004753907451034992,1470
0.30363427496917744,0.05851502913459982,482
0.0,0.0,1250
0.0,0.0035570215797453113,103
0.011223961190261464,0.03064379429813269,129
0.010323297668052053,0.023080633290521842,573
0.07026967940593429,0.018694171894782757,480
0.015906118565520048,0.019962436159735794,1098
0.013506468078872872,0.020062804009701694,1053
0.0,0.0,1463
0.027982486355881516,0.00910347185884605,265
0.05427108338979782,0.05315917842911571,331
0.005490950530444209,0.004106140254233189,1374
0.011597971736781731,0.0067419238770752826,351
0.0,0.0,1611
0.0,0.0,1558
0.0,0.0,1236
0.018957091998728255,0.022528466755238247,763
0.10451671696899642,0.013479531943103631,512
0.05978985925226308,0.021142162962794857,387
0.05239997068797231,0.03726613273823894,443
0.011477597470370913,0.007588061965298738,994
0.0,0.0,1362
0.04352840224909155,0.0528101617655613,303
0.0,0.0,1339
0.0,0.0,1593
0.030205218514590154,0.021398610187050335,833
0.015296351061626601,0.014707088888187498,963
0.00670472922324835,0.0121362842069799,1250
0.05234788770298521,0.020342584899955617,1443
0.0441264355720186,0.02244069291222215,768
0.005885665420020868,0.004651489058342635,1213
0.03073082592766901,0.00013815508394900914,681
0.0,0.0,1550
0.052215011556007385,0.031075610995045844,1041
0.02549170556476059,0.006513185744869229,794
0.0,0.0,1582
0.031935433748470375,0.009817324745459653,974
0.011918194659086395,0.021170053730778696,351
0.045993036575292884,0.002999770341770807,1010
0.12202115270079333,0.032786759555561436,7
0.0,0.0005407498578960605,1601
0.018194989867517268,0.02552103973985169,1127
0.0,0.0,1589
0.04862758317546938,0.03305025355551811,627
0.02101190704486437,0.03077205049613149,15
0.03181398290996189,0.015633191964691595,920
0.030911299250357686,0.06294879665440452,1244
0.010033988627748206,0.009587913125080954,1277
0.0,0.0,1533
0.0,0.0,1259
0.025132106460956406,0.013052290698324325,1091
0.0,0.0,1409
0.0,0.0001447264815552823,1631
0.03895645108845026,0.03179076099019134,1142
0.06948016743957983,0.04559097538649537,630
0.05590636958167476,0.015205222138121083,488
0.0,0.006223002369025488,1580
0.0031637015728920455,0.006094730482197521,934
0.05196690251839723,0.030165972914400492,331
0.1471249979400603,0.026343564423940133,238
0.009087307648090478,0.013617914530249823,1479
0.016714413823533166,0.017773471650134067,690
0.0,0.006925254001991859,1174
0.07977439352407638,0.06530995335701645,76
0.0,0.0,1566
0.0,0.0,360
0.0859107060715879,0.05815211429455782,461
0.04359337521000766,0.02097255012394809,635
0.0024596891024465627,0.00436825755367213,1170
0.07071188235093862,0.02582604461723056,670
0.05834497691999773,0.011168476808865228,796
0.0,0.006401538472667848,1325
0.0,0.0,1371
0.09510787401018013,-0.002782939913460975,418
0.0,0.0,1510
0.0,0.0006570764366353626,1377
0.04540277258533261,0.024719288367664818,1061
0.008598197435539337,0.028240429557450212,1021
0.0,0.0,1255
0.045309067872899664,0.019606391662822645,457
0.04856064654444694,0.023433304386099932,463
0.0330140954696369,0.030303778973528293,1133
0.017670118688815024,0.006569717254013084,1270
0.049151086392934674,0.02157006789485225,511
0.010108863546715741,0.012977280511579193,915
0.0036423951026501563,0.0034322590328039323,1375
0.08062644322919776,0.025799540575116846,269
0.03449935287578427,0.008962332713681439,876
0.025246582659602054,0.009732040355463094,885
0.05839546825163696,0.028117974495916066,159
0.0710000447903774,0.022207386000337916,489
0.0,0.0,1592
0.10880507706130191,0.034862371014448626,204
0.15318813858488683,0.07562235422997525,113
0.1537006970595123,0.02492707228618544,527
0.1285092361762838,0.01145623109036315,177
0.12725299388458822,0.04348401956733427,738
0.07296227468014835,0.036605383492118344,57
0.0,0.0,1618
0.0,0.0,665
0.03936771034440751,0.050707612216117665,915
0.0,0.0,1495
0.0,0.0,1298
0.14095732596305394,0.06386433582334516,194
0.029705734670621205,0.014228441830099177,1087
0.08678408059722238,0.07102274944487859,471
0.013349287464310872,0.02493972112669101,1299
0.14394112259346536,0.08377611490726593,160
0.0,0.0,1454
0.0,0.0,1432
0.0893214575445009,0.07370132031388847,762
0.10859544433851917,0.02305048448265524,147
0.1379667800849198,0.0462799058188992,528
0.07571310945302644,0.04355082556933534,400
0.0,0.0,1155
0.0,0.0,103
0.2522282211315575,0.06160186584406359,728
0.17339113386875496,0.04278437661728119,392
0.11262447172076887,0.025006113499832942,941
0.0,0.0,1498
0.0,0.0,1499
0.0,0.0,1657
0.0,0.0,1543
0.02757894536575562,0.012834176785483908,966
0.0,0.005472235731100341,919
0.0,0.0,1101
0.09481537571032758,0.1001478607648013,275
0.03662095652015235,0.01381491995684404,1296
0.0,0.0,1515
0.03118373877591964,0.025249610223101036,362
0.044611041058961805,0.027644532197855745,1443
0.03678518900493293,0.02315521450602112,942
0.028003342541953004,0.016132421900673967,967
0.03945710073536823,0.01817646130117482,952
0.0,0.004696220260028144,1322
0.2567043891889164,0.11835623633045969,143
0.09930403371571082,0.06732886028895967,127
0.11562883746827822,0.0716631872598772,208
0.03979401768307014,0.02369534162827597,785
0.0,-0.0010976270606125225,1433
0.04034156641904511,0.026358377619951485,1302
0.1660137869348179,0.05765163161871554,196
0.03754812336847156,0.03651815311882962,886
0.007272273841109962,0.00901713546285428,1261
0.03436291387934199,0.017898071880866374,964
0.13665102542060556,0.035917933736222665,192
0.051634098947655,0.05565782915756798,1410
0.0,0.0,1627
0.011296441609729434,0.011681404392062706,1336
0.0,0.0,1367
0.02501879348043761,-0.0073214741700548215,757
0.023301525304460474,0.017666160123047975,1127
0.0,0.0,1195
0.02655182706617067,0.025376397556638005,1035
0.05858906066825906,0.01717870919244443,582
0.04554538797207583,0.01463653752350285,1035
0.06270388872375623,0.011785707126978831,433
0.048943338241924185,0.044197805570933064,569
0.0912779145776502,0.026493537105546514,1019
0.051194819757866696,0.021567332177536185,1299
0.14602360796301592,0.06959760934482553,24
0.0,0.0,1485
0.0011731351893285431,0.012101163072296887,1415
0.06491045915211134,0.022961278226575902,886
0.020296516348442418,0.028246666075242934,1142
0.017036162292721993,0.005505179405993048,1142
0.0,0.0,1503
0.12248912550800609,0.029117254995040625,58
0.07364593244431002,0.025476667169236304,25
0.0532951794053248,0.02107329586233425,706
0.0030773737397992514,-0.001439516150221565,1367
0.1974745230554652,-0.003025301033877029,482
0.10974956515223946,0.02215828223470866,30
0.17642720564026743,0.04680082383566124,86
0.2170176834314568,0.05784485652759363,171
0.02882463029179858,0.00870032569048207,895
0.07718788379172441,0.02836254443330084,681
0.06064546234757007,0.03704669195726403,1477
0.08028287193867203,0.027656109446652602,176
0.1039159835551435,0.0329613332575411,509
0.00865884211552447,0.019250838390004885,989
0.0,0.0,1608
0.0,0.0,1154
0.0,0.0,1676
0.0,0.0,1174
0.18954824378636195,0.006813364377595149,196
0.021902628537541814,0.006722599578572879,1225
0.0,0.0,103
0.012336730943492124,0.013978705928544145,1298
0.1898325746479219,0.0071438519974399,356
0.007923440818839986,0.009547965658432833,352
0.0,0.0,1395
0.0,0.0,1609
0.0,-0.004745972511904337,1304
0.07407267926153002,0.02956692189352206,844
0.01217787947563231,0.011029717918247152,307
0.07873094985967012,0.024948190822760723,685
0.0005963276618839183,0.002597442472488272,1232
0.017434274640854588,0.006204219731768786,1168
0.019132795319234067,0.008330919116117472,703
0.0,0.0,1514
0.01762272071818654,0.004574510606221483,1186
0.01544697594455402,0.0146234734440228,1059
0.0642397213853991,0.046111313437972076,326
0.07121382552458176,0.01647898659166069,618
0.03005406299897783,0.011783264167999005,414
0.12432777096832388,0.06685727913370954,14
0.0,0.0,1681
0.025287691688338377,-0.010252953961067993,877
0.004222754715236147,-0.005387391878482093,913
0.002777620092135882,-0.004418065537181558,373
0.0954261124504638,0.06665390309337384,285
0.03359594279030727,0.003863568261488167,634
0.0,0.0,1095
0.06772256609713578,0.02074678493008176,108
0.036667111214039955,0.02249400015405838,681
0.12560817931501134,0.05611811176448488,1040
0.28727621464140857,0.06289205993561278,524
0.11808874714622464,0.04954590442704489,53
0.19769853265036377,0.053287371246736194,525
0.03806718385230893,0.02021848734928615,637
0.09331885800276249,0.06137572955488716,524
0.16217847169088542,0.05289068231578345,98
0.05498392574107307,0.0437290943931519,220
0.08334934328526374,-0.0029758856278947394,92
0.08180521490725934,0.03850022255549566,275
0.03258562737142435,0.024057574322496604,1224
0.03559109202521746,0.01857065252842463,743
0.086926133962097,0.031116550805589723,226
0.04066110113605538,0.04265344050665747,305
0.009057675276492264,0.0030993899186069966,1374
0.03141075325441265,0.0436568831808797,772
0.06610331006954588,0.05441050584317559,520
0.06223427390782197,0.020463689734927015,460
0.03383275539154327,0.023610363963794064,1193
0.05724644779223079,0.027446698223165072,962
0.003084987833695181,0.004670980411545046,1470
0.1736318527057417,0.012877093624108524,47
0.02496869397081688,0.010709223074623096,1042
0.0,0.0045084908788018616,1390
0.03984415989630569,0.03409354365838773,689
0.01854888312502197,0.0023931269707023724,771
0.03186224836836651,0.028492744714136813,83
0.0,0.0,1362
0.016354712405649167,0.006240124990697992,960
0.0,0.0,1390
0.0,0.0,1547
0.04788447381596793,0.04484960449312262,476
0.012990363777591331,0.021582794737002912,871
0.039440329970958074,0.02693612291472831,793
0.0,0.0,1649
0.0,0.0,1589
0.11017899004291114,0.040726712727066385,865
0.0766447686778079,0.04272340395472148,285
0.009701533623550772,0.010137750121983941,1517
0.0,0.0,1475
0.0,0.0,1362
0.0,0.0,1518
0.023671704548698443,0.016753367989784412,1217
0.010555716665957034,0.021261015510703713,1037
0.0,0.0073013662743973105,1480
0.05800981965358318,0.006140443607352061,645
0.06227726943957328,0.04407699428518707,435
0.010653827103394688,0.010019848522400454,393
0.013137612191882926,0.016414765549835196,1185
0.01775337448267271,0.01584581906849851,148
0.04028988533560268,0.03158907803208822,443
0.012596440405746645,0.005463892609636212,1116
0.0,0.0,1265
0.01773281959593539,0.0029369667548323547,1335
0.062354373627917355,0.06489978325620717,319
0.01047613627751133,0.002268626473667122,1453
0.01198600778025477,0.01538311374174275,1188
0.014955295021347275,0.0206008186902006,1146
0.029244052387926024,0.013491027737014964,459
0.00381984640052725,0.004696822423367695,1521
0.1311521106906034,-0.02655509081913536,196
0.029773886355824255,0.013894787472090482,1108
0.015868365222462447,0.01994619213128103,881
0.03535429424811684,0.005781922195390926,610
0.22691023718814338,0.10646893095686119,184
0.0,0.0,1463
0.040359976736575195,0.029802115807279858,604
0.18142703479011432,-0.006637460675084673,653
0.0,0.0,1137
0.022142164915804202,0.014401643843929217,589
0.24493308942157033,0.07879518156414277,87
0.0,0.0,1572
0.13917466909485318,0.03466178205607008,424
0.0,0.0,1345
0.037788084461246464,0.021389951843627613,908
0.0,-0.005500078259678935,1147
0.0,0.0026918549112242302,821
0.030294732290851518,0.010571168295310513,521
0.0,0.0,1101
0.0,0.0,1613
0.004706803426288415,-0.0014364446083239995,910
0.07146482707887473,0.024797665502831096,916
0.019674479843268252,0.01209557611501148,969
0.00662543971275436,0.007702608952211645,1530
0.0,0.0,1271
0.0,0.0,1320
0.1449259332041842,0.03527993735488286,192
0.0,0.0,1245
0.04941142680202192,0.051650420191921745,773
0.0,0.0,1578
0.0,0.0,1671
0.12138664779811652,0.05393011793449171,738
0.0,0.0,1522
0.052573946727383955,0.01762224843279286,60
0.00549289886608497,-0.0028468983139749034,1172
0.022603352124264092,0.01650923135988437,1115
0.0,0.0,1204
0.015600236913839572,0.006970901304072756,995
0.07420648158942998,0.018279941935871343,349
0.04787580706776179,0.007250547454635406,84
0.06954016676701023,0.0316739663793618,661
0.2315081772577007,0.04561153369192654,510
0.0,0.0,1541
0.020518232548033134,0.004187643924374748,1248
0.0,0.0,1484
0.06905377814788138,0.08688753128924356,1036
0.04864297131170793,0.023591846753099967,958
0.18187091282394066,0.07476955092078637,256
0.0,0.0,1542
0.14886157420914278,0.01841749663818002,570
0.030740045055215662,0.026458462295060523,1022
0.15298655317354964,0.01556555313436737,510
0.018708424626518286,0.020461066767322414,333
0.19892289443949446,0.07743357394262855,238
0.04859411034521565,0.08437835354308658,258
0.12023636331337947,0.03213909918111622,560
0.03671734627797258,0.015797011202655194,643
0.029182986494700032,0.022011191944619486,388
0.015523463600569012,0.025576862531551184,1162
0.007064691530917724,0.014241679009082976,1030
0.1010677182532852,0.0397509598664379,1
0.0,0.0,1629
0.0,0.0,1546
0.0,0.0,1328
0.10852645335666787,0.02224757275194415,782
0.010246809223490276,-0.001807241142721473,1299
0.0,0.0,1546
0.27442063901564384,0.07095850615336532,179
0.05031422870280547,0.030205040875225134,1007
0.03439265586474775,0.01172263954747331,737
0.03158044109548567,0.016284044210241422,1448
0.0941497802915997,0.05366685087965083,377
0.021182482378790512,0.008724698149232398,1534
0.08781955633517306,-0.02351584834978229,228
0.06889109898642952,0.03331832308590491,640
0.06700192920747114,-0.01724872747934511,730
0.07890698996829651,0.029240032978488865,470
0.23859840170523605,0.027679380174126685,478
0.03928093822006419,0.02767335322939884,408
0.07875605157707946,0.029919503556746597,121
0.06726328056098302,0.06378519378207523,475
0.13328149826329905,0.05712422096987049,707
0.01865363241884294,0.01376142660085852,978
0.0,0.0,890
0.0,0.00022529300708197368,1606
0.10286332199963115,0.037181467372444904,75
0.0020281769922751666,0.0017763795608578498,1270
0.13369691964131408,0.057207556722873795,62
0.023961401504110545,0.017493660525278308,970
0.024312539525246132,-0.00872880823060561,778
0.016404250125117127,0.007238600665295911,453
0.01316840879873213,0.015385219012074855,1037
0.008771130289248495,0.0063963472922564995,1376
0.0361693526241601,0.010564223124044347,613
0.006127920893217031,0.009317581334337946,1071
0.08353952569400214,0.01222978399953432,163
0.13084388867176033,0.0448363976349732,224
0.0,0.0,1389
0.015760466356583992,0.009965129880381889,114
0.08853997713707426,0.051935380701048355,43
0.14463560900971084,0.028945544154355813,185
0.005595921421004599,0.005889680664517041,991
0.04584551053351178,0.03302946994781142,386
0.0,0.0,667
0.07488862341326913,0.03753673684750886,409
0.0,0.0,1620
0.04575122683704703,-0.0012614189447783613,617
0.0,0.0,1349
0.12432777096832388,0.07037189871098282,761
0.014919809005104175,0.012885580874620632,1323
0.06421916990741372,0.03133318641115275,59
0.07976079818574748,0.03280570928481662,1038
0.015289439879902363,0.00727447970238188,834
0.19578722332954784,0.01941842685702601,11
0.05563055769336676,0.00995158840561024,566
0.033278676693032194,0.04266940660214355,812
0.008571790013683267,0.018107706799476084,1316
0.012064291436673867,0.018750290482990956,904
0.05444161714903313,0.046461284021540185,615
0.0,0.0,1359
0.043138428416598096,0.025985271099609877,1231
0.07338759459083315,-0.012954599379576477,457
0.0,0.0,1359
0.0,0.0,1349
0.19767660071589657,0.002856944826101802,497
0.12942508003730901,0.08479882567039443,297
0.0,0.0,1365
0.08541877931871687,0.030687539976602892,663
0.0,0.0036359123940474538,991
0.0,0.0008377059679420378,1644
0.008740436370322933,-0.0018807432347968125,1539
0.0,0.0,1332
0.0,0.0,1430
0.0,0.0,1522
0.0,0.0,1657
0.0713652156879055,0.04979852147392707,736
0.0,0.0,1401
0.03553163907501063,0.02056917533022555,56
0.0,0.0,1491
0.08856507301731914,0.0765742081800043,779
0.0369847909719237,0.018746088332044365,733
0.0,0.0,1149
0.010316432097961858,-0.0034285510179451035,937
0.06062540537411656,0.06329672769287885,615
0.03026719734860273,0.015186745246265435,255
0.17600979231346364,0.029022786920827128,193
0.07633887443117508,0.06686288205158841,467
0.098611392657872,-0.0169713008842448,230
0.08130626893506601,0.0264798946170846,136
0.021632878842235474,0.01796629280630099,1096
0.17824983235168412,0.06076803496076446,185
0.04636215473770361,0.010539213155912793,730
0.05151525526916193,0.030833380474204048,628
0.010710655886733082,0.020245664542394314,1176
0.0006549622215763794,0.013691605036233153,1086
0.09141757639501916,0.03258829426685839,647
0.03042180034227439,0.026058830680279074,997
0.08389742908791702,0.03898727832992707,624
0.021072203236971437,0.001010199619531297,1440
0.04841657732824652,0.030000886159798068,735
0.056507247435470344,0.03482205977264794,814
0.0056027789282186834,0.012784073397861119,1474
0.1366722520294884,0.036178230398624944,163
0.20765739359292515,0.01883156845251293,301
0.13782857120445033,0.024288215582745337,809
0.09329029158163199,0.006200449834132674,721
0.13759454720973743,0.0825999758145976,174
0.002233321699301056,0.002179705322136129,775
0.0,0.0,1275
0.02034569278710437,0.021940038081042054,542
0.033732624129477064,0.009518251452185962,686
0.0,0.0,1397
0.0317705724325263,0.014381128493675918,669
0.10806795773912997,0.04645135319844675,530
0.028110318267368175,0.016222333964556936,1228
0.0,0.0,1568
0.0,0.0,1508
0.0,0.0,1429
0.0,0.0,1557
0.1416430022498688,0.012260310538385034,184
0.015420253281137837,0.014284424280805058,1448
0.21156126106111356,0.033544139923102484,473
0.07290901602990335,-0.01836055157387419,9
0.02666620590383806,0.01716740071970373,979
0.07057467005703968,0.012217746071308063,1052
0.0,0.0,1481
0.027165086080938223,0.022976647370341666,374
0.12052382464032182,0.008294673798609174,433
0.04418686674354789,0.008394016783320317,584
0.01015019054699312,0.0221314766115161,1502
0.002759703358778556,0.006949717413260195,1521
0.13352467576073507,0.005239915723407795,135
0.00798051033517189,-0.0012105082558215698,1188
0.03118466316079915,0.038226515375289934,852
0.18964245168793026,0.011985439774078812,650
0.14158909545486845,0.042736924497903464,53
0.08260481827440114,0.045571605186164925,331
0.0,0.0005791792008894563,1333
0.022975160517656797,0.009512017403081911,978
0.0003759763932169799,0.002690424502363118,437
0.06447715911937354,0.022588834644662964,433
0.18934404337883673,0.026110027961749764,734
0.023428678988870223,0.023070969336616936,753
0.0,0.0,1253
0.0,0.0,1489
0.0,0.0,1233
0.0,0.0,1463
0.045083827753376673,0.03200828610309337,456
0.13376844494422613,0.021908208898770855,527
0.0,0.0,756
0.05341914970195523,0.04949333115013237,161
0.04973705497646498,0.022200618557216296,805
0.11804268259599915,0.06456862740366222,110
0.050678420852568344,0.02137139172587423,357
0.002387232274171799,-0.0026089474675938203,867
0.0,0.0,1371
0.08719341414170632,0.022856907295878696,590
0.014947003080949943,0.006392201233647668,1144
0.014768619908056835,0.008165088927526341,1494
0.03719733353007247,0.03560751955246378,552
0.060207982383615126,0.021041528488057643,682
0.14453454340677832,0.04748795624663519,605
0.0,0.0,1505
0.07194864296844986,0.032637494638147184,846
0.019557731362717136,0.005458629944822084,1297
0.0,0.0,1419
0.027718849179536514,-0.01884894424043887,265
0.05275593616501743,-0.014966215095482089,165
0.07132567073943998,0.019750409516950385,1439
0.0,0.0,1371
0.0,0.0,1471
0.07008235263831736,0.017815929887591602,1477
0.02061423953985402,0.02223931160178107,1176
0.012208545163867279,0.03852999617312674,907
0.009656282543731179,-0.003501905707599015,1439
0.060084895015088596,0.018370059453702993,476
0.15009683555575845,0.02988573734396527,518
0.09715943839322361,0.02827708328507269,213
0.028645053215414884,0.04101262964414717,873
0.08782318917075069,0.03672893253181712,54
0.04906752514626629,0.04315198133332778,1013
0.06330481179669865,0.031446711470696824,805
0.0,-0.00021672827217330862,1405
0.0,0.00046112046031333186,1255
0.053791520735577275,0.02644385152321774,1193
0.0,0.0,1429
0.0,0.0,1316
0.13022499678655042,0.03063698513313508,664
0.13746634395558718,0.07915929767887994,81
0.028084025699344442,0.020215303654458772,759
0.025128582204780942,0.027583693923787154,739
0.011581200345378125,0.025044989808558092,1277
0.0,0.0,1672
0.09134305829065013,0.028981525179716364,630
0.06074182864815259,0.08492563200663361,288
0.020453027063505855,0.043695556192697424,1282
0.0,0.0,1652
0.004581669340159085,0.017602352851030824,1440
0.060085637782810966,0.0546853641235744,370
0.0515948160323919,0.01546260540380873,607
0.013766509526626478,0.0028479136953125147,713
0.03115745786153255,0.030176176257707035,1296
0.03415820455901123,0.017167671206440215,863
0.1097741785318585,0.046972920757971805,86
0.138931607592279,0.05406755579275189,719
0.0,0.0,1552
0.015142969650652994,0.01574482469677357,350
0.0,0.0,1633
0.020136967489267545,0.05104431212247023,879
0.007420325985746165,0.008120461131865883,145
0.0,0.0,1143
0.020970472793708034,-0.0033207525966401055,1039
0.12624219703871248,0.09156571140970118,306
0.14552852750436898,0.04025663149128577,178
0.03372335607593492,0.04168193474283731,894
0.014384203643558784,0.011472270605824432,1427
0.015290974820807574,0.018192447380941935,827
0.040328349680464635,0.02500989615710604,1117
0.023019574093415228,0.015814784990343327,954
0.006296257447294289,0.005318223061490947,1295
0.08388049001803022,0.010178383169147634,529
0.06839848098584901,0.0571631964889759,440
0.12863986820459536,0.008322991742258562,316
0.03611395605409992,0.00026032417107603727,538
0.14116375806662024,0.022407351264615728,734
0.0,0.0,776
0.04603104539704129,0.02496671347827477,970
0.051385184284646196,0.0034739315045927864,622
0.0,3.36682556805219e-05,1195
0.015285478799911847,0.019842718198938215,753
0.011659249656197117,0.005039289128393703,1453
0.0744155967875767,0.026898178605040002,124
0.024163085058798828,0.015014096463599896,1146
0.11551281168993456,0.04543444984081366,191
0.12470092319395101,0.04920086872330771,160
0.0031888562364440153,0.0025436795403378236,775
0.0,0.0,1368
0.046828313462301055,0.01749587143760056,459
0.0,0.0,1515
0.1269331813667394,0.08944120928180917,297
0.0,0.005121297508694814,1332
0.0,0.0,1344
0.10764414134746664,0.018367290737947278,938
0.000976588493232962,-0.0025581335951735955,1473
0.0,0.004413299718674824,1417
0.05592260157946968,0.017644820335043606,1266
0.05420141518731197,0.029244558445659163,570
0.03613547523365504,0.04178702280008039,248
0.0,0.0,1681
0.047117066437099266,0.03937666229522751,799
0.0,-0.015613631061977672,1480
0.0,0.0,1428
0.0,0.0,1675
0.10796693507940906,0.04351052434589459,28
0.010437401845240498,-0.0025585905650575033,984
0.0,0.0,1642
0.03471460790356525,0.024530837933302907,348
0.017733754641640953,0.022093401726501927,960
0.0,0.0,1303
0.022354864637569388,0.0002769808351913214,1184
0.1407233104443938,0.016546280674078144,519
0.1931980524636073,0.014486065184320775,207
0.08714082421499686,0.011978848061526869,512
0.0,0.0,1620
0.01593772611978488,0.008629099993836577,1287
0.0,0.0,1666
0.11884348340176139,0.028668140114344678,227
0.0109659174980131,0.01125821428297442,990
0.08539789969399839,-0.0023797074173946124,780
0.1329244830503162,0.06347658382663501,429
0.0,0.0,1661
0.018811523422956996,0.008945920376231218,1197
0.04133978230932608,0.018871258388365345,648
0.007804471254162209,0.009377508882350756,352
0.03909057883733731,0.03880790405231597,243
0.09102168624718285,0.022611998920356948,281
0.02671519476970248,0.007165295043699955,1284
0.07409501087104242,-0.008557131082510386,75
0.0,0.0,1386
0.06882575214887593,0.026338006338345793,213
0.0,0.0014450317087162522,1473
0.22068942020485113,0.018393825993927755,482
0.032441318104625035,0.022398660297803012,1117
0.0,0.0,1675
0.13311177709466526,0.03960839553261225,98
0.019671173219137136,0.01740180030189713,1343
0.0,0.0,1401
0.14988347365157229,0.04845439107434064,365
0.018816828281876922,0.032520717690920777,1145
0.013344177435827569,0.007441872531147068,1087
0.23358226804493493,0.03338989235384535,653
0.04930472090011421,0.024128431982581848,165
0.015589646913852957,0.012624171874033717,1111
0.0181643062885842,0.02337886848804342,298
0.014384928569836163,-0.004038678258566053,884
0.0,0.0,1242
0.10250064121489746,0.07439982595546447,218
0.011974583233264342,0.03030898212805827,148
0.040206469772374936,0.011335003365846594,924
0.08517460416997848,0.03333705608301596,596
0.14532864044108929,0.06644993884487124,134
0.09294992969587146,0.016812904833129035,461
0.16012461877706446,0.01940930873442064,407
0.02507567349722442,0.02334646928968914,1035
0.02267421953063681,0.007709329004652039,1299
0.008178465883683747,0.00977559619214454,1554
0.052032696748425,0.027113720955506643,1150
0.04906433864173122,-0.007217070847561046,315
0.00562346585221013,0.002916396601958032,1543
0.03161854400329598,0.012486179170201093,802
0.17445069608552202,0.05661282051891298,500
0.14175231171096317,0.09523003191200166,234
0.003780493318281895,0.0035056272664119557,1201
0.11988358497398353,0.0418166197528135,76
0.011430596956472736,0.012181249806810793,1300
0.028956227678541616,0.02943197025827506,1146
0.0721272137367347,0.02663226231369861,1100
0.0,0.004222829795859726,1480
0.0,0.0,1483
0.12954275355519795,0.01943110630130476,745
0.14195523442623093,0.04786831764098824,503
0.03089205735751515,0.009140836213023449,864
0.012405745595919827,0.02957151890363931,936
0.11287272426510546,0.07083321006434255,0
0.1125169051589733,0.00935001137569453,447
0.03200903390069532,0.033861756501475146,739
0.027180429742369987,0.006803629193624061,494
0.00761148574755003,0.013636135129704428,1042
0.0,0.0,1508
0.0,-7.39241454332785e-05,1237
0.0480356919422483,0.0588943315124938,367
0.050577987020808415,0.014244827047925053,544
0.23665026636410566,0.0281068447452562,479
0.08657681304207081,0.04672049159498786,1073
0.028085086515930176,0.0030300987911717203,815
0.11132223246454305,-0.009417933363983538,384
0.10508491031321691,0.02793701079745185,364
0.008249337758364967,0.016574278238116018,1127
0.0,0.0,1462
0.1663329684057958,0.0318510538941769,98
0.05907489101608581,0.01859393015084724,600
0.10962386901135049,0.04931730384981315,3
0.028147791453340117,0.014847446096995166,1420
0.12000756349030813,0.07075396397595436,65
0.0,0.0,1137
0.02006504066300771,0.006408349077634724,967
0.0,0.0,1471
0.10340758808709379,0.0027085063928145568,504
0.056786975880832785,0.04219228735028365,279
0.0,0.0,1306
0.017823059465475327,0.003947306249570693,1207
0.22941482988239978,0.060687629492036,66
0.07971137759539175,-0.017623480670762814,149
0.1880000673641854,0.08485825150475955,97
0.033295720119404,0.013057023986242,826
0.0,0.0,1609
0.1074499844229922,0.03051080739975623,392
0.029820924139324235,0.025774028215271815,572
0.0,0.0049802872475003725,1388
0.0,0.0,1613
0.0,0.0,1489
0.0,0.0,1381
0.009667046801153307,0.004509186134145104,1278
0.007743247951425207,0.023805008889909857,798
0.12545056272113353,0.04042334438253156,504
0.025381091948910098,0.018964631701600333,1060
0.0,0.0,1260
0.1180140643051673,0.0496710118018326,844
0.0,0.0,1429
0.03080052626659433,0.020033194465629196,793
0.04246794219635862,0.03812213100807903,1238
0.05691754379278048,0.1131225343803134,259
0.12977605835551145,0.01507226126931046,603
0.05058138953373913,0.016010190277893,1440
0.032018069390474614,0.010367317275259908,570
0.010511001160686222,0.003735468317903884,1313
0.06694069074887099,0.039548762527830086,213
0.0887255256939326,0.020502606865444445,59
0.005154576931011712,0.010586073090867135,1367
0.013574883446973595,0.01091187717853098,1167
0.0,0.0,1233
0.0,0.0,1611
0.10557683882007017,0.028196992917150464,149
0.1814000188717322,0.06304981133006565,151
0.013855359066655963,0.03914826406982218,904
0.04100831413390563,0.021403991982539648,955
0.00027660997798834274,0.0026136318238426555,1539
0.11831850220320556,0.008897381232674051,302
0.18045858636970816,0.03173292654735503,650
0.12618456952761967,0.03679238012992159,524
0.09562625250422783,0.04143195290129996,577
0.11545094042357616,0.05614376504916244,149
0.03237990798314642,0.04867635114328999,798
0.06265264466129017,0.02879096071615529,622
0.09883950863349043,0.04908747462840991,156
0.028085305097457415,0.011824310210399619,1148
0.12504285963056558,0.038060781432805724,636
0.03685600341114454,0.00030712034166365784,872
0.0,0.0,1338
0.07083450881703798,0.053943342896349,824
0.10440927290594887,0.06131157650914282,115
0.050255141015713364,0.022567292907779746,1410
0.011648163706200584,0.015935568615558605,1023
0.09756326290253015,0.06877284108305004,513
0.02302079321058069,0.01803778165984695,868
0.0,0.0,1466
0.039712726700309633,-0.0067036587110643866,846
0.07897202728080735,0.04689328151012895,159
0.0561010968328837,0.017516424490769282,1181
0.11720188138221384,0.00863476096702519,158
0.18076523891331933,0.01400159936344918,133
0.0,0.0,1327
0.03941151012047604,0.030488405398522142,955
0.036994711766243964,0.019874685394201227,796
0.0,0.0,1525
0.1832313299876433,0.040039348880929304,522
0.23792474215151221,0.016781051614686227,78
0.07988953221924235,0.009837356657516467,528
0.031747073593810314,0.020244437832680495,924
0.0785760634750512,0.033907721653651524,273
0.0,0.0,1463
0.14439538478974767,0.019274203304258327,47
0.0,-0.008716835620517132,1404
0.042601750122008876,0.030649400477462563,367
0.0431977244633162,0.03967806783507291,125
0.005595174441091437,0.003010924949816924,1321
0.018519969878424417,0.0034717812644202393,1439
0.03528172710676447,0.010882000338872658,463
0.0,0.0,1582
0.0,0.0,911
0.10680556892740757,0.005155368821651613,301
0.02237997570313231,0.0335648372310011,937
0.0759589434388187,0.03550140712622938,488
0.05298922675660508,0.008392959295900415,1141
0.019894781608420016,0.01548377384101849,959
0.045282283497920454,0.013712238946102755,759
0.03805300894880916,0.03691943141725505,648
0.007865697967853746,0.00024229830124733402,1092
0.03681193924849102,0.023710831034631816,1006
0.027144989726333012,0.026420295146827356,311
0.06340755008560213,0.017390793911016788,930
0.0,0.0019067622631320214,1484
0.05237727387152924,0.033825752508420015,1097
0.0,0.0,1499
0.0,0.0,1555
0.0,0.0,1129
0.0,0.0,956
0.023217564172316213,0.02921134833590247,1017
0.007881077348672187,0.0240690411658139,1037
0.014852237143824146,0.023307531955588746,1017
0.044770822229350554,0.05195581755685144,873
0.10724584213786513,-0.010763224435171442,245
0.0,0.0,1349
0.011563298844821235,0.019146906550398655,1070
0.00498451302365096,0.004103878325323816,1126
0.06919404919312089,0.038199557555716135,648
0.01886069874374904,0.006461139717304399,102
0.05614522104421356,0.02284588548987294,726
0.023682131075098353,0.013960871204927682,758
0.1106594446572253,-0.002149190678300495,62
0.01652262064347243,0.008864706294426055,1142
0.10639758211358483,0.041615993282405006,54
0.0,0.0,1509
0.0983971563821045,0.028876430780024276,664
0.07447179997544896,0.08524281748177058,285
0.042349905565534106,0.017266959813376646,801
0.030525347363754608,0.04077885214654793,897
0.1373664176477349,0.06397426440675329,418
0.007846770646114115,0.0075727249824282614,1176
0.0,4.860660792735558e-05,1255
0.057189051657643264,0.014690791002069034,332
0.01986793777961992,0.02635420425945558,235
0.08923044330857782,0.033630982822310126,432
0.2166066618469015,0.0587259491702816,426
0.1361587004702623,0.009361808709720377,65
0.0,0.0,1672
0.10233765411543942,0.03917016533763999,651
0.024713584467041458,0.012139361226137799,1009
0.08783013118677367,0.03580644398483111,709
0.00796307472512085,0.017543193210564703,34
0.0815117574131026,0.047536951485662164,32
0.0,0.0,1592
0.02000971820759453,0.004486659908998179,1427
0.03046974436835189,0.037507682753045134,1511
0.027168014899260275,0.019461082680134245,959
0.07750325326225607,0.051935954126070445,581
0.10450605375340949,0.04700556052840923,842
0.08902051102359418,0.060823192820061774,311
0.0,0.0,1174
0.1293050633844519,0.041231699049531716,218
0.1619791213077644,0.08058465305676037,558
0.0291160553495946,0.010071768614682225,1181
0.036099447845754695,0.02190847822421194,253
0.0,0.0,1327
0.0,0.0,1416
0.03028224515889644,0.04550697757276773,362
0.06871733775394862,0.016367554544309024,433
0.04003349461452002,0.037637007394521006,854
0.163779689836058,0.06800164355178198,123
0.22285140055049055,0.09335571787365106,155
0.06886855189223758,0.027731915762052604,355
0.09086892174449451,0.0608431783939357,96
0.0,0.0,1652
0.0,0.0,1346
0.17375642360981372,0.028898245140577317,314
0.0,0.0005791792008894563,1580
0.01517192144998634,0.0031305989853227484,1534
0.05050112157226566,0.026414071901638754,1420
0.003377550937651879,0.0002097651340096424,1197
0.026613733142417443,0.012414220709804573,1223
0.09730127654439301,0.03079761561178143,605
0.05434216255417362,0.020887178504491188,859
0.07470022665890291,0.0679480716797279,409
0.004281096849492449,0.010224012818130946,1249
0.04170251094198929,0.0198768385349983,835
0.11109878921206837,0.04672027495776431,400
0.0,0.0,1483
0.021756892143812625,0.005917052456097092,792
0.07811453295548157,0.004115453915387406,789
0.0,0.0,1514
0.008889705842214084,0.0072904191736852045,1440
0.073535747699315,0.03662023137958397,372
0.0,0.0,1638
0.03455439778931235,0.006921729833943385,712
0.17330447332315096,0.06145923592013194,527
0.051964438962588864,0.04461885794093195,701
0.0,0.0,1185
0.1321348319868533,0.04596389659497671,264
0.03659376490820913,0.029770412470451594,101
0.07238952282885296,0.041068225934243134,355
0.08952156285684182,0.04645377794046855,122
0.036689536336107706,0.017542499572570088,784
0.025338505051440682,0.0011221009235601004,1302
0.0014352963749057017,7.159553739411937e-05,1153
0.0,0.0012103936575198774,1456
0.006302245703537698,0.0035799248341166147,352
0.045636173338704546,0.016805707105521706,1138
0.12601497234209008,0.05853068215217892,386
0.0,0.0,1669
0.04021975483402166,0.029546247849585993,1418
0.0414982668014515,0.01590152202611811,764
0.05413129097509855,0.038051823619930314,769
0.054328562403145764,0.01602412298537009,846
0.0,0.0,1076
0.06980125020297978,4.722724001179736e-05,144
0.029914851424506384,0.02343443164603604,1169
0.01369946975208462,0.007969188330164294,1081
0.007141724993431865,0.0336340668272555,308
0.07327373075175536,0.016942142741208782,655
0.011780423298720723,0.010826013743087776,1107
0.12553570128125904,0.043149163311411776,41
0.004072421198926118,0.00015228394365441393,1160
0.007896088747206606,0.00858256606540315,1517
0.0630727500324846,0.023001726182999754,244
0.0,0.0,1407
0.010467419793637099,0.007187162148944207,806
0.01695823505946616,0.019348899090789105,328
0.07627313078017668,-0.003403539383146436,62
0.00913925084746693,0.0033183225305158737,702
0.008456803477116723,0.013911083836990218,998
0.0895052456247429,0.042451686709152885,226
0.0,0.0,896
0.0,0.0,1587
0.0,0.0,1250
0.24681904761410525,0.0586226487368347,473
0.08118601043035996,0.0303614901549545,435
0.018218532045943498,0.008859551332430054,1203
0.10990393784218462,0.08028164832901594,385
0.0,0.0,1422
0.0,0.0,1423
0.06700585571003434,0.014536107956707093,686
0.07419576619845374,0.03662590778611527,462
0.05564578317351864,0.017763221414039986,498
0.010324096122042176,0.00472505739645614,901
0.1367789428252087,0.014680638316941646,210
0.0,0.0,1504
0.08922424155321057,0.014383842940173705,85
0.0,0.0,991
0.0,0.00012446707439316062,1638
0.0,0.0,1657
0.13071855735509136,0.03753625653150308,168
0.08590671838648783,0.039737200675412185,385
0.006371318859870062,0.012745545784403322,1472
0.06421214021399328,0.027344657126503163,1052
0.12316749503044841,0.07794238437151867,520
0.0764804344534992,0.023804968613922804,414
0.0,0.0,359
0.02814442378060603,0.023618232081439285,1059
0.06201917260991611,0.015570014614792179,589
0.0025558948162395056,-0.0006099491078583737,1396
0.06708483680109567,0.06489264181711867,460
0.0016517596746627517,-0.0029491635841128318,911
0.15260630661975014,0.00699736746216519,98
0.02473911246067101,0.020049712729189584,669
0.03623461339422692,0.038039702864326785,1205
0.004517162449238304,0.0031314833958489482,1153
0.04482936414489649,0.026639255311014125,1410
0.11545094042357616,0.06649003532838042,128
0.10055318150482524,0.06931057673424826,13
0.022221079059018323,0.03033861073035539,538
0.0610999747131425,-0.01314217900700162,789
0.0,0.0,1635
0.009136438237359094,0.025605600871160393,1277
0.1457827915092558,0.045350293437377204,9
0.041982446093142674,0.03907530341563586,364
0.03864566803937126,0.03677816268367221,1072
0.03715443392540522,0.01940156987069681,764
0.0,0.0,1079
0.02722039362862211,0.014680550158276889,1108
0.0,0.0,1311
0.0,0.0,1546
0.11454054542980761,0.027024094999629496,658
0.06342062741355303,0.020377599059648806,773
0.0374068594708055,-0.005530934512967559,302
0.013191217205004662,0.0057108982655323685,1374
0.0,0.0,1625
0.00508632862668552,-0.0006211958675047262,1516
0.0,0.006995992842427011,1352
0.0,-0.0032383455089749057,1404
0.0,0.0,118
0.0942199931374793,0.06355523685108629,741
0.017071664287367113,0.011215319966015418,679
0.037982442863954795,0.039811626789625736,562
0.016587212250456264,0.012782568304362266,586
0.057531619177168265,0.03956480411468656,947
0.26999940015865975,0.1186797511288618,179
0.0,0.00508506694714549,1627
0.02132275097183012,0.039990790607798504,974
0.0,0.0,1325
0.007175004323890043,-0.0043480284309738,1539
0.059723228896268174,0.04343094862382618,380
0.0294919702874713,0.020127825811136577,1494
0.11112423595945971,0.02039888492154027,789
0.0,-0.0005482530048314733,1647
0.013942168983270622,0.024595298061706492,1151
0.06438481297182662,0.03562753780062012,220
0.008691779189514273,0.007483601379760986,1453
0.0991921719256971,0.040196467669279166,117
0.0,0.0,1395
0.023684378969381838,-0.015069131435960191,1221
0.0149307958295013,0.03207801267557128,1153
0.013164385042630409,0.010199287102595647,936
0.07355836901063582,0.011244558710971927,391
0.02484677266830286,0.017706602240052206,1016
0.024253721153912926,0.021341446756146,137
0.07783668774751545,0.030575114743693232,469
0.11985805392252881,0.05021843182971664,1134
0.023347480762860615,0.016727886577845064,1077
0.06395474315327017,0.04388518088621138,933
0.06229303947083192,0.023509056331856147,606
0.0,0.003724097360837967,1558
0.13684597951851094,0.023733955727555926,207
0.06358417726785125,0.0726710103941141,110
0.018279853785026664,0.020467626305329424,620
0.05552045047401314,0.03553452082427974,467
0.0,0.0,851
0.027102769142788488,0.022787290708766804,1018
0.29035810376646776,0.11521488990616058,228
0.004779115574261581,0.0100750119013618,145
0.01959089048059206,0.013206188226421148,971
0.014451136680517392,0.0020449349138132403,1284
0.1271026128570708,-0.03894801925247361,519
0.007708222405356698,0.006587110651350656,1408
0.09584525264332618,0.010927820422042206,509
0.0,0.0,359
0.0,0.0,1103
0.04183352288073466,-0.002024050127969593,414
0.037010684540251484,0.042778464061477096,444
0.07846941532227418,0.041118842655188836,644
0.00329104945166417,0.008439168498834628,1277
0.06649586012877054,0.05339169366979829,409
0.004134446355261108,0.002190624092017771,1252
0.037732846717927544,0.01616648222770547,1018
0.061558362560718685,0.019413489621076734,272
0.0,0.005894625072466591,1577
0.038807638510552016,0.022336198967792823,296
0.04064275428736845,0.022532508112442968,502
0.0,0.0,1659
0.015691436283108005,0.028223356269905877,717
0.04726438035981412,0.024136845114543067,1214
0.0,0.0,1338
0.008436336022566165,-0.001838063823507833,990
0.0,0.0,1592
0.08077584459815032,0.06601313559277805,272
0.09996294899585899,0.05014998747884904,410
0.01969664578078436,0.004263447898561549,1112
0.12483577077027712,0.060180676490609916,518
0.05060011278165586,0.013947329301760389,933
0.0,0.0,103
0.0,0.0,1457
0.0,0.0,1460
0.09523664310731855,0.04758519538334642,596
0.0,0.0,1365
0.08673098462452918,0.03754091286059742,59
0.18005345334174755,0.04429961164901156,498
0.10715480259459613,0.07455333565774722,871
0.01858592971922042,0.018052183499114687,1265
0.10774027142529449,0.026614143274802757,814
0.020202578553663867,0.021808200393040208,1058
0.04300041895564263,0.032495413263550155,333
0.0,0.0,1189
0.13606873877601797,0.07641889114507858,184
0.0,0.007430066012984708,1305
0.011812814932476283,0.021947459801578136,1060
0.027904161124558603,0.039529827343211435,1098
0.04036052657969767,0.01732699828447063,1010
0.023770099223051885,0.03450015158540475,1290
0.11208804955643788,0.0506181479316953,217
0.015123993677417801,0.0195216065718283,996
0.1144809614996823,0.028928426408225582,191
0.03233069667602659,0.026661430409587242,895
0.020929776967167944,0.01088334961079355,988
0.12122278739698569,0.037850161544976724,86
0.04423776298016329,0.004395428608894323,1102
0.0,0.0001339024882166456,1606
0.0,-5.0478541962818055e-05,1639
0.09275726093798413,0.049772963566177685,571
0.04887186078701988,0.024572741012211154,615
0.0,0.0,1377
0.050307899932287264,0.024457896146442535,808
0.008849207995164154,0.00823485108768205,1396
0.08952156285684182,0.03072923696294415,475
0.09285568137779485,0.015097284763193532,565
0.09980506769812869,0.008215636813610493,141
0.0,0.0,1447
0.0,-0.0008031882404347344,1544
0.025058259002481133,0.022929641373072733,1049
0.09402259297416632,-0.004701200132738606,672
0.08185687247461274,0.03632550805562591,423
0.013804754075558544,0.016015055000470187,1061
0.16984176751225458,-0.002308030025381223,656
0.0,0.0,1669
0.05967357680031083,0.017235483331808053,758
0.0658756019807056,0.024529711481907177,140
0.0,0.0,1588
0.02474316322264046,0.006892692038730678,376
0.20490905262251663,0.05732279775873366,431
0.06583017473046245,0.055622729700300765,584
0.021434415946260287,0.011015565522456982,821
0.024234606972544488,0.024129575287481064,633
0.0,0.0,1305
0.22595163915325756,-0.00642046263239183,602
0.12023602751160112,0.051750817059413846,454
0.06206094707068898,0.031979868354673646,747
0.0,0.0,851
0.041318890235019695,0.04085248303207348,1058
0.1725781060408747,0.04017683313821127,133
0.0,0.0,1323
0.0,-0.0008143573281824876,1129
0.03269612303886622,0.024891104277760923,792
0.03980377517526072,0.018633227063630037,806
0.010387623739893466,0.00905681255022467,687
0.08144623922312204,0.05270909237744742,4
0.03359088320460018,0.010836902935967318,812
0.0,0.0,1643
0.12743458169372643,0.05001600600977632,630
0.0,0.0,1437
0.13543530727756353,0.015465002368744768,31
0.16808461984013132,0.04385092437323467,187
0.00817998498722443,0.022365003090889925,1482
0.0,0.004545400935161334,1649
0.092086020185013,0.026545246080876012,240
0.0,0.0,1442
0.03533657650448493,0.02034467362371787,1089
0.01952656318304281,0.006236639152886427,1212
0.0,0.0,838
0.08964153166890544,0.010985365712553244,91
0.0,0.0,783
0.24794471796302228,-0.02368705941238705,482
0.1218071999395132,0.04775138661072157,54
0.0,0.0,1485
0.014589925129778863,0.03150843963315454,1249
0.0,-0.007345876235895097,1555
0.17096893558444193,0.058171020087278875,215
0.01563939191237283,0.011826194438833915,897
0.08026139177316194,0.03661062613750573,714
0.09310985484366888,0.011348149404433539,144
0.0068141778214834475,-0.0013299648081934803,1280
0.0,0.0,1002
0.11085726044278693,0.06048205611849455,661
0.051723953553524125,0.04137567027967457,852
0.045522630731277734,0.04002484764839165,84
0.03346518785922379,0.018773825071283484,682
0.041418504433613335,0.025509209990386177,369
0.040118811413994176,0.0323735936819588,836
0.015477226004103775,0.06661803437886529,252
0.18185961407690537,0.09070602223847211,379
0.0,0.0,1259
0.03289264247348041,0.016549556628284903,793
0.02999256330224615,0.024061959559850372,748
0.003735204852900636,0.008121489439365014,1539
0.0,0.0,1632
0.10682298581988636,0.049531239824728325,782
0.0,0.0,1340
0.0,0.0,1488
0.15283358495973942,0.06422160027079331,72
0.03605863162440633,0.005497883137322898,884
0.012368527837619953,0.010060677335866772,1074
0.0,0.0,1401
0.0,0.0,1661
0.0,0.0,1326
0.011288327456817545,0.002899420672089233,1168
0.1367098767651339,0.07933171318969241,154
0.04356108194383491,0.040684970969284015,1055
0.016414088707073955,0.017690975592000543,831
0.01280361162176482,0.012421332295851165,1131
0.15260255744511758,0.04560957751457205,566
0.0,0.0,1607
0.0,0.0,1333
0.14439237735648353,0.04240658522085948,144
0.0,0.0,972
0.02420297979475993,0.013773738782535294,1108
0.005642095996242926,0.009259179895162279,1140
0.047558941933424435,0.0571711059922272,346
0.0,0.0,1598
0.11648670174965568,0.015712820744754143,480
0.10425163009203088,0.03475388048919666,741
0.0,0.0,1504
0.09880470501722839,0.04295387516417141,85
0.0,0.0,1458
0.029991841592849806,0.026993529129905953,954
0.0,0.0,1501
0.004984055692558591,0.0027887350466252125,586
0.03960249528740606,0.0031373702550036115,411
0.0,0.0,890
0.045560521969685325,0.03922152264449055,395
0.029908766471172833,0.008661726327855307,802
0.0564266676749434,0.02159532933783231,1162
0.017242888114577287,0.00677983430870371,1302
0.0,0.0,1616
0.10731332778617877,0.00933994411166157,672
0.1182071193068315,0.036749085690388324,143
0.08968822316192966,0.01094991922887349,240
0.2955481389498409,0.07350046363899401,426
0.037875056428435645,0.006424320520011548,764
0.15178518819836934,0.012093910472958656,314
0.0,0.0,1393
0.1496432199860848,0.05470399452837349,281
0.13007479466499458,0.033334809640030855,419
0.004249079246636635,0.007411343969796265,1172
0.060372460934984815,0.0035563429257444205,43
0.06174251113191664,0.03735629331359643,100
0.14275314487095003,0.03212169057422876,184
0.04478855493685699,0.005778583020416045,534
0.1936349828226352,0.09193725288945087,89
0.10505402526899181,0.0510379159117745,210
0.0,0.0,1643
0.12744345167238816,0.027536565274200828,708
0.04321467515375688,0.03752371751145976,595
0.000251920632123381,0.0005199009654677411,917
0.12382255463775123,0.05633175269492391,1196
0.011859276669401021,0.002788487489125934,1311
0.07583147983056486,0.025412592641380415,467
0.08312493696223923,0.01428565722282364,741
0.0,0.0,1466
0.0,0.0,1620
0.0,0.0,838
0.08975538970919404,0.030614320919981557,952
0.0,0.0,1511
0.16000716736945314,0.048351541285594025,94
0.037980471726417005,0.012972563552147634,784
0.07487967794624012,0.03205977012339821,216
0.06801431012411614,0.04511447044995559,250
0.15962270973025997,0.008902660237963492,481
0.0,0.005684918968279812,1331
0.0,0.0,1635
0.05823708945235316,0.01612216803743468,9
0.007485371126499995,0.015448434531643,902
0.0,0.0,851
0.14746950546222462,0.07088837530569163,155
0.011342505998095553,0.008522256885396201,810
0.0,0.005430149913580726,1388
0.0,0.0,246
0.012313277255512473,0.01253034005992479,1126
0.15375914556815218,0.025956294418126673,662
0.004171305630932201,0.005585916368850018,74
0.20896265675140244,4.758545945023069e-05,317
0.021102262783511617,0.028241938936115797,1178
0.03964135667816365,0.04623100216970925,559
0.03900859232733832,0.029716915001522848,725
0.022214832981898025,0.021637875848525476,1092
0.02269020301292903,0.01990879665907487,1273
0.013565030812331366,0.015762789255942405,907
0.0,-0.0020537993867898083,1260
0.0,0.0,1587
0.0,0.0,1428
0.20342870499372392,0.04903193467813328,264
0.0771288397985194,0.054216276474470894,221
0.04969368310122139,0.028256994452071364,561
0.044122455477482815,0.02583336088131593,488
0.0,0.0,1357
0.028836885114461985,0.022783845918146726,223
0.11909714757153093,0.06030589421381321,1027
0.030851786932947628,0.04430870367758764,457
0.03528797477527547,0.010624503506617086,966
0.01998525236644919,0.007372287628298814,1179
0.295863623216319,0.05228789896895428,314
0.02310034545809186,0.015287848563888876,947
0.03564830913461795,0.022942330457511827,1410
0.1733204810714902,0.05636139566610754,179
0.03650221373730323,0.020839606758879064,412
0.02734552020336774,0.024426077502059794,954
0.041507816487851054,0.045204039629880885,989
0.02897685707291627,0.018431834471718794,1114
0.0,0.0,1493
0.1318412177295491,0.038008356474066994,151
0.06372821463247719,0.022530744490076603,1406
0.039921072147995,0.004531676169392983,552
0.06662679414567747,0.011615868962093299,345
0.0,0.0,1369
0.003806328437917137,0.0031846843403689853,705
0.10934500564226711,0.0010608926629435491,312
0.0,0.0,1660
0.0,0.001946530581855626,665
0.04613517869567885,0.026942481357501904,634
0.0,-0.0028056651172316013,1390
0.0,0.0,1515
0.052451937782727914,0.011441208921992322,638
0.13861906869565804,0.07406736626943429,470
0.0272543909626206,0.009623529572305998,1125
0.00185404759989073,0.003997273939936966,892
0.03164261848063595,0.02773706885461295,873
0.16306643014696445,0.05802540472723391,495
0.0,0.001986362127000703,1534
0.01522578422288427,-0.0022371342756515407,1231
0.08331786158689837,0.015338868674633976,587
0.12955354845812755,0.008524890657054016,147
0.05966457418043348,0.019489255747790413,626
0.0,0.0,1489
0.0,0.0008996211351836967,1651
0.0,0.0,1638
0.04538313556987556,0.010313705373886862,770
0.16297551022011872,0.02056263439915948,505
0.0,0.0,1620
0.01032157914134924,0.03172480462894507,1233
0.055575855098096316,0.056844742614759226,701
0.0,0.0,1309
0.0,0.0,1256
0.06781951687654696,0.05859298588853195,369
0.0037463456273379558,0.0047208847243165025,1298
0.0,0.00038762059267308415,1369
0.0010334531421218411,-0.002800399392308142,389
0.016616450471284648,0.020965942492345332,935
0.0025804387666945863,0.010547954388604192,1158
0.02856941515891481,0.03524963857054558,582
0.09654628144333079,0.04847201438865566,404
0.00811080860709726,0.01127821647695174,1101
0.045921821392708125,0.04642263589196601,1058
0.022605576576322277,0.018720049490304615,1108
0.0,0.0,1341
0.09219669543302488,-0.020358163115553118,268
0.2011762939675233,-0.013041023343830747,356
0.028023288920712538,-0.0027182905677303614,303
0.08794430884093099,0.021414222115373954,217
0.00881903378250333,0.011966311309068922,1311
0.0,0.0,1370
0.12910698459349276,0.09861766012721561,299
0.0,0.0,1431
0.0035082038595307453,0.007209750855671095,1153
0.0,0.0,1634
0.04360658369398849,0.021194944894999675,387
0.0,0.0,1582
0.22089010896307412,0.07286949869120898,514
0.01895097164960207,0.009945418945066613,328
0.010881191057090345,-0.002584565924721175,453
0.018311204465885418,0.008232766132344659,702
0.01998123134038983,0.03269116845026356,265
0.1165575895166611,0.047909833409186045,43
0.1641601661577554,0.053689201828157535,513
0.02008466755476496,0.018048393030559995,1314
0.19020565591089134,0.005959521324312663,95
0.0,0.0,1585
0.0,0.0,1256
0.0,0.0,1556
0.21188934720287458,0.13281736251013004,317
0.04501702224172937,0.027044953556028303,1041
0.03197819181998084,0.028773907250221827,1069
0.1481589798649515,-0.020465836884577624,195
0.28148660883395926,0.03815786515535356,497
0.38610817708667095,0.14220390841877023,173
0.008987144026522844,0.008104971498375902,114
0.007064166007317108,-0.006966035743704227,555
0.0,0.0,1316
0.02199867837514679,0.031246437839470634,5
0.0,0.0,1488
0.006922953607229434,-0.001115058202612369,847
0.021358592628023906,0.021841934616118316,137
0.08282816550465584,0.039601166937330845,67
0.06804144529081692,0.025542500981690884,548
0.09864591136407545,0.03597121608897259,50
0.019547997528442856,0.01324789800775391,1283
0.09167314563967446,0.06438624001169718,476
0.0,0.005870509019285125,1402
0.0,0.0,1329
0.0889818343382611,0.03168861455666826,67
0.03380543399893191,0.03173196943856638,1078
0.05797954503249166,0.04169647030711949,286
0.0,0.0,1343
0.03641411952621306,-0.0021717298956281023,56
0.041912163083924474,0.017028410707527607,828
0.08173481504281986,0.007892008282084511,664
0.1435354067087089,0.07728231719138386,54
0.0,0.00037196201716845593,909
0.04281542975920763,0.023876188814978435,1020
0.003838548234320807,0.019446783228814053,1433
0.006364756906378737,0.008673824291771923,361
0.006478116715870504,0.014849545531254537,334
0.08408422587147317,0.046342698483811624,79
0.09881497988795243,0.05821110323095798,281
0.03824525371026468,0.016493094004673907,248
0.030395306481389602,0.03872348716644934,1282
0.035037788968132484,0.012447586717056734,1031
0.0,0.0,1552
0.0,0.0,1432
0.0,0.0,1596
0.059442626489155145,0.05437722553186619,865
0.011679306323627061,0.0275109806029422,1163
0.048834379484151064,0.020939503947933254,626
0.17572127120112324,0.03247372852245803,483
0.043376485832921745,0.04712517184522342,576
0.017150505399669173,0.02536814000615676,1173
0.10504242343755965,0.055010455443044316,422
0.1477456577964075,0.011220181406387544,201
0.06750291042966415,0.04065146471346686,206
0.026154508384376083,0.020016188456795612,729
0.0318718158950837,0.0034941032096171666,920
0.06675751597045214,0.019809117725954884,140
0.0882089478177573,0.03514229884876075,465
0.014297451710276984,0.019114829746972442,1267
0.06573931294645173,0.03245532807684413,670
0.006917670032077867,0.0014761869806358854,1176
0.1606592139747133,0.06015364780601055,653
0.2718936777988945,0.11117378420475818,66
0.2420025824075384,0.028568872585844184,11
0.016820187403083796,0.04581201426739984,852
0.1188123420633095,0.08047048839847018,403
0.037816531199883784,0.01606750711743145,608
0.0,0.0,1491
0.02309576104689108,-0.009235969236887825,876
0.019329642915759546,0.015992454032775084,978
0.023471247177410882,0.00713829572020465,559
0.032036369537655415,0.02017487513007712,397
0.017168925853236535,0.02066696450075762,5
0.11029280587608237,0.022450418490110573,4
0.0,0.0,909
0.03933246236893431,0.0034725266909034816,443
0.11788121004670289,0.03869382145775942,110
0.06384835289186638,0.045715384129890034,106
0.004515344607699226,-0.008228961152478976,913
0.041017050678230735,0.014881217720234886,583
0.03630378826969377,0.0401037671211343,864
0.039561874961177065,0.02153241948278371,1069
0.06901229105424345,0.018514320246180587,1052
0.0,0.0,1510
0.030671143507501702,0.008314965889295122,832
0.012839979372300301,0.0012245530440059256,1252
0.0,0.0,1591
0.017728539760656935,0.021356235453948897,437
0.09994112178459504,0.056632173145431675,439
0.029941548908738375,0.02026931689843492,563
0.03402649632563647,0.02599221690653043,342
0.004265252273262973,0.007854971823108181,532
0.0,0.0,599
0.0,0.0,1322
0.1071548025945961,0.09776176756322537,318
0.0,0.0,1609
0.07404835199770457,0.041524417945606094,1029
0.17615435246715785,0.10235232354666966,240
0.0,0.0,1582
0.0609901912891223,0.007863515748766902,722
0.2505500781247872,0.03469603647898411,63
0.049549754229550075,0.029735289368741112,386
0.0026432784584337773,0.0073714247598597755,1158
0.0170846304890357,0.0015639756833956122,1212
0.03145247863538356,0.017446549841884495,106
0.0433492565260001,0.023998040009640183,772
0.02713076873505311,0.017779315899974384,1169
0.04413200974075021,0.005414716805695405,621
0.04960743823251125,0.017816789987950485,600
0.012579207651539005,0.007798528542028618,1468
0.07021940833857583,0.041563441141123224,1187
0.04858778655339271,0.031585633397170326,997
0.009052920661049903,0.014452852694918812,1189
0.017222065764193047,0.022968879084083745,828
0.11879927769178678,0.05350522645578016,435
0.0,0.0,1649
0.0716912056847687,0.03827656110387016,770
0.1059640427639398,0.008141299859502404,830
0.08961697396604018,0.03606964017364001,596
0.10586025032224773,0.03572109036668197,121
0.1521649462264508,-0.0019304880757201322,479
0.042197935138797694,0.04088715947298765,456
0.008637931715291135,0.0010131086427009246,1414
0.1564785978380263,0.04033743735986492,78
0.03463251745550105,-0.010274036277588963,1032
0.10226233364885934,0.04786145022630702,516
0.0,0.0,1429
0.11378724789547304,0.014406322050682794,168
0.06217294384507639,0.02461847732697903,601
0.02451514519105228,0.008229949717718258,1035
0.22741315767400683,0.06948222619108758,133
0.0,0.0018836621513937096,1275
0.010969835585461022,0.007797309698145864,858
0.09119441142279025,0.04301118547055176,286
0.11178102255533016,0.04686570637935437,513
0.0387355522543005,0.012558434190611508,302
0.0194573784480325,0.010759580055925836,803
0.011658600472829501,-0.00011860227339907623,1434
0.06272829869018054,0.038481142934397625,378
0.020966404984877254,0.021277320363723953,388
0.19782757272546192,-0.011294979637932816,483
0.06751173818969315,0.03216024927202219,1216
0.0,0.0,1346
0.01768309623719195,0.0019042249777824114,1168
0.0,0.0,1104
0.11967748843928133,0.0401017975176235,153
0.0,0.0,1265
0.021764743803933374,0.02377577414906056,729
0.031506525142272035,0.04460352180081754,717
0.052059464903882025,-0.01940000191420772,324
0.004643733672910833,0.001135261755493266,1212
0.08088887177161885,0.0712882846013808,739
0.15896526026585558,0.043018743418531145,181
0.09235071444788658,0.07439710537089925,24
0.12615965127200685,0.02266367799895205,143
0.0,0.0,1415
0.08519918588943842,0.006884241178830545,147
0.019889227509126722,0.012726119169623245,978
0.1282418991196789,0.017129421749154772,605
0.0,0.0,919
0.08329996070543727,0.021358234804676905,930
0.05414302315923842,0.02925348536430831,649
0.07430276838960186,0.022799648092327807,448
0.08721505088958358,0.029523235861284823,431
0.07043484152240168,0.04898841820686075,472
0.014313545788174153,0.020736947083846498,361
0.0,0.0014567171324509855,1548
0.0,0.0,1645
0.11950797630619707,0.032659074316002616,605
0.0975697827695486,0.06236888573251172,925
0.02177824974796308,0.013216431350504428,739
0.0,0.0,1509
0.05227003564476486,0.04652089603449464,689
0.013045036999870564,0.013741484842716466,591
0.030133730837453993,0.01847170025605562,1520
0.026493413674821845,0.006573697728408861,369
0.12224417159828041,0.05773034076046053,66
0.0,0.0,1337
0.007393566411903039,0.0023214663029242095,36
0.0,0.0,1527
0.2146315505015983,0.042994666739006315,22
0.003858521660699605,0.012912184735667867,1265
0.03935873971456698,0.021427637322983632,594
0.005687625388741849,0.005383115448758563,1278
0.016934714723054314,0.022973920092133653,1114
0.0693524168292497,0.022333379262203034,836
0.0,-0.001731274860609287,1541
0.0,0.0,1609
0.0,-0.0008398269088749621,1671
0.020393985030408974,0.00860396062341723,1123
0.08229857200524746,0.013520823669867238,652
0.0,0.00040930435238028477,1648
0.0,-0.001982813572128743,1431
0.10538082124220387,0.03935651696802735,640
0.0,0.0,1236
0.0,0.0,1489
0.030217836409694873,0.03240204646148891,893
0.0,0.0,1545
0.0,0.0,1346
0.03995414050999092,0.00875164806001831,842
0.09331875711894043,0.038823448994193106,514
0.14925301694987358,0.04311435340776527,169
0.012493739615546472,-0.0025893355157083496,1424
0.03717316492084599,-0.00609622673659247,1239
0.026105508339039997,0.009088970298704655,1284
0.10519269814571647,0.03622836851420768,646
0.0377351473482736,0.03231376068645777,1141
0.043524656359633936,0.017523203142880056,801
0.15873919079701185,0.04654155523998283,938
0.01439552849088861,0.01267422386654629,1517
0.006590575193391953,0.01392242828058348,975
0.05811695629263181,0.0351794014612363,1011
0.010300536923472851,0.0022175247434088516,1173
0.1309506179974612,0.04253881823627845,120
0.08504962324860121,0.03046791254207409,462
0.0,0.0,980
0.0,0.0,1307
0.01345627467499975,0.02230143660616095,914
0.12381503692462344,0.046710745785815265,649
0.0,0.0,1188
0.0361527975677987,0.0021280419051020283,801
0.0,0.0,1666
0.23545074100144123,0.10061280986850202,175
0.015312790360677592,0.008129961358980909,914
0.01904510953381466,0.011312946946381163,1478
0.14648949297189032,0.04843929824353859,99
0.02889857629240819,-0.004149192521076361,1033
0.0,0.0,890
0.013160102299316,0.02559289280539098,535
0.022985218352865943,0.006130649816506019,1152
0.0,0.0,1431
0.0006404672148499911,-0.006961580663678882,1288
0.1148012055143157,0.046600601048120194,651
0.02210541466881314,0.003665684267602175,298
0.03788258249863741,-0.0032554235030597353,455
0.0,0.006268794505588199,642
0.0,0.0,1161
0.023901391086906795,0.032983064935916274,818
0.0,0.0,1581
0.10496502772789115,0.04070235723320732,175
0.15645100184366695,0.001720481341790545,181
0.13712959215302994,0.03994977191930576,741
0.133833709974949,0.06713201780751282,332
0.12977991431834426,0.04469207792224327,47
0.005838974430921867,0.007171715072182543,858
0.0,0.0,1204
0.029309422218252886,0.014819995802819085,1102
0.10591043030484525,0.03978773456335723,692
0.2810907831483413,0.09647123026065478,78
0.11029280587608237,0.03193796348675365,144
0.12057588636333089,0.047514431548199294,567
0.0,0.00016164369610804813,1405
0.12073361735516054,0.1088323803720438,420
0.03081210302358521,0.04163306061827077,353
0.0,0.0,1380
0.007449855238627533,0.005625207467442869,1321
0.028669626130134084,0.01575537662921415,842
0.04127746553196529,-0.0033007159571660045,455
0.06078563800506038,0.011913534371616902,836
0.08362856996984103,0.05012855750408046,92
0.0,0.0,1498
0.07561624568346823,0.008507202091040566,138
0.12996036746105596,0.05155182959426482,79
0.033613217281211964,0.022280599640177378,864
0.0531870551838011,0.04098926980877985,16
0.014965787955804713,0.013621335057026725,1276
0.03486529145436131,0.040846483002521534,1112
0.10673414278649015,0.022864081112640548,175
0.026350971315879382,0.009654420315282393,1146
0.0,0.0,1541
0.175992973770348,0.10332062305821674,427
0.04144034833071179,0.04638909143850695,1064
0.15802882860329173,0.05165271083190532,734
0.0,0.0,1308
0.007923095318381562,0.006426013786115329,1513
0.0469235096848583,0.03594666543871284,165
0.0,0.0,1352
0.028135870636836473,-0.0009645505833979167,137
0.005644116215478113,0.007421133945210601,1144
0.05513829519292003,0.01229762763159388,807
0.003806874623389029,0.003901161856352947,36
0.013640842583660667,0.007117335162479247,1273
0.022822896837057675,0.029304556822689752,880
0.009454125704639717,0.004425883272780736,995
0.0,0.0,667
0.0,0.0,1622
0.024619682112892706,0.021674562474870537,1334
0.0,0.0,1086
0.06656108471857342,0.008069232963450636,484
0.09813167985235045,0.05630406707910092,977
0.18540861218352359,0.05803266847884638,238
0.0,-0.0028056651172316013,1561
0.02268193723216718,0.019668376441679136,1498
0.056471781620753,0.043642515755718495,1134
0.008536123675501285,0.0142161533885883,393
0.024410590039169025,0.03977758343640712,950
0.023853079039894618,0.04352549162969935,277
0.024756662657661424,0.015503184835876616,899
0.12413778936158192,0.05920151352900397,32
0.0,0.0,1613
0.0,-0.004974561077281822,1346
0.20127031561367348,0.1230521913063488,321
0.002301762959817333,0.0010194322773376897,882
0.022160614028016452,0.021857018284030923,699
0.0,0.0,1613
0.028263699220156157,0.007865777997335146,1132
0.060019828921299534,0.05862502977427448,872
0.05929643752259861,0.03346267954648607,211
0.05614570632332655,0.04632446646496939,43
0.0,0.005333669675210443,1322
0.0,0.0,1124
0.0,0.0,934
0.055963251783381456,0.03269055102414213,391
0.0342656629362968,0.016809307385050532,600
0.10656572703489071,0.05105086814447226,379
0.0889446199201192,0.0371701795811843,728
0.1012771859898734,0.05591723792712516,431
0.1577597302445341,0.07629467754073009,657
0.024278620914878445,0.03167175169517746,1076
0.061352512080912934,0.017022106756625074,398
0.10014385386080416,0.048951385909398196,325
0.06959079883421569,0.05640257536641459,406
0.0,0.0,1662
0.0,0.0,1577
0.0,0.0,1661
0.15870065781217982,0.019040249838888745,479
0.11970729179553886,0.06911947801015318,730
0.022535439469092575,0.017022036521528332,866
0.0,0.0,1661
0.011282634725702286,0.004080183049750238,347
0.01732264818236714,0.004004725157486141,748
0.008063471278264244,0.029808022399849737,17
0.15620696835536668,0.06745511544468943,628
0.0,0.0,1076
0.07018361704032866,0.02664537763676092,484
0.0,0.0,837
0.0,0.0014094532452811881,1635
0.15114044139615934,0.07526346273772229,116
0.042803932088841215,0.008987960245795885,83
0.16773584732710017,0.048647064531649235,97
0.0,0.0005096206207639219,1554
0.054808986652661776,-0.005875156079433625,387
0.0,0.0,882
0.0,0.0,1647
0.08031086454449798,0.042263270569422286,124
0.0,0.0,1565
0.09731081107216862,0.01956834014294177,930
0.16351905881214268,0.03412135370338779,478
0.08521765766767116,0.044414887811180824,427
0.022545774527922884,0.01804875374082958,1217
0.1740110438586049,0.08391240029251883,428
0.10359990865075887,0.027513389945928297,746
0.0062182217177785435,-0.002427429374538523,1638
0.07954076453067079,0.052829822940857224,584
0.03527567500285563,0.019840360133009226,1148
0.012322769180769915,0.0017703836141939927,1014
0.034263020551353544,0.0205652045191503,534
0.019817418283761393,0.006108684185110809,697
0.03252839402028451,0.04603357771116732,223
0.00598584944505786,0.007474477509246943,1160
0.0,0.0,1348
0.07468299020057115,0.03693885477000407,648
0.0726286774171739,0.008449485387393483,1109
0.0,0.004146340981136732,1521
0.0,0.0,1565
0.023507539830956853,0.012197147053941681,1171
0.05750962333701827,0.009212294297492872,611
0.09912993435483305,0.03040822731722476,431
0.038566889828454055,0.015340246800402274,443
0.09684452377948205,0.024558480816892266,938
0.03675802182618131,0.034281029867502616,948
0.0,0.0,1398
0.06868939766540211,0.010275230315981947,283
0.19962031277679082,-0.017831460947969682,510
0.027124377328771068,-0.004782543299698143,1125
0.008365286262122344,0.007439803222589382,361
0.01965988133965906,0.023030339504871447,319
0.0,-0.0003576223935287714,1626
0.1438089977731047,0.05001779588877399,654
0.015824836642062794,0.016932456716057313,1017
0.08295483673893428,0.06707354967527811,411
0.0604813796508081,0.015562659605755752,32
0.018102290288181038,0.01965593468602361,459
0.17988619344277304,0.04013893081130905,134
0.010218163229667785,0.006825725597006265,869
0.061903501071702324,0.0357909093956641,390
0.08126464215994746,0.046593750054323965,366
0.0,0.0,972
0.0,0.0,1491
0.04494566600084188,0.007091911338651533,387
0.07975994897327321,0.05497582491112365,45
0.0768703460790779,0.021633637642993964,920
0.018894297457639483,0.009563406341740752,1114
0.02025979281927392,0.010904546566776556,1231
0.04916598077664813,0.037021831057489865,1229
0.015438980018757454,0.028244006654625252,307
0.08171916093120052,0.04106673653448496,424
0.029531596448799102,0.008291106925071642,1108
0.23552009922052045,0.03959132441678992,429
0.0,0.0,1315
0.0948817690386171,0.02470438182475921,707
0.04910957298667832,0.02199253372565221,666
0.0030773008499042267,0.012423421901353328,1061
0.019979818681995398,0.019818878471414145,1092
0.0,0.004693818907893626,1619
0.14291997259600436,0.012950052282001584,749
0.05124790036984625,0.03337224938371766,945
0.09992508101359801,0.07045103824560307,293
0.046779419285077777,0.027589489448276498,279
0.01418925605134848,0.016115712236143106,1142
0.016293908973542014,0.013183588094432522,1167
0.11226642918176565,0.036824298594780265,53
0.032749217428776276,0.04632182406728149,395
0.0,0.0,1002
0.13810047392768113,0.06928872943135997,10
0.0,0.00024762133512412654,1632
0.0,0.0,850
0.015992093901976326,0.024191882892828746,1005
0.11387294195564307,0.020132050825875297,558
0.013032413924199626,0.017519427510196722,1403
0.0,0.0,340
0.06600660976026085,0.02173477295671108,1227
0.09639902377485819,0.05881868002035385,54
0.07386165505625081,0.029930395136802943,59
0.0,0.0,1079
0.05895554385542475,0.037813872241786686,560
0.014951317552730173,0.02725683712003335,717
0.02992213068511554,0.01544027322055209,1150
0.0,0.0,1461
0.0,0.0004019914925028411,665
0.0,0.0,1613
0.004611895064156785,0.0064820968910865055,1436
0.08701503212957148,0.04474205545716267,498
0.013111899318855489,0.015715828126536924,347
0.0,-0.0008525192578142283,1621
0.04547283382513587,0.030329680224286476,606
0.04242064118095962,0.05468169223726776,931
0.011615932488967405,0.02378252230297834,33
0.06172317511344186,0.04530806682897835,341
0.042078806144630714,0.004211435272451818,289
0.0,0.0,1678
0.002165867411418389,0.005546244282437778,1113
0.09796009600204073,0.05933750090801256,380
0.02884693795446426,0.018326555946288285,1182
0.03245736777816664,0.043760144553932054,1191
0.016712370657963868,0.02454705911293769,1032
0.0718432690932193,0.07066874788011526,270
0.11908832915203756,-0.01371525486215165,222
0.11323941086482125,0.04025364064989336,424
0.07147470658294895,0.016239443573648652,1302
0.08563145135416844,0.056682903837277226,945
0.13422389602153015,0.10911884031491415,227
0.22872075123060298,0.08077784225348657,184
0.01738579206055053,0.006049172273626057,1530
0.15470494137309987,0.0857435053677532,446
0.13448571980997615,0.057428498574429276,568
0.059454164949223544,0.04743310540802178,1243
0.03112254481456395,0.017233722902199766,1018
0.036835067721398905,-0.002711314012705611,375
0.013303037334132175,0.034550956269325216,1445
0.017775519175810734,0.002552942388461153,111
0.027421322424220882,0.02310455125752943,1273
0.05039428324633734,0.03836925143836227,380
0.00579561420730509,0.024140211958317597,905
0.0,0.0,1612
0.0773279908589728,0.002546519740185718,528
0.047674255601975,-0.016470778653205374,839
0.013070908369559946,0.01488983035954029,421
0.002188098899371113,-0.003791797579473427,1183
0.04610859099139857,-0.0013490642531455402,254
0.015082518504695325,0.016075438513847445,1403
0.14512837917817709,0.032939033274682866,708
0.022424722390927684,-0.012525910018385477,935
0.05922849060028967,0.037071825214865836,1096
0.09783294674371529,0.00037409858595126316,229
0.012264348117363209,0.0044811429104318155,1249
0.1152900850257588,0.021225035403049864,385
0.0,-1.1200695540378022e-05,1447
0.057966063173605496,0.012963761898254838,1123
0.027437550188326748,0.010638588215053908,794
0.0,0.0,1320
0.020916349380276394,0.01467942779136093,559
0.010527710999437927,0.036214378964974904,827
0.014264173484325529,0.008754523764329187,350
0.0,0.0,1665
0.0952953133711902,0.03251491488757312,487
0.0703254737537607,0.02449149008011522,381
0.0933501039542367,0.022476010255880495,410
0.11616559841226468,0.0019777819981375536,745
0.025488650500080506,0.018933155935657767,531
0.06833649066653714,0.02385695292113046,762
0.10966908870191812,0.039332728948872145,229
0.01764632176359796,0.019164895763937366,978
0.04437577390397933,0.023897029213853973,730
0.028954147599115115,0.00760982482837564,1156
0.2133081197455553,0.055337464080692206,62
0.12587509584143663,0.11343479135691908,116
0.024127638272045938,0.01755398807141082,1150
0.0,0.0,1419
0.0,0.0,1415
0.05920548327210411,0.030219927690960977,39
0.021607228807910307,0.022023243237375728,1131
0.11562236024785758,0.0018668138607055515,434
0.022144870713167227,0.01564097260600296,1208
0.025699641596520086,0.02108834996388335,1022
0.016617938807024904,0.011523293093754853,1096
0.017682403355495046,0.014233384450329395,1252
0.09222568047777778,0.06602501685695604,12
0.08782120739287641,0.0027858745875011383,529
0.09490061684058569,0.0015560152740265673,284
0.028729104027906172,0.028563201117966557,982
0.0,0.005867641244757402,1554
0.00023075832658764388,0.005722744239640416,1426
0.07169946037710312,0.015892123176105073,814
0.11951007216018272,0.060996144214796,155
0.03505788992730273,0.03526977308727291,988
0.08151135643482318,0.04743741349409764,1027
0.038173188475197836,0.03210584314423174,543
0.0,0.0,1503
0.11455138977329485,0.04764070630242501,581
0.09095406010952761,0.03232443602508111,1
0.05015538289693553,0.03428977985363601,1094
0.10522508055477861,-0.003171630316598724,509
0.0,0.0,437
0.09213901116834418,0.018663443163552694,43
0.10007337421662309,0.049656105206940596,808
0.0203039081411699,0.010229071054247701,973
0.0,0.0,1349
0.03723560111873583,0.04211507982746946,928
0.0,0.0,1145
0.03912008009744041,0.03844667917775759,768
0.007026622732577102,0.013362304085076377,1472
0.016894309984804567,0.015219016849894327,934
0.030234666965064848,0.02635509832618315,759
0.024406799110930823,0.005366685194573707,619
0.015703889677343506,0.006047747652576556,1087
0.234771397200592,0.0442914624317979,126
0.015879135110343518,0.00748315787695575,1070
0.0330139055506584,0.021984001003785687,715
0.13005348422273483,0.06842263557620294,168
0.0,0.0,1309
0.04151991869005023,0.008427700677377045,443
0.09157874737600077,0.06368459698676268,380
0.013994431044432903,0.008450858186895087,1003
0.0,0.00013981706788612216,1161
0.1698417675122546,-0.004160524540972201,179
0.0,0.004287602251253638,1331
0.014364239688591855,0.010664929095367183,1296
0.18829757998354693,0.046100556546344,417
0.14700960230526577,0.03330224607366357,71
0.03756139601434432,0.03174676097885357,1009
0.025304810377843108,0.02820451029375202,1276
0.24884383176758637,0.021890281875891735,55
0.015078311792116623,0.008539300217271567,1076
0.20814281678705962,0.07124274946038855,81
0.14895312789701848,0.021360312860577504,182
0.10888026326018112,0.013583370015240006,412
0.03220187401532868,0.03954131537588707,740
0.0,0.0,1389
0.0,0.0,1430
0.0,0.0,1397
0.0,0.0,1674
0.013140644978783025,0.02812598936948799,694
0.0,0.0,1226
0.0,0.0,1361
0.0,0.0,1626
0.04592956635684128,0.025946155039972486,933
0.0,0.0,1362
0.15108837207482084,0.028928269945570812,27
0.1652523411007558,0.020597533879594468,41
0.046881576221772206,0.0573662206389541,696
0.025294327046891718,0.031389340535207144,1116
0.1274490300007732,0.08811018191968194,237
0.20720650012566283,0.09445619700120819,55
0.0,0.0,1234
0.2788024641450514,0.06544285740894591,78
0.08464442462729747,0.013331577338389166,492
0.1024483820539996,0.016878890302144837,24
0.0,0.0,1154
0.009524216029469347,0.009655894419906668,1295
0.0318123671222666,0.028493156188156538,263
0.09671392474430762,0.028449945950286576,449
0.022677152590402646,0.044487699356668034,1032
0.10671381938301491,0.030172703768000894,87
0.01776814273524176,0.04023275455560044,1283
0.0,0.0,1086
0.0,0.0,436
0.04410571202090673,0.025232561549715603,778
0.015927079123621235,0.014363782629351608,998
0.01889357377167616,0.017832371360451835,1128
0.0,0.0,1558
0.0,0.0,1644
0.0,0.0,1619
0.0,0.006636461705922361,1305
0.031628141069203516,0.023807352399682315,421
0.0007475460992254638,0.002397762753138689,1521
0.0,0.0,1241
0.04846017711042384,0.008325543299935107,607
0.20642797944284605,0.06517238727815523,68
0.0,0.0,1401
0.03408662685703341,0.023287790565383104,903
0.04073257637886941,0.012589079586988775,1299
0.015071582068158503,0.012656125035348856,946
0.15229128912134848,0.03677409164289651,650
0.0,-0.0031376399022856696,1389
0.0,0.0,1409
0.012353522230137845,0.007613238649869487,1163
0.1117037043949898,0.021131524606686748,268
0.03726784814889001,-0.0037045565238084826,109
0.04612306710581298,0.02635306403188586,933
0.023924115114672028,0.019933880513565125,1133
0.05969829016982554,0.04116047634464059,735
0.0,0.0,1599
0.0,6.844387627338513e-05,1377
0.007167135860920503,0.008590409564753081,1512
0.0297561116661036,0.036713161132920585,1008
0.0,0.0,1339
0.05197028371927778,-0.002570780718674258,814
0.01148012662852882,0.01635847670910789,975
0.17615435246715785,0.11065759547557938,143
0.0,0.004463723001177588,1113
0.0,0.0,787
0.09318188957312341,0.04932285233883875,124
0.0,0.0,340
0.17868714728362026,0.03844023814262958,791
0.1873401643557024,-0.016729692156469564,650
0.11439222724811549,0.054557222426162975,1069
0.046942564932166524,0.04086008804229447,749
0.04136841106604613,0.0098811993373413,1123
0.0,0.004592073733688269,1373
0.022206744358059537,0.02652042656800592,1282
0.017844436693773717,0.011065956271619198,1249
0.05213798318812946,0.014591814970645121,585
0.06170558012444893,0.0024020521093431548,16
0.006748022711597714,0.006477436872509135,1355
0.0,0.0,1527
0.0,0.005766482551110511,1444
0.024192151293442196,0.020681338446232263,328
0.0,0.0,1215
0.01629692617567601,0.00613446732870308,752
0.13918900284362762,0.04147804568482797,284
0.13835468035910622,0.039552461468240145,91
0.054201415187311974,0.02892095521041379,1053
0.01492381790834952,0.04193227751572193,1262
0.0,0.0,1354
0.0,0.0,1346
0.0,0.0,1570
0.03807583396166822,0.01974783880089713,637
0.0,0.0,1577
0.09177803240285673,0.05280085299493053,741
0.0,0.0,1630
0.07060227305120188,0.02469022634890427,372
0.28148660883395926,0.039321558660814486,482
0.17954683390453854,0.12640693578422332,185
0.08037635321856683,0.029116366375898383,488
0.0,0.0,1082
0.028610244245464718,0.014390389734170532,1231
0.0,0.0,1357
0.037423899301882876,0.01257564648559864,967
0.07612437828684418,0.05143024427175615,454
0.041315276849909856,0.03753118815831493,950
0.2616032850834665,0.06140372796891667,222
0.09595213712653952,0.01139174009208409,59
0.09814753507227109,0.021593861685472587,504
0.022433853599334013,0.02663397130192375,388
0.0,0.0,1404
0.009515883459731046,0.004291299301816445,1516
0.08496405510609976,0.02594530279460753,51
0.02373794804154675,0.04106050062676578,742
0.0,0.0,1318
0.17560338983270132,-0.03251400057190692,99
0.0434757966868744,0.041818903911783625,1203
0.012303807652598265,0.015123883485391747,1218
0.15333651594118158,0.0011830699192124667,78
0.0,0.0,1595
0.0,0.0,112
0.048092832817866714,0.034485417786779035,1206
0.055363267485572853,0.0012667481485348331,632
0.01677956709099298,0.011803541206594376,999
0.06452361558020984,0.010138369769979165,1090
0.0,0.0,1234
0.011457875624855814,0.005127654249392126,1164
0.14900549366014007,0.01370759851963142,479
0.02800084227354,0.02513871898231505,717
0.023749714505824318,0.009481233013394897,1243
0.023283541458641286,-0.0009051212284967424,1075
0.028369539191927712,0.012588388473779783,348
0.061062052668007634,0.029717786786268845,420
0.008166832604828275,0.01230027864421576,1147
0.0,0.0,1533
0.028749481167373858,0.014265921714587283,223
0.08191363356732775,0.009436813371731294,474
0.10082895009080273,0.08465293571534153,1007
0.02123664924687759,-0.00391210220117755,786
0.07096863205014231,0.01622961062516943,747
0.0015247932545037317,-0.003227558031053742,1067
0.013958184950328035,0.021233034951501032,1005
0.0,0.0,1337
0.044902980392253426,0.02418341341720333,988
0.0,0.005525878959835737,1360
0.05176113734071287,0.022643488753688996,594
0.0,0.0,437
0.10760501156455499,0.03680940897453882,81
0.03528214285655605,0.014327640157618777,952
0.05160903987593911,0.015472476846031428,282
0.09796639033792272,0.03416083947033422,199
0.0,0.0,1639
0.028477835098772955,0.01921995873836624,864
0.025872876477634456,0.015462898452043763,712
0.06296008249393767,0.0647976956108733,330
0.14712499794006026,0.039398626723657924,27
0.0,0.010860057311487424,1664
0.0,0.0,1291
0.0,0.0009065123948207403,1197
0.105450827348631,0.07728595739500832,38
0.014867663888853808,0.023617955010466582,1337
0.1443894029226362,0.02679625321359245,738
0.01277708793015366,0.016271464039949255,890
0.07555527297237744,0.02697379880964457,788
0.0,0.0,1492
0.0,0.0,1316
0.07060340461195551,0.015134785605709892,645
0.11537172495335733,0.06481643772345963,401
0.036809984991976755,0.03435840578395876,688
0.06861157206816107,0.0194833262271184,626
0.0,0.0,890
0.012617939462563314,0.0037459655114003136,1054
0.0,0.0,599
0.13367103872065347,0.022948408081654045,522
0.013263122286036435,0.005012455006093192,1070
0.05577130546528385,0.04100680652232763,788
0.0,0.0,112
0.11389700649834197,0.07353163274063425,152
0.09582163324256822,0.049817042643830044,297
0.020753380578086348,0.028717770086645524,348
0.03180226911579655,0.02418052210540191,1182
0.06331411985779992,0.009250803733903929,462
0.10951126669417481,0.03861481481087647,448
0.06764234423260862,0.033991307032464,170
0.0,0.0,1430
0.06401227281762709,-0.01580020856417738,789
0.10916905799009514,0.03904422978240177,290
0.10455280477676047,0.05593997090326956,432
0.012786917253361813,0.019219339592866994,1166
0.047451382559788945,0.016810465238387595,541
0.09523394956033379,0.040805967209062946,199
0.09330296124323521,0.043539283927761484,377
0.09583272222681088,0.0005002883505064655,587
0.05269190536645083,0.0206642259123188,922
0.04979405531447059,0.03473491716187841,40
0.0025244180268619632,0.0013107900205641201,775
0.010392057368749813,0.012970971411946254,1559
0.02177113992428812,0.0036586855576480333,936
0.11614041706185525,0.025469848318875304,691
0.052969288183485654,0.011475806898888496,935
0.0,0.0,1617
0.05457521058202224,0.027195295555793884,735
0.0012888311783509244,0.0007428463373557275,73
0.1748350648324086,0.00898030646015018,143
0.06750377251842785,0.021206660141149036,433
0.04258264128218488,0.004962056613572189,681
0.10409685987389773,0.008449802381131886,188
0.05620102216112237,0.04584699435454935,414
0.06938864874050864,0.04790483818316065,378
0.0,0.0,1500
0.04873055408362245,0.014099250013958722,695
0.0,0.0,776
0.0,0.0,1605
0.0037679711186450952,0.007731586578085473,1426
0.0,0.0,1528
0.0038864598949187538,0.004626568066468071,937
0.0,0.0,1124
0.019153485607630118,0.005019042731590798,1065
0.10618468153992994,0.02486033410103108,158
0.0,0.0,1554
0.05763287784316876,0.011390167648578925,1062
0.027214306777829298,0.02505743425614883,725
0.05639445876638257,0.04909357767733335,141
0.02819785894251124,0.02473124476458943,861
0.012202057478284801,0.016704947185569016,1147
0.0,0.0,667
0.036247214437741655,0.07406644299652301,248
0.010032486649572615,0.007434919147472144,1070
0.03750691908849145,-0.003109077715182709,298
0.0,0.0,1569
0.048234256383332674,0.006062367711117423,414
0.082248199232887,0.05750300789911416,545
0.006210360614198165,0.0051670701851996795,1415
0.011402997234059424,0.006673905388810488,765
0.013607987272031866,0.00776718463506096,995
0.043691867277285044,0.014017607576440277,488
0.02303260223189716,0.024613356553072684,967
0.0,0.0,1126
0.08051673333090195,0.020564245609213164,76
0.010638135316493977,0.007443828898425809,1067
0.0,0.0,1492
0.018606693531209424,0.025873732692097078,1032
0.0,0.0,1643
0.08635118394936557,0.02908370755766,25
0.05345214208338493,0.03588361851377684,582
0.06113427800841697,0.03836873733058292,283
0.013472227337149992,0.01415643073870163,697
0.0650116753665268,0.032112410242299834,939
0.00872439171703224,0.018226256286581474,1099
0.1763580702928521,0.04391533486297939,70
0.07331202397618237,0.07606280639157,681
0.009224869793306563,0.012613088907996985,1263
0.0698899950310232,-0.00555642516660682,170
0.0,0.0,1556
0.13769551889115442,0.047431581083997386,66
0.0995174080532051,0.05312657620136915,183
0.05477121411835304,0.03465366210850942,584
0.0,0.0,1624
0.009459106578928927,0.01203710631049198,1400
0.015412664989648104,0.02925239023240227,903
0.09304594900051594,0.02443975742875154,487
0.0633062631778328,0.11703577767209118,288
0.009507663221526564,0.020116334487853556,308
0.016671398716623074,0.01124013862445874,1099
0.06218033922976315,0.008901550947216152,468
0.0,0.0,1569
0.0,0.0,1574
0.025518945029193437,0.044177867913499744,879
0.0,0.0,1545
0.22068942020485113,0.02311643381896644,190
0.0,0.0,1154
0.06978505678420004,0.019347301947797556,617
0.012316458153272182,0.003290340599969621,1313
0.0,0.0,1256
0.10870299132588675,0.04334700691216506,67
0.0,0.0,1459
0.012232824390374352,0.03342147380117425,901
0.046266332439510435,0.035354008768553546,570
0.053226901732952275,0.02251859231853628,648
0.0,0.024427549218034944,1105
0.0,-0.004889582210543148,1462
0.20293687713494277,0.011530179299366967,198
0.19884083606439304,0.03975888685692354,780
0.16717662611214165,0.011425537600424416,214
0.07330362100900333,0.027602427150037096,72
0.05057432431740138,0.02586479458915204,713
0.08652419108297461,0.0331502714302502,314
0.019333258331393856,0.02024493819220851,1239
0.07743869509294492,0.01889134651643432,528
0.0,0.0,1547
0.0,0.0,1423
0.02365710419453409,0.022954666063111626,970
0.0,0.0,1495
0.09210433602099515,0.01611252179609664,251
0.21103087393663014,0.02567410269100579,86
0.01622888169704567,0.006056828316847802,1482
0.11288350185914585,0.04413860736177889,218
0.0122625689913952,0.01822612738052721,961
0.008924762657665026,0.03225803705592612,352
0.013209880896027393,0.013561504921307286,963
0.04196121428966513,0.026185590969552298,1051
0.014865477087650774,0.01798733440634565,996
0.0,0.0,1330
0.022948449536267398,0.028669962735328368,399
0.0,0.0,1492
0.03718691597954967,0.033545710296904487,1500
0.010906763406302077,0.0062950978587851545,73
0.08685127317889436,0.036225110512754996,455
0.05455804583659311,0.04734580710758377,670
0.0,0.0,1137
0.04904435474639804,0.017229265681226454,486
0.023730385061401262,0.012963886162425038,1247
0.03365693596555044,0.014880972267918327,414
0.02813939790012369,0.030238599976606273,1035
0.01860577992236052,0.006684518345101229,1248
0.03351958931747895,0.009873357560394163,862
0.09263932616359023,0.01206498984735468,274
0.054110691857508636,0.02465649917395274,750
0.07655088414042356,0.001051029939388274,44
0.14289232931618198,0.03650378724018376,54
0.03726911376782536,0.02055362716628205,1094
0.0,0.0,1409
0.09310119051350456,0.05955845014721824,273
0.0,0.0059144493204601285,919
0.03210255098545084,0.013037904617377341,1177
0.0,0.0,1644
0.029348405302197025,0.03135344549840736,1125
0.0037693457818107406,0.007607826173952636,1379
0.0,0.0,898
0.060075203539244997,0.02931272268887272,1134
0.03216628951387411,0.010546958569434883,1538
0.09648110647448296,0.040816630937930025,92
0.0,0.0,1481
0.1706866689539514,0.06841103039531628,500
0.02781115294196504,0.04834013971874646,303
0.013569161646962632,0.01609058416830837,988
0.0662049434766331,0.04617804810028771,918
0.0,0.0,1671
0.0897320047787845,0.04321407287909289,163
0.02148211705761635,0.015030458016526128,1448
0.0,0.0,1260
0.0,0.0,1562
0.021751532759269318,0.004489057479035826,1123
0.024468734177552784,0.016241620645759486,802
0.17731494169736284,0.07463866059676842,214
0.0009701797600151972,0.00860705792756946,1473
0.032991895323856255,0.03640210201002032,1125
0.15820731750663636,0.032205762257285976,188
0.11992908839193774,0.006811625453383915,94
0.0948260540371685,0.08283540211540232,285
0.018118716215427946,0.001197519482216445,817
0.0,0.005315480385658639,883
0.0,0.0,1241
0.017446513380031052,0.00826563086335755,1296
0.0,0.0,1622
0.016953883230998116,0.0030745997315864007,1091
0.09950966573898487,0.09116288304407293,418
0.13099905636671552,0.06364085452346009,279
0.0,0.0,1671
0.0,0.0,1493
0.06840179191370324,0.027204293792060196,652
0.0178004091791151,0.023071124753875943,1023
0.04026995851575893,0.017220988310785446,414
0.08645190477926126,0.06418496108143587,339
0.10328769054292726,0.05729471269379375,581
0.02978384580760888,0.032323964752049926,879
0.08157017471561254,0.09450527466918672,300
0.0,0.0,1531
0.08458649108330064,0.07967881454062446,923
0.05105769549896793,-0.00046579960516665233,846
0.04553290452513882,0.002655942061511801,1209
0.0,0.0,1566
0.013056788145602358,0.012271449119517785,1192
0.0442909902571532,0.02804398147160112,943
0.0281215538157014,0.004663305997865544,950
0.0,0.0,1561
0.050316543527083826,0.013393306936315573,206
0.2697570923326494,0.06685715178334006,203
0.014853248346913114,0.005186239349400042,453
0.0,0.0,1505
0.1669427447726273,0.030577469926654964,478
0.0,0.00191224179601391,1486
0.05889398351229693,0.03179386633148322,815
0.10752321196224088,0.07094016636833395,742
0.0,0.0002450728631613865,1143
0.0,0.011059503120866725,1397
0.004191962559583816,0.008029690798133685,913
0.06664877164308872,0.06524450343358527,12
0.004610026036285911,-0.0006796488335110635,1508
0.025998127339148067,0.0049259111626255075,965
0.0,0.0,1611
0.0537023892201868,0.029397763749395497,615
0.01558016904227083,0.02175067484667268,1096
0.08659958422023609,0.0005569317716778551,314
0.061513365867475536,0.02369517602473527,720
0.0516466179897575,0.052314930782911113,282
0.18157839313647703,-0.02608167542038878,482
0.1460460136945431,0.05085851311525441,283
0.09762009434869223,0.009933776641923308,707
0.0028197319611374875,0.007139009512294161,17
0.02148296275056257,0.015695800095109944,1096
0.008177233030235626,0.005875172544782529,994
0.0,-0.005632258588262476,1650
0.0,0.0,1590
0.09377653776478163,0.013361691071384635,545
0.008398073180770313,0.007050124355192523,806
0.15098022116958906,0.02731975647942144,181
0.0,0.0,1306
0.019153360800913167,0.004544966619698957,757
0.11490532788121388,0.020565075869799134,607
0.06882669836767884,0.06345972351023639,344
0.05012550792393138,0.032669211409337325,736
0.07697434571304634,0.018753268564971497,1187
0.0,0.0,1569
0.020001310944716338,0.004638745837379366,725
0.0,0.00701996822760843,1584
0.0,0.0,1459
0.20276850787823902,-0.051008632344166714,63
0.12436201828423256,0.019979125980996812,522
0.08169516097403806,0.03893031523462578,1219
0.007919928902860071,0.0028063213004171305,1414
0.07138069789411053,0.03416645339137182,374
0.1815692222380969,0.0582131912392724,196
0.008181381517155603,0.013390063527894323,989
0.0,0.0,1346
0.02700898994705619,-0.001093013367722106,644
0.024572524023776413,0.019097554490106396,1009
0.05117700404314864,0.01922635055535471,608
0.058185486704246135,0.022724966941370415,444
0.02988593707357846,0.035710239850449924,328
0.16403615511099576,0.07134004985414115,143
0.0,0.005843398507305111,1555
0.15331788339464514,0.09224814927341311,134
0.12470092319395101,0.05666400004829624,549
0.0,0.0,1382
0.0,0.0,1337
0.007105054931359418,0.015748386139646638,1160
0.007348782658481169,0.001291601679829747,1436
0.054047740648887836,0.021454384374301867,814
0.05483146598478566,0.007459231978792409,716
0.0,0.0,1319
0.0,0.0,1391
0.0,0.0,1512
0.02793486925992439,0.02299542678353523,843
0.0,0.0010993996457811348,1514
0.0,-0.0029909792398539773,1588
0.0,0.0,1611
0.02109903830767154,0.012275150654920158,1218
0.023183815455201876,0.016498488031999506,729
0.08964863871336716,0.07303934222982066,128
0.06039273331246693,0.04739767901394118,1089
0.12744984351924304,0.09479436580780154,275
0.07548035966402926,0.05659323492235414,229
0.0,0.0,1105
0.046898181304589594,0.01763432302809124,942
0.01186694368407438,0.002943276979274413,1284
0.0,0.0,295
0.0,0.0,1533
0.017324544761028845,0.016180004488308038,985
0.090632546279121,0.008507755014873782,176
0.0876486701757576,0.017732517560934337,331
0.0,0.0,934
0.06368188897529743,0.009234917646050226,475
0.0,0.0,1514
0.08003254548037628,0.03385687483951292,219
0.12413778936158192,0.046686527985412035,67
0.0,0.003418114776482386,1639
0.03204692407838906,0.03337490886999078,841
0.1222638640655183,0.0002631707116315356,222
0.0031066176970047437,0.005896931769839748,334
0.04669191918158489,0.0422293378697333,639
0.0,-0.0038738112237235393,1326
0.04766321501588834,0.03378950756591999,950
0.0,0.0,1548
0.03589187050103758,0.011941840940517232,1310
0.02285144856680268,0.014237270372498868,1296
0.13410876372810868,0.04418475753000028,55
0.0,0.0,1161
0.07371308733441068,0.009627053725483376,289
0.0560262658625508,0.020235676248540505,584
0.07697434571304634,0.024681297627847498,584
0.13900471821328572,0.031168761690572967,734
0.049746788966717574,0.01832379657736797,711
0.03352233018160779,0.0664252099803906,1163
0.03384839819894367,0.02169089799531828,1029
0.0108839628278312,0.015749532700609723,1067
0.0,0.0,1242
0.02367759907622255,0.014892582207000063,757
0.0,0.0,1630
0.24554155615335874,0.05436555780601771,78
0.0,0.0,1649
0.018078693563850327,0.02954885125606955,975
0.0,0.0,1289
0.002108655898046561,0.008956040734578423,1099
0.1574960339612508,0.02155418641353604,1045
0.09395369993243438,0.03396901498469843,1052
0.04309776660043051,0.02209419172885305,769
0.027920950920730752,0.015024109529601475,729
0.05206408838137192,0.02273270496471198,627
0.03521857456337872,0.018195649902611737,1089
0.12478879916012525,0.027885266982800503,745
0.020402393708016785,0.013176844608894149,1202
0.04113227854502467,0.018597336499842274,868
0.1337688905955372,0.05087275813678913,209
0.10297156168088,-0.012042935863497597,58
0.03171259951020547,0.020866796946820004,250
0.06097289015767124,0.02152859672571445,363
0.08920791619450857,0.04807955822987221,634
0.0421979351387977,0.04360523939978108,357
0.3181845266380917,0.12015224874447736,691
0.0,0.0062178113189388885,1362
0.16353908614056212,0.0036321045331791446,526
0.026349104738376955,0.040699963835889114,329
0.038599957268189294,0.019607841366164537,1016
0.05638538392281408,0.0198253179330135,465
0.021723127433718258,0.005214635463850081,634
0.1531735499540651,0.05877503477873282,506
0.09723339725874813,0.012795535381389946,92
0.1172885561299633,0.040569229403499905,178
0.021697688420803024,0.0475565329041665,1396
0.02889379663456039,0.04765009181703384,1165
0.0,0.005447244751461346,1337
0.07381735111612171,0.020731364872830105,399
0.06628331136372381,0.03986382333635322,161
0.08395000494414931,-0.025890086389360824,121
0.03263608684059651,0.04694567259127182,544
0.03265130193944981,0.019539893322208856,324
0.02397912827354162,0.040299751659933825,963
0.02180956044901744,0.018591233027354218,729
0.04016122491088463,0.031183037870295614,248
0.016342911405978225,0.0016034813291611006,766
0.11830241865068733,0.04358039055670678,601
0.09473754079080624,0.04212478450313034,30
0.00378842704041473,0.004876261447853998,1254
0.008093889108642473,0.00044362133443613975,1172
0.0035842176044080343,0.002158465764969614,1147
0.0,0.0,1664
0.0223864052169822,0.005763222211515444,885
0.15414050984969624,0.08207577932666331,1046
0.08629730115564782,0.048656113374132434,234
0.0428771290716854,0.053462837457386427,960
0.16186597950285248,0.023537658939521932,780
0.05138798627581278,0.025694630451396024,805
0.04234479764357807,0.021009633729623986,992
0.044430857494430306,0.024291910077738836,1133
0.06436394491289445,0.054566365008917414,104
0.032082051279967855,0.01515406132862507,872
0.0,0.0,1395
0.02306282505910484,0.01564757805477853,758
0.06495941005744742,0.026722423368726277,548
0.0,0.0,1362
0.019838017031357316,0.023971266781311985,1264
0.03539383469838884,-0.008910505742142442,1196
0.0,-0.007552165624497705,1558
0.020174776894572224,0.012301398948947198,1017
0.007371800897436598,0.014389377257480674,1500
0.0,-0.0007341302987361267,934
0.07331793863984035,0.015531541636729589,626
0.015432894846088147,0.017536738942031876,1186
0.0,0.0,1665
0.0,0.0,1643
0.060366101391256935,0.040240429025399135,43
0.0,0.0,1665
0.03337792935069194,0.04033122314095938,1094
0.08345534116435142,0.026223986038171603,151
0.0,0.0,1451
0.0723766588239568,0.06186781579985487,121
0.0,0.006668520912969291,1569
0.10307476814424228,0.027055202677229755,550
0.10217648454434372,0.05758398963632547,267
0.02172170374762527,0.0145402181833906,702
0.0009996342615190782,-0.0010689033853326293,1301
0.0,0.0,1369
0.07436100848276431,0.042308158936330414,1271
0.0914626990634362,0.009545809466560222,407
0.0,0.0,1274
0.02393272511345052,0.022794384441786355,1004
0.06751027195373271,0.03218399528827652,416
0.07129085887464334,0.0008664549882518945,809
0.07249504789519778,0.022161330896018502,612
0.0,0.0,1291
0.09288786440538976,0.03682003471228891,115
0.0,0.0,1327
0.03459418846793224,0.024058189977726276,453
0.011964882973073904,0.009829665169776024,810
0.06856107362200062,0.016397039314937887,918
0.04538313556987556,0.011549584488624597,948
0.11091072293343447,0.02674857829318822,280
0.07255873216751424,0.05251051882183619,759
0.02309920388486713,0.008486140720046357,633
0.05570969430524802,-0.006119458166199774,1134
0.07721423043789406,0.03462355256315237,1041
0.04373229644605975,0.0253540797401285,554
0.014368582359002213,0.027604239593289826,717
0.0,0.0,1417
0.14988347275628527,0.0688221012220464,226
0.0,0.0,1656
0.1676758997751105,-0.021586101736758526,203
0.02149145912942594,0.042360709583795855,1502
0.0,0.0,1470
0.0,0.000998913258936728,597
0.06648127840348213,0.02830127321061451,649
0.019720113696515242,0.0074127121127470705,847
0.09231019827835808,0.006196318834546226,51
0.014660976449555338,0.015764529278896544,350
0.13225924356124202,0.022424669718507532,197
0.01717672012081974,0.03140403362318683,785
0.02480287671049117,0.012155497504726477,1029
0.22769066630334348,0.016053374872328073,482
0.034234892915013374,0.03161157566717005,729
0.010738092464352847,0.028452566479029575,1083
0.18975486770994773,-0.016818072033152685,126
0.013077801210330654,0.021125701262702367,694
0.13584650163526585,0.05625134414100358,66
0.00412432547380293,0.022212437347385858,1288
0.016193408211818704,0.024123525543031724,1448
0.2658645980506974,-0.008120567882831276,97
0.031766090334835476,0.011290914145858944,826
0.09012631985199741,0.034170227677675066,372
0.014353601616834029,0.011654123094165539,1268
0.037152686946998886,0.021587983314458426,1024
0.05488628383795986,0.04287745028364641,959
0.0045868128745955,0.009943054469167375,902
0.0,0.0,1200
0.02368777960533901,0.017165776460495337,950
0.06455067310423247,0.023741564014176604,1044
0.0,0.0,1291
0.0,0.0,986
0.04665748285102878,0.02403596575569868,640
0.009410369843969322,0.019787926101505995,1175
0.0,0.0,1490
0.03425010019267586,0.031002113791635914,1400
0.0,0.0,1654
0.01274165770452559,0.025982752803294606,1473
0.16378480026836728,-0.009113330813162228,602
0.14369281439473217,0.12543211430292975,581
0.0,-0.0010884866059784296,1366
0.048065075804860524,0.017683023390815587,39
0.1433569507125995,0.05591100716118808,117
0.06631937858726054,0.06495986591608487,272
0.0,0.002826911090550914,1185
0.01886721412003355,0.018888961431592157,705
0.09159989724320634,0.016147223787916786,96
0.09276981428301874,0.04389017965932705,472
0.011524544410520863,-0.005992560373233456,797
0.0,0.0,340
0.0,0.0,1197
0.05485010176229637,0.031172903199134853,824
0.01987740546232858,0.00825948111662764,1110
0.06196441536437917,0.0394711597460052,1012
0.130037200701037,0.0643251744264028,950
0.12839109675767926,0.03810431234741209,155
0.09444342782690092,0.025049899339927233,89
0.010847857111691275,0.012153078177617583,998
0.014295069143797348,0.03134339599823119,892
0.09700767772086463,-0.00018688056421423653,187
0.0688482387997143,0.02354403830412235,815
0.03115193233944292,0.007912983969184273,382
0.0,0.0005791792008894563,1547
0.025752134236087697,0.021572859460539114,784
0.11390805931882415,0.04681310525248725,611
0.01672891226042189,0.01648111830726807,831
0.05213933664283578,0.03555756080076063,826
0.13019278637949758,0.03808785704530563,207
0.2054760070608304,0.05356727869585228,27
0.06338563676663031,0.016036850519879776,760
0.0,0.0,1401
0.02439172736322062,0.048254421878007464,752
0.09674809912540822,0.04506962827759676,170
0.0361029903995211,0.034049463453103196,531
0.08503084072638852,0.02332404755654648,413
0.0,0.0,993
0.05957659361568918,0.020647751672109537,770
0.021702355860463377,0.008318547153433796,1184
0.028021983856802726,0.014462958482330892,1177
0.009665890960297605,0.0042606230006695675,1116
0.0,0.0,1525
0.011901443080022969,0.007342418979069991,1005
0.08888003960105657,0.034582675881935164,805
0.15703782945922232,0.09161093837910869,155
5.874374507626176e-06,-0.0008953089908674682,1508
0.039157368796587225,0.03457827323608641,891
0.08065560828841657,0.013425923093609321,164
0.0513192324291323,0.022789911164216175,594
0.0018504680999991841,0.0001744364927649418,1080
0.027508265345185058,0.019735652395948305,1410
0.0,0.0,1661
0.10405047927057567,0.020753444300901053,503
0.08398079488544884,0.03318155810900034,429
0.0,0.0,118
0.0,0.0,1495
0.015158849795124354,0.01267507892961809,1057
0.0,0.0,837
0.040410486331047844,0.021426197099509034,724
0.0,0.0,1532
0.0,0.0,1256
0.25976698124578407,0.031177602370695532,482
0.0,0.0,1627
0.0,0.0,1143
0.15970672721999682,0.08733453312535616,450
0.053905753710875984,0.015374821729833852,2
0.0,0.0,112
0.0,0.0,1509
0.21571994331824373,0.042496607806206836,401
0.048574949735563186,0.020879754361520515,764
0.017214725328211035,0.013831553218214184,699
0.0,0.0,919
0.12100163593656184,0.06970871646052283,66
0.09608171104817378,0.03948716919108396,844
0.10438013227301798,0.029109109146507245,151
0.0,0.0,1635
0.0,0.0,1350
0.26999940015865975,0.12162368801059104,22
0.0,0.0,1360
0.031688381426159457,0.025186994030230225,395
0.0,0.0,1415
0.0,0.0,1573
0.08656531190624212,0.01737405477701753,577
0.042785946697186,0.026276048620179786,784
0.021041839998436153,0.02515085432134263,893
0.025635083139048997,0.024414498437096675,1448
0.0,0.0,909
0.13641269404678605,0.06898326269270774,470
0.05590810464865558,0.07355885092157599,270
0.0,0.0,1633
0.026382351412549212,0.02792141482867388,1097
0.021292427322117245,0.021603191564922335,954
0.06690382044435032,0.05411982883798792,789
0.02948073379269056,0.024572340590979333,1156
0.0,0.0,1505
0.0,0.0,1552
0.04785105416757377,0.027765796999598472,800
0.039816050833666745,0.025517404296252644,1109
0.084515219885113,0.0015819857412062005,20
0.009162938605438087,0.012538685205195176,313
0.04431556345942541,0.021533552362221764,464
0.0063800252918555875,0.005414539622541781,1414
0.0,0.0,1452
0.0,0.0,1486
0.0,0.0,1143
0.2115612610611136,0.021943616203618045,184
0.0856529698100142,0.06268611314697013,435
0.05580097870541365,0.027196416702592933,322
0.0,0.0,1495
0.06109768114370921,0.04812421919370525,159
0.0738616550562508,0.02745478352183695,212
0.05077118497582978,0.020186484324005122,260
0.013809771129888161,0.015749803834505176,936
0.1939046999296906,0.027247369054354462,31
0.0,0.0,1449
0.0,0.0,1590
0.0,0.0,1512
0.02429762747403787,0.027620839344927397,1295
0.0,0.0,1317
0.09223984336225963,0.03694977375555966,151
0.06463299135612231,-0.00026423997517670283,13
0.03707724370719994,0.032860281117418115,894
0.13855635864608987,0.013378196679324945,607
0.03634196387138712,0.034035088121237525,957
0.04608742128779788,0.019262639956946482,809
0.13831559305094618,0.04311520081799905,522
0.04242043214640652,0.030693775708000585,494
0.022934492365701893,0.007719665868338207,354
0.01151518136293854,0.005261685721577828,679
0.02220624429277948,0.038102464072534176,137
0.0,0.0,441
0.041930507656345054,0.02884682920532704,1115
0.011624467689819873,0.0065156234345256255,1450
0.02222671350569654,0.05475648604048663,373
0.0900252227786926,0.02393610510325552,31
0.0,0.0,1510
0.1258610809433725,0.06421465957268792,741
0.048705375734400806,0.03533054476198607,1064
0.02784741604356459,0.01659376464987759,1534
0.0023375687669673724,0.0032914168411156976,1023
0.022347134021611773,0.022677817271621412,1283
0.03801064948605659,0.002787832184341615,541
0.18886488376438915,0.017034371406427412,167
0.016954004819265452,0.0040277422315574555,1434
0.1910574343201944,0.03572347849232455,522
0.05044592849613038,0.035255691618504996,854
0.069678224292861,0.03847382595193574,144
0.0,0.0,1537
0.05035347446498836,0.03850852131407628,1008
0.019403024036245723,0.017164205225364382,725
0.07269075288372115,0.04311266521744713,410
0.0,0.0,1421
0.006197627018145538,0.024492462097118226,1279
0.021032113058957965,0.025200793053056215,1056
0.06345946921566462,0.031940328238362285,443
0.009595335712045617,0.017905444157473745,915
0.04101004203840456,0.02936743452743875,876
0.10861989990712102,0.014581252942785946,191
0.043996915520314143,0.019747465709712822,875
0.12105729139293918,0.050218560240734136,662
0.007247125988338447,0.011706382669200628,361
0.009297377122562232,-0.008189862458198239,1164
0.11251358493226216,0.06798463063761487,471
0.027254177273131522,0.014277645788656946,1063
0.03376782602073531,0.0062087993944982675,862
0.049776094471349154,0.028921285873658914,626
0.018442872127681705,0.006699944001035616,866
0.0,0.0,1358
0.10978606793531828,0.03430063999429347,414
0.026374734363514344,0.013456320229911767,1418
0.0,0.0,1466
0.024242521723015564,0.03925138612756907,983
0.023525337351490178,0.006559356371106843,1502
0.10154169915374703,0.008195177912339174,692
0.03965203732585865,0.021604628453345064,485
0.02451326559008084,0.017446207059959522,1136
0.13036737250451258,-0.012131189065772242,514
0.0448477286014621,0.018192884945040694,723
0.06714626658804408,0.014293833596274263,141
0.13681820093716449,-0.032862309664646594,95
0.05834676134691454,0.028058666990376648,619
0.0,0.0,1435
0.07390049979369742,0.03822388906681025,327
0.03508425257449223,0.019621665693452566,975
0.0,0.0,1593
0.19431658582631242,0.034080316031919376,167
0.09167314563967446,0.0845689308274244,8
0.0,0.0,1635
0.039600699376401385,0.03857272172503989,722
0.0650365246981789,0.02109594806231242,823
0.1078544227956595,0.07663414625513633,66
0.05135742261120225,0.054092721929139144,882
0.0,-0.0029221452395025663,1465
0.015148524815747686,0.00400821567447783,616
0.1020786330651628,0.027227791705977517,240
0.0033458407774569826,-0.006392245272968061,1281
0.021767300967271842,0.009884734395545726,1058
0.03061283814211961,0.01949304001375717,1125
0.0028334383120095677,0.0068210280877544745,593
0.009400326150517698,0.004659170776987944,995
0.02601196594209134,0.03358731939401254,1120
0.01723586143115892,0.009390048834823621,453
0.04202141369992917,0.011508429255418662,346
0.014945800438583252,0.016442027946982043,1188
0.034082821673784056,0.0018079207687826864,298
0.05345101228666998,0.027967020258121072,1231
0.0,0.0,1630
0.0,0.0,1317
0.0,0.0,1253
0.0807456794636024,0.04504649985545575,219
0.1291069845934928,0.12951622904774726,257
0.032938937113821856,0.014500675563196536,45
0.04268184849955794,0.023199848484760484,830
0.0,-8.539562433223467e-05,1350
0.06414220465274764,0.022097176467981837,819
0.04532008908031257,0.026116143820150775,1057
0.026804531478690285,0.02817306474865564,1264
0.0,0.0,787
0.05351744060657829,0.013053553411032117,822
0.0,-0.005259623798134043,991
0.04779478522915835,0.012952953868608898,685
0.0,0.0,1537
0.027788974738672145,0.01172638300493709,1132
0.140712924873836,0.03391222273449462,175
0.011773068603556779,0.007889970242393386,937
0.03359763108983554,0.028999338891900088,759
0.02236766554551945,0.009260270343905763,396
0.09102608245673074,0.044651445170001164,146
0.10147263167171966,0.022552457237357746,565
0.0,0.0,710
0.0,0.0,1659
0.0,0.004271374661973767,1316
0.007629448211677082,0.0031667845137397263,713
0.0,0.0033080039390662105,1398
0.010179733408301705,-0.0015888235694965355,1150
0.016762281338853283,0.003371149507868469,423
0.0,0.0,1592
0.0,0.0,1622
0.0,0.0,1300
0.0,0.0,389
0.05203057403418076,0.007622484184987234,922
0.03611203826306772,0.019324188359204655,625
0.039148649373879726,0.03193118365717481,561
0.048919768854071365,-0.009703567858840677,164
0.06844726490099902,0.026353914152255745,612
0.0,0.0,1533
0.0,0.0,1324
0.0,0.0,1129
0.1076785442225446,0.036858041084398774,704
0.002419314403232068,0.0009933167054013284,1160
0.0729433406276737,0.04845304384802656,618
0.025615677261443117,0.0009922090287546432,623
0.024673766892719943,0.02139644327015479,899
0.0,0.0,1471
0.015359335578054429,-0.00045658573458738156,806
0.12731527179547528,0.013960416401189507,95
0.08127622178516465,0.02835919764772309,695
0.0,0.0,1660
0.10954054628060063,0.06087664139676162,8
0.19028592837647595,0.030970254447999095,179
0.04278793887209531,0.022878217646388685,318
0.0327191342731281,0.011630029032521454,617
0.0,0.0,1122
0.05765331859046291,0.03531531599464776,958
0.009228928299143986,0.0032667434237863284,1030
0.13354054724522807,0.018906781774137644,678
0.04726860789533226,0.04097776394436313,873
0.1217687813796002,0.05987146888187636,160
0.0,0.0,1107
0.05126841729607961,0.007996662811781064,781
0.02400348272470181,0.024448323480301043,1066
0.02476569732349536,0.03681392673595123,137
0.0539106288236111,0.05224537863778922,1015
0.03524530159871013,0.020899526677286784,969
0.018190204924776587,0.017554041270220297,1270
0.16468727846411804,0.00740327771566014,168
0.0,0.0,896
0.24571069294391004,0.057406194236657895,509
0.0,0.00330360347980734,436
0.0,0.005578652452379643,756
0.086817532130054,0.0337271300693662,127
0.07613004977071794,0.051726964993805656,300
0.0,0.0,1188
0.04788807264831404,0.05462985745244273,279
0.0,0.0,1465
0.0951514697223999,0.03797168102535725,558
0.030497692067825224,0.028776770792525972,1058
0.05705090802931439,0.014046612402471514,355
0.0,0.0,1362
0.04546102380708788,0.015802919690990482,1219
0.0,0.0,1103
0.23675956256025227,0.04674827068413002,481
0.0,0.0,1437
0.007582042365514177,0.01950025365140166,1175
0.06114224250082236,0.0470125942176065,290
0.08402922237036665,0.03787552942713919,506
0.17038343105474846,0.05015727989973826,86
0.13233412087146146,-0.0032878277485953707,168
0.03312047391089612,0.009741380820209618,1181
0.0,0.0,1555
0.03338900537538113,0.03246118700189335,974
0.068238343340232,0.02913578684271191,275
0.0239597495390983,-0.018404257263643132,319
0.038347596605018616,0.008772832418919522,608
0.08083877527719908,0.031468981776632016,236
0.03550001222518506,0.042064949909119694,1051
0.0,0.0,1650
0.0020064027574523786,0.030052533121787725,1265
0.022402888875893534,0.009090476442920286,766
0.0,0.0,1664
0.04633250352816003,0.04587115705243824,339
0.0,-0.005913142006286075,1543
0.0,0.0,1617
0.012466953174959793,0.015110076235392041,1171
0.11860320926195995,0.06285188091252326,293
0.0064379726782997785,0.01336306497368397,1191
0.03846997693330226,0.0326538776720724,1072
0.0,0.0,1300
0.0,0.0005791792008894563,1566
0.2305954206812631,0.1268738357292075,143
0.22057619217968547,0.05762301380361253,650
0.09304197197730761,0.0582943754382639,23
0.03439965273297702,0.0029343290835001094,863
0.05870004983705916,0.021934098913100362,1379
0.0058721227152316756,0.003065753490625369,1172
0.232060868399989,0.06277349986391136,1040
0.0,-0.004659273188181171,1226
0.008148903121616832,0.010016354134585757,999
0.17898076723119716,0.01690756794094194,63
0.06013592246188588,0.01668053087352924,139
0.007767945958299382,0.004816017317560376,700
0.08642154525535146,0.025136722985795012,947
0.03658805284480579,0.05000713751029801,853
0.0,0.0,1260
0.05423009928420314,0.04062374981759256,918
0.11048721223094136,0.05769974867314307,567
0.0,0.0,1381
0.0,0.0,1617
0.0,0.0,1655
0.03906294899200139,0.025320744842693095,406
0.13465963542334278,0.04258105217576682,37
0.0,0.0,1380
0.009806731474400702,0.011552052601631085,1240
0.0300855402230944,0.022965218099478588,702
0.06946266740078792,0.04599903350207927,720
0.02077902520604918,0.012588898185082194,235
0.07691549396293702,0.03563887239420013,310
0.0723275333590509,0.03010123226738299,762
0.0,0.0,1404
0.1500726753738485,0.04271382835050706,605
0.08318430726381326,0.025503236665406395,267
0.04019968316642693,0.04620051178289887,839
0.0644700468215708,0.030759423223215697,1216
0.05334617314988666,0.017513556667059327,969
0.003798465099666998,0.013803246138653042,1023
0.08220291582011185,0.025531052819785925,1221
0.04293867574026231,0.018205087435374304,395
0.010123691144641027,0.009489389275367317,916
0.08255429447868139,0.04133565115376018,363
0.04201418332882172,0.05110755107741689,259
0.03533984088103368,0.03303324229312681,26
0.12599801037319489,0.04335289416999139,549
0.1355213054604811,0.04537067948849401,237
0.023271923581182685,0.0494722571614754,1488
0.0,0.0,1449
0.03593962692642543,0.04158903200239061,374
0.13440476032831772,0.0427731222092969,672
0.025026154737821108,0.011375318718229107,1167
0.0,0.0,1460
0.021191688550099702,0.020368044298734348,1217
0.21473761645307513,0.12369514485645489,134
0.029333659786970723,0.01418014540175811,463
0.17814872707562088,-0.0018523846936339846,27
0.07081440041815658,0.03261772593668665,146
0.0,0.0,1612
0.11016599290671626,0.041702729314900044,296
0.02769123849159162,0.028391888739212504,669
0.011065049356072628,0.010510551989486552,765
0.0,0.0,1504
0.02363964359074982,0.018447454540609535,951
0.017894559804991703,0.03211689631353101,5
0.0041849171482104715,0.008774862332636408,1293
0.11543419512320263,0.04018529460275593,577
0.005921502720807754,0.0031994029387590315,1199
0.0,0.0,1639
0.07389040440336682,0.018549936851820516,43
0.03510830666980537,0.015072101072281794,1066
0.05034459751428548,0.044298763917104314,303
0.0,0.023797421270103827,1511
0.1629978643969136,0.061540561793775435,78
0.04676230751298441,0.011336533096895533,973
0.09548259385590027,0.044948595235891724,3
0.006843336469199234,0.00685913033043574,732
0.0,0.0,118
0.038424937354481825,0.039847721099088906,1029
0.02531933801581035,0.013126096538552196,1140
0.09314466073235367,0.027822740522496673,385
0.051472597148937385,0.021399412783917125,1028
0.1457292956482656,0.05319127483341514,671
0.159950233859659,0.04847219913339965,691
0.07996754100803555,0.10111556646809243,239
0.004996237347555119,0.004488424829664729,1084
0.009200936696100125,0.027539662282945437,1277
0.042014183328821716,0.0441333074856619,880
0.13913188057146733,0.053322262311630494,207
0.05758389322770908,0.037230896511682626,701
0.04845261813069432,0.010998650669659677,685
0.029991841592849806,0.023681880472045995,463
0.11712514294574783,0.01719659950491958,728
0.12930995193621153,0.03643264264022888,180
0.01231828215075794,0.006187571581260314,1424
0.05350119018437202,0.008825789120897619,282
0.04107314720297244,0.04302658790245117,303
0.01007814232390531,0.024885838351109774,975
0.0517926183314035,0.009953583667884203,1078
0.0,0.0,1457
0.06210715371860899,0.01482715966729761,770
0.08861500193937123,-0.025946550723860474,0
0.0,0.0,1359
0.0,0.0,1234
0.0348209559925316,0.04265662658347243,950
0.20983934365734194,0.052286129251886124,678
0.08494326436347116,0.013663206637690512,247
0.11830241865068733,0.05649112069205228,418
0.052841204658834434,0.02575096288777926,715
0.0,0.0,1471
0.07606599590351991,0.044992892529828986,1052
0.025131320722290938,0.016010917906689633,997
0.013191217205004662,0.006066283183095867,145
0.0,-0.009000848401456577,1200
0.039621794422186336,0.016822988257924058,617
0.05653313376962808,0.040404901053575186,290
0.0546822206699072,-0.01324090540830197,830
0.028304502784253515,-0.0035195963620539895,759
0.06011976681434337,0.015178518138926067,355
0.1733204810714902,0.06249052919250757,155
0.13392566321585325,0.04130215269360625,495
0.016639311739391403,0.05337429495486694,1000
0.012039710872612406,-0.01530923443166054,1264
0.0,0.0,599
0.0,0.0,642
0.0,0.0,1365
0.02455294272803026,0.020263900875312883,977
0.23512726294092057,0.002327546199188291,198
0.12343173012994967,0.07029133989288029,92
0.018006072398364603,0.016141367555115978,888
0.059761104928437475,0.02892497760856243,200
0.0,0.0,1610
0.0,0.0,1371
0.11070508669023947,0.024275774751628725,379
0.019563726619644638,0.018732677181994263,1262
0.03446729087707102,0.017634978219044462,1032
0.012839979372300301,-0.0006307784634944549,354
0.03861257778042144,0.024132881237739105,1132
0.0,0.0,1454
0.0,0.004156716695216298,1548
0.07760651690256264,0.00435920524231949,517
0.17274648974478204,0.06247962905083345,731
0.0,0.0,1625
0.12810859919852535,0.0361443189420871,85
0.05279888814526346,0.034590807346814426,368
0.0,0.0,1570
0.07326129999532757,0.0691814287029571,183
0.15248933755462593,0.02985721048547112,488
0.0,0.0,1366
0.17286274926489206,0.0414394924105768,653
0.030194267443406513,0.020857575291926774,729
0.02702649157015085,0.02795406391991488,1022
0.05656776339798932,0.005125455982540491,788
0.0,0.0,1593
0.0,0.0,798
0.056129182284261614,0.07133736417521148,258
0.0,0.0,1328
0.0,0.0,1544
0.20525979506641637,0.13290593440165369,233
0.05386358633824347,0.012098870929167012,304
0.05360367380438105,0.015128969775688504,1266
0.020105771420021068,0.01967811702766277,1068
0.0,0.0,1358
0.04130553953333843,0.01997838814906173,465
0.015413513727032669,0.018187288941471768,1159
0.029612589809799847,0.023240576539569027,15
0.026979351973726785,0.016031060338749886,1156
0.10237221594744737,0.046583180671221816,43
0.007120699614099022,0.0032292894973005876,1517
0.09302150422315407,0.04472045059751449,4
0.0,-0.012052796004408914,1419
0.17278761555939565,0.029771379571846914,155
0.13054725705748121,0.030362493365147583,657
0.016639657545554916,0.0364494269385193,1000
0.041555587947101305,0.043321386824806955,106
0.07984119885088611,0.042053355899157555,1006
0.03439853676163288,0.028898314972577843,879
0.027972537442841512,0.026855862241650087,952
0.0881763273689054,-0.007815741568515734,514
0.08990850836771419,0.02130896503758739,685
0.0,0.006668520912969291,1581
0.04232529688919977,0.04314190430546869,328
0.1358365412101259,-0.011351541729723231,407
0.06078886950537627,0.036168162818227996,1302
0.07534142660769352,0.05813762962386321,23
0.046286122521165325,0.03063068551414234,594
0.24576951171058395,0.07002827439887158,179
0.1118827869184014,0.024128778639367746,727
0.1165789804382555,0.035225192990245006,407
0.05048934568278474,0.043184151754006875,304
0.22639338194699532,0.07798142400309173,22
0.13317833448416214,0.019421876442331648,156
0.02063278022527129,0.010713514317525197,1252
0.019527179455345593,0.02759832637734957,868
0.085068857263508,0.05274832780650647,846
0.02181231650714808,0.013025410126098608,1228
0.00147863270180806,6.534303880703713e-05,690
0.014072434283037972,0.008355714284023487,785
0.0,0.0,1624
0.06226929018979041,0.01111073121272938,449
0.08725403827152713,0.02828348825254462,108
0.20857070528142818,0.07024330971571548,428
0.02276209513336932,0.036404641943551586,827
0.019678877980483973,0.0012372315564056745,1077
0.004901966419649663,0.004067784814194284,1374
0.042705061666116303,0.030139449032429818,1109
0.0,0.0028595583298858594,1599
0.0588696879940503,0.029208810175235394,799
0.05308025351935951,0.04293185929315771,839
0.02275848624603091,0.012960224957149855,1112
0.2345197972862379,0.0124595049101051,27
0.06353506383585908,0.06598373996382974,367
0.0200119264912994,0.012354610724302781,1201
0.05523110608184425,0.04560168256959414,973
0.0,0.0,1480
0.026598225986821412,0.02697144757908388,1427
0.0011621907880255053,0.009312076876483976,1411
0.003101065763226238,-0.0022740187834292733,1455
0.06946702254887431,0.03502758005728372,553
0.0,0.0,1612
0.16846903001750937,0.09727086326969003,134
0.03626259333579247,0.03711951383692946,712
0.04808482323396531,0.014629733717192771,800
0.0,0.0,1476
0.019366535393441263,0.023084027660442718,1508
0.0,0.0,1241
0.0,0.0,1621
0.1387022110618372,0.03412697375364836,466
0.0,0.0,1394
0.0,0.0,1398
0.060805645668247935,0.018685574434254434,104
0.018635939255346692,0.008878746217266444,987
0.0,0.0,1498
0.05785823052368886,0.02524097801412324,394
0.0951514697223999,0.02320754839739515,1052
0.10152781511830705,0.045832640213592596,565
0.057369513321531194,-0.002566584156521037,43
0.0,0.0,1638
0.044224157364832234,0.010080787511520608,405
0.1869152706339823,0.014026869581673264,78
0.0,0.0,1303
0.05719015013342704,0.06264792575578038,955
0.05957324231634289,0.04076184980087114,101
0.06715536305200631,0.036662615217443496,720
0.011616714682776428,0.008926069399127304,1171
0.0,0.0062178113189388885,1373
0.08105442091644113,0.02330883346911293,645
0.07448850797996996,0.00424944268415434,121
0.02082955777906149,0.0007789821708267835,790
0.052007682238149076,0.01899022180044059,721
0.0,0.0,1547
0.05527439263021214,0.006301664471984256,40
0.0,0.0,1326
0.0,0.0,993
0.005880877358228391,0.0007153267737072574,1081
0.00011080663254448619,-0.0001109033065867172,1426
0.1900276751942313,0.049128990653931434,492
0.03649298451715487,0.030465745151037196,397
0.03215168691459589,0.017990099023326253,785
0.028259753355160983,0.00835918703499969,1436
0.021812813869761322,0.028294273255289385,1022
0.19767660071589654,0.0014922620936493759,426
0.12310433749892745,0.0023337669711862405,169
0.12617493056852572,0.09036027779019874,14
0.0,0.0,1320
0.024628047828654895,0.02188002900554125,456
0.010033531092193093,0.027515163344565427,34
0.016343870388532147,0.021983030701801815,1083
0.10796527889688588,0.09779542602472224,275
0.015421168810909698,0.03014752078471377,936
0.015617002401188762,0.020077041745509835,697
0.01893883753487008,0.014343512496892948,668
0.045990668788670516,0.036128729184322514,835
0.05218186961018022,0.041279872271914916,566
0.026391685788893286,0.010457716497533917,1297
0.09053002901798135,0.03050722811864046,154
0.014240328280366504,0.007278237365159034,148
0.0,0.0,1630
0.004329415531205146,0.009905235201941911,858
0.0,0.0,1556
0.13861906869565804,0.05212532468252047,30
0.06352478612404122,0.028287633987624666,302
0.0,0.0,1648
0.10574840975734756,0.06557451557143898,762
0.0,0.0,1105
0.06040979334582416,-0.020673134164574485,539
0.016712207455513793,0.020928325770220198,1194
0.11118863272867968,0.0650348136680754,79
0.0,0.003817766952555113,1317
0.05247329064274813,0.04008161985413783,769
0.1255812919804957,-0.004769459074246818,529
0.04299980235033899,0.014920269662109558,792
0.0,0.007282033425225465,1607
0.02946874505653816,0.027079386368562,1169
0.018933071107096015,0.016441788624915847,578
0.07275543447753642,0.005726477078792764,987
0.10377606082801102,0.052796263415559534,646
0.14194534458461508,0.08490478667944973,160
0.0,0.0,898
0.03487397638475173,0.02734423882976289,1008
0.03910136779538824,0.026551249638890842,1119
0.0,0.0,1388
0.03165565225895809,0.01131699038089012,538
0.09822844357406987,0.03972204061626288,299
0.059534312909122915,-0.017784911012944167,922
0.0,-0.007524298148153252,1480
0.07800830840203704,0.03717793575272451,290
0.07644594710032972,0.07482177863233486,677
0.0,0.0,1595
0.02859249962272982,0.024798881308428316,1139
0.13614115466275972,0.0150108863842784,271
0.05251771503939729,0.02779457890789413,1118
0.11882273865518977,0.02754824348157102,500
0.015900359423512506,0.013513224072715112,1112
0.020891184236251588,0.02471306595162738,1059
0.06030421966237376,0.03240366221597469,100
0.0,0.0,1185
0.10256421337715875,0.057807898213764385,50
0.07709574478901028,0.021067034001049853,226
0.039633920502836664,-0.0002151229369282542,613
0.02218055181337975,0.04679947332536518,352
0.041260186989463425,0.0367090507011477,306
0.24129990257406436,0.04579241099121139,509
0.0,0.0,1613
0.12842522972752357,0.06195439426471083,65
0.03449368478720656,0.0715632148477947,1012
0.06869876786220386,0.006876082696910121,778
0.0,0.003156838906899861,103
0.14549218397487226,0.051878510575082915,37
0.12505645006245614,0.061953074275590866,61
0.0,0.0,1529
0.0,0.0,1316
0.08484310061943516,0.032901137693677675,754
0.007591693980653322,0.027405391281892552,1375
0.25839978981841316,0.02369490676611975,356
0.04418686674354789,0.009564013548935539,387
0.057851053552107734,0.03191858385723667,247
0.06771255329466837,0.035866433073679704,170
0.04788734842205532,0.015554755766842539,671
0.06275792131494613,0.03430329607006044,716
0.012761912228218564,0.02688648439858238,1085
0.047258432520411835,-0.018736522600602094,749
0.0,-0.002347892491816072,783
0.0980875750364271,0.022539422853564202,493
0.06064149826835326,0.024483432525289194,502
0.0,-0.0019469009544462316,910
0.052805689589387354,0.03932758875331829,2
0.02664693512316783,0.008962173852615135,1058
0.0,0.0,1656
0.008673366775824696,0.01007280931622922,1267
0.05781831600107663,0.020647665738459418,793
0.019127230661395583,0.018056876802356774,763
0.0,0.0,1326
0.023722454410135724,0.021131329919163968,348
0.031905880652902056,0.05107564147408341,893
0.018515219068717875,0.018213341659715988,903
0.02688792073456563,0.00494814676755398,766
0.04995153184451096,0.04225005758299972,341
0.008657698954772367,0.01154835487321095,1529
0.05173373498221176,0.031677341714334124,639
0.0,0.0,1309
0.0027437000365676217,0.0002608559946422027,373
0.11657907564867642,0.04948835492618664,363
0.017776783918149387,0.025042441621827255,338
0.022218094630147955,0.015937330148580273,1110
0.06165288624871646,0.004221183131967544,563
0.08837210636687105,0.03710152989907097,585
0.016735395290921606,0.028638581000886412,1244
0.0,0.0,1616
0.02007589188679399,0.03164770454358871,989
0.007821339685895606,0.02122554200046693,1030
0.0888435847708652,0.018470044998889403,584
0.0070047556343953805,0.007422574309188373,1054
0.07254288881595386,0.019930011259764995,16
0.10971989930734583,0.05008094972145859,432
0.07104537885347004,0.022218676234490572,164
0.07965943316014253,0.05351089762369944,1073
0.09908589336324847,0.04540250659936322,865
0.0,0.0,1481
0.0,0.004670469831939662,1492
0.023109472708308692,0.049829777371887686,1159
0.0,0.0,993
0.03298941984418204,0.028801189788973235,629
0.05945416494922356,0.04948104141224431,929
0.030671143507501702,0.011768047822253967,1033
0.13453634456799854,0.02297794975140734,530
0.0,0.0,1460
0.06058704566317186,0.03733015608056928,1064
0.020804123160895225,0.006281117145343735,1424
0.03383700249424337,0.04046378788906521,106
0.01915004950029807,0.011752446389120255,1412
0.06034475660360939,0.029292323595799537,539
0.011571421290747818,0.0131949530516729,1199
0.01812735324959522,0.010365831063323524,1111
0.01912123271834641,0.0185321089691891,1217
0.024135130269559053,0.01266088669208758,1020
0.03687014446682015,0.022235287389217533,873
0.0,0.0,1457
0.022112360466864895,0.023701201377004717,1126
0.0,0.0,1610
0.006868045918134467,0.021707004794371116,1254
0.14138753688060313,0.06596324785382891,305
0.0,0.003418114776482386,1637
0.032788038909656196,0.015930763164162174,793
0.08625240189061749,0.06649134645076117,139
0.0,0.0,1555
0.0,0.0,1122
0.0010545232426778627,0.003938329129718016,1392
0.010433007269352097,-0.005385804977441513,1508
0.12455767085628465,0.034637171258615665,180
0.061207545587924406,0.03423615346976434,757
0.14880619659333139,0.03768737970193287,419
0.03875760172469935,0.025885187953136702,768
0.03013297118648409,0.019532159470217803,983
0.01843138186151751,0.013664152903982922,1199
0.1408419184593563,0.042629044485407455,193
0.03834311926709932,0.017643041144723773,499
0.03512800041187119,0.007034607637821317,796
0.0097322459537718,0.007822202579567741,1127
0.08396976388197945,0.04817867215711308,51
0.07717563612676256,0.037667823480846956,1220
0.07757832202749676,0.030371358796080203,234
0.03415261529420451,-0.005507400995132994,324
0.05312748283774741,0.014165795906802833,1181
0.240087342110124,0.04591116180056602,123
0.01810392535792441,0.02580343026015019,1295
0.01721727203427911,0.002271707130905861,966
0.03489988364601625,0.028770298891032532,686
0.01534608569483496,0.010636498865751992,1400
0.08127622178516465,0.0314694094625852,865
0.012904614806166581,0.008809675100164832,717
0.01731062594210073,0.011334719283546516,255
0.019043983915652544,0.026086661889767153,763
0.022147615244302463,0.017405482616828487,1141
0.1201906496706765,0.03251457460308137,518
0.02896565751828377,0.03098749421185496,1047
0.05743978443407404,0.021271802870277284,413
0.03825442976166056,0.0260585583861835,1150
0.08734987212117823,0.03343033526912985,84
0.09117325773103024,0.08174952494876714,520
0.09519696212076074,0.04332797532646176,256
0.001975558355233934,0.005205312776760252,360
0.0,0.0,1611
0.07840293206511202,0.04788320566280811,754
0.026840762865165832,0.00022689600176908057,682
0.0,0.0,1330
0.05519397917534387,0.02836271578206661,345
0.07584994540286139,0.015055119140655134,1010
0.04270086230101437,0.02893244967955362,279
0.0,0.0,1643
0.15258802693244172,0.013265432014486015,808
0.22071067200085528,0.1076704176676011,123
0.028595724913768855,0.016841053095825825,463
0.004155922533574974,0.0030597930173070116,1080
0.0210119836889758,0.009611218536990965,452
0.0,0.0,1079
0.0,0.0,1571
0.025259942329721733,0.03489916516496988,771
0.06770047769952786,0.02626262587086853,746
0.05617437150474715,0.03452293779451331,261
0.19493882726777045,-0.02867267173584671,21
0.0075413738619446846,0.00748054052545759,1482
0.009510496244361384,0.006863190876590888,820
0.04345022224805995,0.007417293628615881,559
0.0,0.0,882
0.09183039374972918,-0.014028615655462467,491
0.04525176162390518,0.04419120313041652,362
0.0,0.0,1541
0.04233123244370713,0.037694101587156977,1302
0.04778931877332862,0.03714935256421756,1029
0.10609388217913399,0.03423100861191001,410
0.022231719626949607,0.005228321959907445,781
0.0,0.0,1671
0.15927529140289573,0.09448040131605395,870
0.0,0.0,1548
0.06484619582527579,0.11366836109652759,287
0.0,0.0,919
0.01304849879310412,0.0036344617037160796,1468
0.16434822741481517,0.06244055533224373,215
0.07540745067820251,0.027816247511328954,626
0.023874493938717753,0.027524708297420385,960
0.024669827544793032,0.03446682413662353,886
0.010040658778480175,0.00699443255056739,1450
0.16480480224277327,0.09397175330330934,537
0.022652119053905878,0.006038577386592128,373
0.010945875522999516,0.022997153965816846,994
0.0,0.0,313
0.018225660633419224,-0.0007799071406443069,996
0.021568363692824416,0.004482710100923104,333
0.03263608684059651,0.0532797898743212,323
0.0,0.0,1145
0.0,0.0,1532
0.0,0.0,1444
0.008572913750147149,-0.0044894707060966635,901
0.19602474370892012,0.05203400305841962,653
0.0,0.0,1137
0.035735578252903286,0.02205927498872333,875
0.0,0.0014092251708341262,1345
0.01861989338715865,0.022122110473569025,33
0.24495362303114765,-0.03750867936052759,21
0.0819022509279115,0.0415882647369823,3
0.06618229485636105,0.042320101892321396,470
0.0,0.0,856
0.025099583041666484,0.008492664228378426,1148
0.0,0.0,1489
0.029778431409297413,0.02134049685076976,686
0.03887647803827779,0.013086719771654376,840
0.17604734233576344,0.05356186008298043,167
0.0029720600552168423,0.006312317419164555,1458
0.0,0.0,1354
0.004630882203654338,0.003032692897856854,586
0.008851984497208778,0.0034851370343735102,1478
0.05676154376817885,0.011728038511742018,413
0.17813678539293143,0.05675924309194589,477
0.0,0.0,857
0.0,0.0,1476
0.033238832176686925,0.022725899110068025,718
0.006659415534945719,0.002948532331985298,1440
0.0,0.0,856
0.10832541218691173,0.020205239304082915,119
0.0058221546424322,0.009977531207983422,1023
0.11362206366382367,0.056486903085850575,257
0.0,0.0,1533
0.08102092616344866,0.07257348284589968,183
0.05106537458709551,0.04122159102973738,42
0.40710186600062104,0.1112500686118576,478
0.004958253645941131,0.020361040100582546,334
0.0,0.0,1676
0.026351000527250874,0.004960311792257011,875
0.0,0.0,919
0.025424681825066686,0.01231663465024991,619
0.0757552267137899,0.032805958882983016,75
0.13406337130937881,0.03213665902388195,433
0.03333244396339187,0.02020508175729404,276
0.09157411540962934,0.04841492262866304,809
0.054687087226862344,0.02812167283854538,139
0.005491546096865787,0.004074001115449156,1084
0.0827962784793159,0.02952568622839723,297
0.0,0.0,1079
0.017288450298882638,0.007337417600969278,1478
0.0,0.0,441
0.024230609539740933,0.04383654444459748,1092
0.09045658208273621,0.04888099728187297,70
0.005678029692464055,0.010382539719134663,827
0.0,0.0,599
0.01596207797141463,0.022627464265626302,350
0.013920080507349783,0.025563857446971577,961
0.14864330158172348,0.02602933908405491,780
0.04070301726506154,0.02301930288936417,699
0.025060081203778086,0.01155722306423513,845
0.010051752960231872,0.03216725870152375,360
0.00993994547559684,0.00941890299560782,1494
0.04488018433935244,0.033024162539276876,1239
0.06456512277799785,0.07393237660294262,285
0.010185521637480589,0.009050940035092553,591
0.09003330997041631,0.019932708415603295,151
0.12999244527878454,-0.009831568603059315,658
0.0,0.0,1676
0.10716158146120626,0.0468540721466735,140
0.0468763758689665,0.05077138536837614,572
0.0,0.0006924288886783072,1350
0.03779245277407579,0.02674697163598143,260
0.0,0.0,1662
0.0,0.006007494806606089,1562
0.031056196445627793,0.029221603623914315,294
0.0,0.0,1471
0.221993022942459,0.004261418473343369,426
0.019885097414937422,0.015686919128038587,1434
0.04584122645153907,0.010021128644976689,830
0.19859855102632237,0.055007105813596205,497
0.0,0.0,1601
0.0,0.0,1435
0.03988743021362668,0.01643190720946179,1054
0.014194595004501959,0.014900699178082868,1087
0.036983222644687105,0.031880098330372066,717
0.0568092217667498,0.01629833779910527,1102
0.035082644698615925,0.015350233551054622,736
0.021495884546728215,0.011828267599092543,1130
0.0040731917481261455,0.009131195884668366,262
0.02958326036064268,0.0047382213550409055,1018
0.030680628838696936,0.0031360538597426653,582
0.012777172990059885,0.004877035530477975,916
0.09336267537322035,-0.007684860053584794,216
0.09546170960414783,0.051454168431562794,321
0.04579681648039901,0.03133426006961402,637
0.11985676288482548,0.05646820412458111,659
0.025110498379739145,0.03991168004434386,1169
0.01697559269356863,0.004100055733171525,328
0.02310247915519297,0.012177451340737814,1424
0.038439632159413026,0.025993807197186268,561
0.05992147376890947,0.025589462260791545,571
0.0,0.0,1581
0.03640342877322521,0.015272039573485195,1144
0.12561116347357923,0.04484103467937169,32
0.05205996637792913,0.011226394703223008,1290
0.22266036105966808,0.0327829284963789,426
0.005373460341092036,0.010091897236743539,361
0.043972978233480335,0.013577529609302095,456
0.03636500915249504,0.039180388187660856,550
0.004999755526972479,0.00647595608298492,1014
0.012803101649720736,0.003746298598533817,1478
0.09464925889592424,0.06536344444047468,1227
0.08035092807334619,0.06175064205440186,1072
0.0,0.0,1298
0.18215391333710826,0.058236310934593555,156
0.002746706279001951,0.0010974392649158206,1245
0.0583709636935739,0.03938304788406816,1034
0.039826286908875755,-0.008115459261678483,104
0.06520752614125686,0.03646752492574806,108
0.10876278466026318,0.0058354443984319415,199
0.06671855354748911,0.007160011444007705,80
0.008254044005184414,0.01399156358795971,1099
0.009249523523648075,0.029710602536662137,1001
0.01644037661310571,0.03606481764419031,853
0.035448248996321714,0.029997209739786583,1041
0.13048082013202628,0.060492607196046884,152
0.0,0.0,1458
0.030356635060953374,0.019501666314608326,1009
0.04220080001436497,0.035283514527345766,736
0.08923960228571917,0.02731548414213353,221
0.0,0.0,1321
0.00756819856998662,-0.0024907634485088776,1101
0.0,0.0,1315
0.0,0.0005791792008894563,1568
0.0,0.0,1505
0.0032584964201639506,0.014223967749279266,1153
0.12200679879043454,0.05055779014997175,302
0.11366509210607775,0.058172563347165474,251
0.059894032276391666,0.021462964915061417,140
0.15875412259101548,0.03757723862027912,271
0.0,0.00035458274597992783,1546
0.0,0.006144446667889504,1557
0.002876308246212428,0.0029351804447637804,1436
0.0,0.0,911
0.0322544255764802,0.017095693438045928,1049
0.0,0.0,1595
0.028156737416821016,0.007363325605982374,1478
0.05079352649925294,0.045435179725952235,686
0.009779806491026206,0.004917342107141683,1222
0.0,0.0,1385
0.0,0.0,1612
0.01587890497262596,0.015238967583509903,1030
0.036630385475848314,0.03553668215209671,543
0.006239896976717317,0.010428040030446905,1067
0.0524832804200697,0.02434828139291747,1094
0.18177766458489666,0.04761017887747391,674
0.057102185508670154,0.025858786879510334,1015
0.05013806150485617,0.0337723264607348,973
0.029293968117094196,0.00850921109570414,414
0.0,0.0,1672
0.007147978596970124,0.00817292289961204,145
0.0,0.0,1398
0.02201045099783497,0.018278541979655633,1203
0.04056033894858796,0.0215841236058438,793
0.006267879728124851,0.001071913081977992,1441
0.016465097847041758,0.025546154610707562,344
0.0007187056835278682,-0.005333773645891243,1411
0.020183547900800656,0.004705019366923063,772
0.05974645714423895,0.0234491948043977,414
0.011343308686741571,0.009568576082487642,1513
0.13890344150287964,0.04102297207971115,207
0.14013955237555947,0.03450307671485748,603
0.11043811105096482,0.006420842298424788,176
0.013488990515030783,0.007830182794924657,748
0.018967256754795995,0.008943218218620664,694
0.10954054628060064,0.04713272063707196,474
0.0231704331174497,0.012560298198838585,904
0.2607432699303936,0.029441554277725143,482
0.029507070121092813,0.010679952212818786,817
0.15730382357689815,0.07552953563282389,1187
0.010237734016476598,0.03633658631318825,905
0.015356585626806658,0.007361802326802181,1167
0.05432337796972425,0.013675477969803245,162
0.04567863380749969,0.015755161557960536,610
0.048682872513115275,0.026494261750750377,425
0.07041604303217373,0.029347330802277645,855
0.010811599552614319,0.004503168406158241,713
0.0,0.0,1113
0.013198104620545468,0.03340611195485661,532
0.0,0.0,1486
0.0006376387193998554,-0.006452198555342419,1414
0.058550594872838535,0.03544237596967708,855
0.0857888484876663,0.03106981771064724,496
0.06987837561063144,0.05416718798502839,108
0.04801800831401246,0.04033850711466805,583
0.027642240609489506,0.0028246359950399847,1136
0.015048379520385824,-0.011356095164164443,1131
0.018668248898831653,0.051043001490531675,1278
0.11010345614778191,-0.04786405469739562,175
0.14950121421556856,0.0495508606215298,0
0.02369715323164157,0.004733845765950561,1142
0.031240880667455697,0.009658273433859854,1559
0.08194638533737061,0.07499462687948594,345
0.03542373745999552,0.0060846297994636535,320
0.03189676558476385,0.020785774946767862,1117
0.0,0.0,1305
0.012658260360795566,0.02218485533461415,998
0.012348039472328003,0.013173178571915094,905
0.0,0.0,986
0.007595647898847609,0.019868252503929287,1277
0.09354512379782452,0.024104252544132735,416
0.05928525022908923,0.0439784006871291,45
0.06773666022355553,0.02205202355952328,580
0.10373638336258019,0.05505336766198745,84
0.002892510735590931,0.011329477544384776,1147
0.0043205902079616445,0.0015217369200191196,887
0.01963615595491572,0.006809558349149989,1508
0.0,0.0,1600
0.16867298501941816,0.03566921100416285,192
0.024430421060024802,0.010123187191677787,1065
0.02522518569516254,0.030972383933113305,1310
0.20867057642815043,0.06184899171094424,482
0.14341609980076506,0.04611691417570337,401
0.0,0.0,1624
0.015280812379840528,0.015893540204916373,1119
0.03142549209102844,0.010211043657765616,1177
0.04528324484154811,0.007269038969305114,465
0.21574805384970117,0.019216671081912363,518
0.19120683589743795,0.0012239312234102885,497
0.14661029650189483,0.09050632892718423,221
0.0,0.0,1616
0.017279771443933348,0.013847667694397381,1196
0.16332070049308617,0.07246682405521916,131
0.028562196239471246,0.03549085657647461,954
0.05618820268618319,0.054464649285453144,248
0.07014246827006942,-0.017130669401825272,48
0.0,0.0,1653
0.0,0.0,892
0.06802245633064262,0.021975409477938062,368
0.035205035600176106,0.021665149213628512,942
0.0046719323680774775,0.018219921618149174,1367
0.0,0.0,441
0.06023530471170305,0.06962336114097072,299
0.07075478258225322,0.03945792314134761,398
0.020230104748907074,0.012550468242930676,1523
0.000564074830566714,0.006666978297031722,591
0.0,-0.002700926148008938,1380
0.0,0.0,1539
0.03845525296003888,0.0181751307233116,977
0.05252463277959389,0.01438314825381802,632
0.1133448667545717,0.08638272774251692,122
0.010165844098441077,0.011667439058041835,1172
0.031634557142216,0.016217448745716567,328
0.0,0.0,1079
0.09674073784142459,0.030732010015732353,431
0.022524521546111426,0.005383077957561554,847
0.0030948318603400116,-0.0002984433272907886,266
0.014833561417292772,0.011809906904203917,33
0.05570857011559496,0.01547785090652766,967
0.0,0.0,1124
0.030682578926918017,0.029105928708763888,644
0.0,0.0,1430
0.062321602595173525,0.03477407007747106,1184
0.0,0.0,1331
0.012877999745471894,0.0022640872078463666,1139
0.1026842559424767,0.025814631105254796,745
0.20375169214579378,0.09467778086152714,264
0.024369806209777738,0.01784537120249802,542
0.013886593514402242,0.005495194676314155,957
0.0,0.0,1322
0.016609912451820367,0.01927694356954903,1115
0.13424745190771198,0.01333569753600787,214
0.06144230194301816,0.02496964922557986,580
0.0,0.0,1384
0.03625351757273273,0.019608633237970033,248
0.08841795058025306,0.025881988557749563,761
0.022094615829890415,0.00191154291087259,866
0.05167130596628465,0.027944064872514746,394
0.012821237844562364,0.002274487642159927,1003
0.0,0.0,1613
0.0,0.0,1303
0.03456543414091816,0.030202165267680825,235
0.0851740137646493,0.04382030338162237,976
0.08032452541359714,0.03959918627420251,782
0.012951714321647111,0.009235108668604114,255
0.015379390429424641,0.03627287016900204,1500
0.02547717091889399,0.007386732989000687,899
0.04998550669590432,0.06142095235839568,440
0.02338586264539901,0.021747345310711676,1229
0.0,0.0,1681
0.004067534942126312,0.001511683141283878,1380
0.005628858494260887,0.0075050606591483765,1197
0.09675148643283492,0.07364983981529809,678
0.04190153310233213,0.005195779745094147,804
0.005516689925879425,0.011695967424925275,1312
0.05590886933670399,0.028109360700749618,470
0.08983454452864109,0.018162645093557767,754
0.17477996736357623,0.04943617540562733,214
0.16374610452523525,0.03863508108399512,428
0.0,0.0,1503
0.024137789779684667,0.008608498513829433,1148
0.0,0.0,1554
0.010546187458990922,0.006206974680561788,915
0.0898537277755904,0.03139320182585461,91
0.0,0.0,1291
0.0514426714192102,0.036770881333496014,634
0.060723821670116064,0.03118079139279451,1156
0.09784299688862913,0.0615643832983306,208
0.057158469288718795,0.0478222880555229,761
0.008908148315018962,0.034035998684305076,1474
0.0,0.0,1432
0.10478343691557272,0.004342891136766479,228
0.13216518629742355,0.04228193958167497,227
0.006722001111816274,0.007851837591881636,1067
0.008040578667339733,0.009558925075132212,1092
0.07276047579260689,0.03587816380032598,90
0.0,-0.003576486995135879,1327
0.030566242823682897,0.008769314020421156,1035
0.021562383125153736,0.013505772994214684,456
0.03802827721078989,0.016938798297566192,1181
0.005477000754841368,0.0022842791869817553,902
0.014352144016964738,0.01624521509958266,1528
0.0,0.0,1551
0.08119787722095517,0.03450106712196472,958
0.0,-0.001343567490339183,1449
0.0,0.0,1339
0.0,0.0,1195
0.010801232666115376,0.012775974393479125,1192
0.08495584432633989,0.09099723677923716,213
0.017428258272471863,0.01757287273157205,966
0.0747270016176744,-0.022945146420034764,412
0.010827110480901061,0.019801501233857616,1479
0.05852710392603495,0.055504727361713094,879
0.0054599402807636414,0.008277018997962713,1436
0.04138041030213508,0.011928708611894894,1006
0.0,0.0,1235
0.04075084954823233,0.028168915887522846,541
0.13783519259717006,0.053647366527253,170
0.06111149123205473,0.01513118165434083,815
0.055389219606744124,-0.022974356330228176,259
0.22215400673602287,0.08375481770589033,134
0.004468345140812367,-0.0015630727773041024,1281
0.0,0.0,1349
0.0,0.00024350454325560518,1632
0.05658840739085719,0.009697142433124858,924
0.006882000525016733,0.018480921054137824,907
0.009516871543713478,0.014105736366683053,1261
0.004032138449373989,0.004821490204000363,1534
0.035391018486843374,0.022952656450584922,1177
0.08569206142910428,0.036085234668907035,67
0.01994834517099477,0.010038441665828207,1087
0.0,0.0,1545
0.0,0.006349695417827741,1149
0.0,0.0,1387
0.04705303737518989,0.025577759269549732,159
0.0,0.006668520912969291,1558
0.0,0.004782555466883506,860
0.14050307828431213,0.03888079539540631,197
0.026992541930853223,0.024742742228648144,970
0.0,0.0,1457
0.1845931080073478,0.04262029770181579,577
0.04714362321132942,0.034027807827211466,139
0.014909979810829308,0.017436514366996426,853
0.07871746268431697,0.018239284014586733,502
0.12074625509891602,0.04636658088034417,628
0.031602669428781635,0.03669370147642575,1036
0.022620609804685426,0.015771000889183262,679
0.17891881039807572,0.07499080076905074,237
0.10631547199782662,0.026095468709255217,163
0.04088951909049799,0.027770645283091543,1018
0.02613779844777725,0.024246100058131957,542
0.13569500202408935,0.051772448270370565,37
0.0,-0.0019473308195581344,665
0.10538566236172674,0.02504909960337541,540
0.014851540769418269,0.007943089187712242,1244
0.10488672091259683,0.037656604247678395,218
0.01521825025467375,0.010613869904386909,702
0.009344133167240918,0.008469094185614074,904
0.003133354544849076,0.006974809543424424,888
0.04562059233311572,0.02884183695703113,26
0.029062251577391847,0.02845834273776892,399
0.0,0.0026318860172038134,1431
0.0,0.0,1681
0.0,0.0,1246
0.02930856495563419,0.03565996160935892,831
0.01253202016468806,0.016167508752920463,915
0.12113853065054889,0.06061521083437916,37
0.06984699448987972,0.023932001079356828,548
0.07818413272618963,0.04052163879156244,370
0.03605863162440633,0.012769944946756645,1264
0.0,0.0,1654
0.018200455439342685,0.018555700476848444,914
0.02567483494954858,0.0158902723548293,802
0.1183039669186434,0.06311540290130478,558
0.048288948623127,0.04307219445573164,1112
0.0,0.005763973809877513,1483
0.01362179414171179,0.011537206004248776,1251
0.0,0.006668520912969291,1333
0.0,0.0,438
0.05832286486946173,0.03750575799859729,609
0.09863853037722284,0.07091478055531283,363
0.0,0.0,1633
0.02717158589802354,0.006828568054658789,1142
0.053696999677600096,0.0043697117402230565,383
0.0,0.0,597
0.04992398316719273,0.005825947209440705,1224
0.14765110636722892,0.07785529494188352,312
0.13037784957457776,0.03711756633674431,451
0.010939916228923333,0.004689812001747463,148
0.0,0.0,1255
0.028867323617627418,0.01494638932882982,946
0.0,0.0,1384
0.0710983349224845,0.015473230474642267,48
0.0,0.0,1358
0.0,0.0,1378
0.027092843268888778,0.026511232223600436,873
0.10989662505089343,0.04867411787569669,43
0.0,0.0,1350
0.0628632433193793,0.06461786666867808,746
0.0,0.0,1541
0.0,0.0,1441
0.07735266600440628,0.055993920072267674,686
0.10586996344612834,0.042389398611122515,217
0.006790250196118193,0.020291362010507574,373
0.02076897701684182,0.021629036267446545,947
0.16906939145497932,0.0545591995146207,567
0.0757040048649273,0.025461984174146156,53
0.0,0.0,1605
0.06068997887933081,0.046074359983905196,248
0.4048053080289217,0.12213701464521073,315
0.0,0.0,1638
0.0,0.0,1590
0.02034249048118526,-0.0023226779110257063,876
0.029409203473427622,0.019064107504403068,774
0.002730382409571365,0.009054172327383146,262
0.0,0.006223002369025488,1574
0.0,0.0,1253
0.15594220777848863,0.050435743061454597,418
0.004152464108194821,0.008614964359044481,1170
0.010509680997506165,0.013888601853686235,262
0.0,0.0,1621
0.10980858803960329,0.01562023221728308,1038
0.03945325326270745,0.030395864839406747,318
0.011905040805246637,0.008562401749933366,1336
0.0756808094917169,0.05407001586203741,789
0.046055240070562234,0.02247539826891984,139
0.13807817985214907,0.0326006761014169,557
0.0229157678843679,0.0027741316562341378,963
0.10157884068033725,0.06117329651892722,268
0.0,0.0,437
0.0,0.0,1390
0.1491978184974238,0.053828706853078806,274
0.009987952626478277,0.002883121534235876,869
0.1314328652979765,0.05634279374664118,95
0.20447391127840903,0.050495667395959794,419
0.14174434750048706,0.11186982102939415,132
0.2135028287848429,0.07316851853244366,596
0.0,0.0,1593
0.034880006676609523,0.007391482099238016,375
0.030519559823910986,0.013798946112545316,834
0.02438244078854672,0.03400520536788144,885
0.012545904821776286,0.011901350157949263,1270
0.0,0.0,890
0.11621830875153749,0.03364520049257651,618
0.2507562892800813,0.01709289996764638,497
0.0,0.0,898
0.0,0.0,1241
0.060995697777741664,0.06843578579868298,108
0.02489673604431337,0.013195067659918066,83
0.06377290211618178,0.032155732381747834,1100
0.0,0.0,896
0.06594490538071422,0.0157397276359752,440
0.14378893437412815,0.054197620888277606,731
0.005220570599520566,-0.0007178239885329453,1614
0.04194355556382345,0.02239848130249206,1196
0.0,0.0,1520
0.01875695784029907,0.020247146358631136,959
0.0,0.0,1353
0.4366454118941409,0.27061848346915734,267
0.01854888312502197,0.005268320493451076,573
0.015362857120108174,0.019823732232376514,900
0.029371416999918215,0.00553974859817119,807
0.028199128189048135,0.02788361782603245,1225
0.012988062702796694,0.014044570577798114,1424
0.0,0.0,599
0.06332772433220694,0.024159190563715443,540
0.1464991583061302,0.06834600446320058,514
0.0738496563819304,-0.0008624904136560266,61
0.15871374045594172,0.029241836199772414,656
0.01644991643822022,0.010654632631375938,803
0.0885668702877877,0.02674851361877829,655
0.02718398299513401,0.007944147260910406,785
0.0,0.0,1129
0.15369791849556838,0.08198600619740912,24
0.0,0.0,1095
0.13022674125324069,0.004776451648520159,142
0.0972624791207991,0.087359378628727,90
0.06565319828384115,0.038416796835605775,293
0.0008739231943239672,0.014798693282668108,1421
0.0648071998884078,0.037057290019656325,162
0.02775449845497273,0.01782651794508509,1111
0.024715836885546835,0.016862582674114404,765
0.053505883202402134,0.02509802948762717,723
0.0,0.0,1371
0.0,0.0,1580
0.00964475147446115,0.0235191033181296,307
0.08905687706206088,0.032629235405985335,944
0.03593373285358537,0.012591941171955426,718
0.20867057642815043,0.0656691213168624,704
0.029121238992416032,0.010049139130916483,1477
0.010660192949047126,0.0016175732404949499,1212
0.0,-0.005520942709769425,1622
0.0,0.0,1338
0.0,0.0,1657
0.0,0.00023060437746733522,1369
0.0,0.0,1626
0.0,0.0,1653
0.1465185715780482,0.03241226860323434,193
0.0,0.0,1340
0.12842522972752357,0.06459099510320816,180
0.014383309252734596,0.015231576432989053,850
0.014231751758989837,0.006189967814749368,1110
0.14035240084712336,0.08323959395838226,513
0.11247579857888312,0.028136280194795703,513
0.057796381477267005,0.034186217240746754,561
0.0,0.0,890
0.028788863083469177,0.019630851352419345,579
0.1103538433448836,0.02783345174946848,8
0.03433456300772012,0.024488005181642,722
0.00940355602689863,0.0040138855175351805,1226
0.014746647097754577,0.021827578179919177,705
0.0573168313688729,0.007862148272063146,601
0.09246259272565259,0.036654873540681726,127
0.0,0.0,821
0.017861486208428312,0.00564878371241776,703
0.09537354676250075,0.00422226189653799,91
0.014099943137108389,-0.0028113628980860456,1198
0.12215944399852718,0.036702831703425386,574
0.0,0.0,1259
0.01885631166466452,0.0480147658549923,1093
0.1027051243285321,0.060997512130823925,272
0.08675954215393951,0.010297947084995738,91
0.04348535428876838,0.019851547779776994,302
0.02017016248625645,0.027854264976508503,903
0.05234277851832577,0.04348198129975766,165
0.11314096503778216,0.043186628025331256,218
0.04670756452271491,0.02548765604592976,1013
0.06302902895024212,0.04032570272265428,735
0.05451205738213726,0.003200648668173921,1089
0.11555519695835291,0.04643022963891102,499
0.09877078188549106,0.0237132013978034,606
0.01208469241091055,0.009218396622199037,1153
0.1024553189438313,0.06377214818507912,110
0.08763454966128945,0.05683737727814622,507
0.0,0.004831094097465385,1306
0.11840706159994356,0.09304122119287501,422
0.07289100371364432,0.02875885997106685,271
0.05036963664045626,0.010954078919097983,855
0.0,0.0,1442
0.0020312208917358733,-7.931654595050357e-05,1183
0.013467335742395645,0.02333097203577457,998
0.0587412419979291,0.023347668520685576,686
0.0,0.0,1415
0.0,0.0,103
0.04975659344437834,0.02576733398968929,680
0.11247098201767035,0.0622700096459664,64
0.01782077909425309,0.034115939276699155,892
0.09576542386161656,0.044081097053432876,18
0.0659820654296739,1.135529515342742e-05,825
0.0,0.0,1459
0.02513125286252875,0.025266593718285227,1205
0.022539392397043848,0.011633837433604846,1050
0.013520538178915648,0.007218771818808333,1144
0.03970722202616084,0.04115771872090389,696
0.0,0.0,599
0.06366122480411673,0.018800614390098874,848
0.10452554049083643,0.057745254485390904,789
0.015208079866568545,0.02242759616104282,1282
0.009690683055954694,0.006640856513158778,1262
0.0,0.0,1669
0.01143508519612439,0.01008163754206996,1264
0.002714135754892395,0.005897590561371408,373
0.0,0.0,112
0.0,0.0,1512
0.009711295353130697,0.04067859337130248,901
0.05512800244963853,0.04563445167906348,848
0.04445291720293124,0.021372410818761952,626
0.043593375210007654,0.018955436209683367,1219
0.23030931635191104,0.05772309762507001,49
0.027428643695497332,0.025116607973756352,682
0.0,0.0,1461
0.0,0.0,1259
0.00949099592325287,0.005215907640479955,1194
0.008233783913569775,0.011396948220818664,1502
0.0765954206728284,0.021631044900863396,486
0.018610041004603492,0.008714497098402866,700
0.0,0.0,1352
0.04926520459491432,0.017311393036452682,551
0.1387459939745793,0.01371617013447423,428
0.021252527622214537,0.013544936919632704,1110
0.1951043467825165,0.13266916296352765,8
0.07978984124099574,0.05794192828405318,260
0.041598361412850095,0.023576117737381573,1209
0.188889625952184,0.014803420638484175,133
0.02929755187830723,0.026251198876673987,15
0.21040559804083075,0.03808295492485687,190
0.07151194898243808,0.031058916002353693,722
0.0,0.0,1570
0.0,0.0,1095
0.01806079362046679,0.0247626349526617,265
0.0,0.0,1430
0.029930855079908725,0.030477322559699524,992
0.06900709920227108,0.031218480278380558,485
0.09788923180568122,0.0022384277423225895,1100
0.052354694575771604,0.012087740682088809,1052
0.004858429977544875,-0.004309529144287256,336
0.018024032806179032,0.012806429713860838,963
0.0,0.0,1383
0.0,0.0,1411
0.0,0.0,1235
0.01513049894990226,0.01960217095774462,532
0.03441854357457945,0.02707498129947903,675
0.15129283020844586,0.03334280985196378,185
0.04638671315596044,0.03105355068279927,464
0.025417173668785153,0.009254240602534325,563
0.10628020725802485,0.038041283500808036,368
0.02146639694600243,0.00992483986575808,1284
0.01923866427571185,0.023745497365647256,1165
0.0189895996396151,0.027974389031979102,1638
0.054254671929264614,0.020327883628029213,310
0.0,0.0,1274
0.0,0.005351863656908785,1316
0.024379232292296604,0.015892307010350687,644
0.09618751105555455,0.05784328844843046,640
0.0021121332399840305,0.012623083202779875,1071
0.014695386930775226,0.010048035912477734,820
0.13689370570898446,0.08154159993411852,404
0.00039262534912220425,0.011448522520296291,913
0.04886679782926229,0.0027226531370892707,940
0.0,0.0,1275
0.04374770892085615,0.0520283129623845,1244
0.022657117678644634,0.02566084947738432,921
0.0,-0.00034275591103545295,917
0.017307652075718976,0.00738425764194973,1591
0.03609186633502536,0.016999215127060756,494
0.2412521268008717,0.05283757626330716,11
0.02306250746689813,0.0022321712756978107,705
0.09509269860961334,0.033297626770188965,31
0.09260065257036819,-0.0014100084687307588,6
0.12417024718619117,0.06097644239913746,606
0.0756130896030779,0.05216389249206193,39
0.06399802570528319,0.004749716928317443,469
0.00899567202908727,-0.0005834334054332827,797
0.0234912916807741,0.01867901470893595,1036
0.049126234462111,0.00700342414387315,200
0.021528775085640686,0.012097281199260712,1538
0.03313497457442464,0.026324638069818707,330
0.03526370650134868,0.029046822143507726,1205
0.08931410234342956,0.040049097015330354,100
0.025949779027568655,0.01999475084927442,320
0.05923172785921507,-0.0040840333330628455,770
0.02474313417751032,-0.012727827691947169,1078
0.13080508135043406,0.07580313588666811,86
0.011315020348332892,0.00891295802260702,114
0.15016080840505588,0.073520333046347,18
0.0195122900534252,0.02640081170493503,959
0.11394080977071994,0.046474506998123805,9
0.09224597839896786,0.05246123626961562,557
0.0,0.0,1550
0.11325056512736603,0.028105280676724468,791
0.06436478897208552,0.02991312050139376,332
0.0,0.0,1578
0.0,0.0,1542
0.03718045823420492,0.024662255377645374,736
0.06277550423589408,0.027311281426160443,285
0.0,0.0,1484
0.0,0.0,1547
0.0,0.0,1124
0.044496447278754805,0.04772451651716332,681
0.06333874581619423,0.032116037161165845,378
0.05793346791471474,0.03782207348576491,638
0.012848238896603326,0.012201440065027033,1516
0.0,0.005558324360204682,1574
0.1642965712226728,0.05132335504942753,580
0.12200139976908188,0.028510029089370153,506
0.0,0.0,1611
0.05831432792342014,0.03722494301236585,272
0.02092393276793039,0.009479153275487243,786
0.1077444382029995,0.06280015219812292,707
0.09045655856586739,0.03342562669964494,484
0.09292442396194607,0.05273837174580187,57
0.02463835438243014,0.00940029273362028,1077
0.0,0.0,1137
0.02510809331845551,0.019406782122156598,1285
0.18941663850942275,0.06774020994401779,75
0.0439070243937397,0.03806610245453328,582
0.0,0.0,597
0.0,0.0,1611
0.04507003087064608,0.022325212027753477,387
0.10025221024926743,0.03538169750012663,90
0.11255047986769379,0.06320088166211987,229
0.0,0.0,1241
0.027914689030385166,0.02021640831758367,1108
0.022584266613457585,0.01761129172773217,1135
0.044212168545377475,0.031249981545087704,242
0.06978505678420004,0.02003956383617505,1049
0.1050026530745734,0.029384527742474863,183
0.0,0.0,1340
0.0,-0.019670019054434437,1432
0.012348970514106772,0.012740325621468276,1160
0.026685523142956795,0.012130223324689104,781
0.11197779588053752,0.007810435569155089,518
0.027895371266040143,0.023698230948684985,1035
0.05526478732925523,0.034961599940270476,269
0.015584282866797692,0.007717682195506161,1123
0.04686153619163848,0.055987166884297564,1243
0.11617221412989756,0.062060682384341814,513
0.0637719586436561,0.060806479781895066,368
0.0,0.0,1581
0.13721257690356362,0.004312438894937583,558
0.06484748941896333,0.019769688739048406,1494
0.05584888086719069,0.014929325316161092,643
0.03651772014860483,0.01266066372336625,1247
0.007236044355971783,0.0059514622761065025,953
0.025750793178624592,0.04716759817916634,947
0.03636304632711837,0.05757900914580639,907
0.08811993310353267,0.028511291776570028,672
0.030395125022657576,0.0009212826610326079,1117
0.008677470935945562,0.013483418500933349,36
0.031226380069471225,0.017309763038939607,931
0.14168516385509622,0.002774364990531312,512
0.0,0.0,1463
0.04337531703701451,0.017295558182126046,408
0.057849926486832785,0.032406253818449866,341
0.0,0.0,798
0.04134217746726467,0.04186109487546665,943
0.024037891105623217,0.004198563944069797,35
0.01750439305450125,0.022073209025821737,1411
0.06727365056367354,0.0487802308973729,18
0.08878723435986247,0.0534485209096704,285
0.0,0.0,1677
0.006773665246365515,0.0056044844934273405,1474
0.019260500560664123,0.01481355661939392,1031
0.0,0.0,1621
0.01955843929040773,0.015489952813869137,542
0.043671647284531837,0.014978226218299301,880
0.0,0.0,1105
0.03725942084613886,0.019582926231869142,412
0.05618892449724406,0.01524442971447567,138
0.04970709363351075,0.024961487953058036,1229
0.10819615053136068,0.03647465736548038,1209
0.08217360245328774,0.026446550198333474,79
0.008416958516957897,-0.0035396561011417655,1037
0.037415147747120236,0.014824241841923543,1406
0.07827887985907635,0.003585406917595916,466
0.06837180228034266,0.025274672255004037,1220
0.06857366736912672,0.020479575295819112,494
0.0,0.0,1462
0.0,0.0,1113
0.04110367059873919,0.014272982307996474,663
0.005551192304947113,0.0026211255616259135,593
0.030123284262226022,0.0326767221876261,1472
0.0,0.0,1353
0.042872286281541175,0.05048143156441292,546
0.03550479389564384,0.03475523293298571,886
0.0,0.0,1624
0.0,0.008347639780972499,1305
0.016181421642254758,0.022660044244336156,1092
0.005116368967912029,0.0014061076013922723,74
0.12167007715978059,0.03143829243571224,652
0.03475328506380962,-0.0032484259038659665,1193
0.04746982042432587,0.007178592558024171,635
0.018063650366155804,0.010504517565197347,1050
0.12644822749656534,0.01623321568331427,938
0.07269075288372114,0.03204444555390385,870
0.023576052249088295,0.01974850147580645,1058
0.07278014133585516,0.03134253564811594,622
0.0487608307452313,0.05502113831447146,300
0.13874222106780204,0.08799630257136881,6
0.0,0.0,1392
0.05071823234461483,0.03233030216478275,1045
0.0053637862944415846,0.009728704997536152,1251
0.0,0.0,896
0.0,0.0,1349
0.01179205718030178,0.009840099032786117,853
0.04160755295181662,0.038508047560054375,1264
0.034494674030690536,0.02742692457479441,1192
0.053975971037337075,0.03306358922250163,720
0.0018722368103353641,0.0020324143321359353,1404
0.1452736363749767,0.08814758271934663,281
0.08287232677630835,0.04061119708503748,100
0.006018386076852716,0.003559148366555207,1054
0.0,-0.007133828986570147,1189
0.0,0.0,906
0.039130455464340894,0.00911700159159429,815
0.03376225324615511,0.005273750489313275,387
0.06725977275736207,0.021530620464654187,804
0.0762014600046679,0.03679343517303576,553
0.019024985354948145,0.04100074540395396,1039
0.0,-0.0028056651172316013,1545
0.018424104527747332,0.02889904674961023,1244
0.03213307585045244,0.002344328941256729,1248
0.0,0.0,1523
0.2306520730943489,0.09427750665753144,506
0.0003415835492490151,0.006275511364172245,1387
0.06921959111663872,0.06498981016724865,84
0.033168944389933355,0.028245616606579437,923
0.03868387261655038,0.02047899484006184,967
0.04356211315696246,0.04077884144066722,939
0.06272829869018054,0.0503061418906223,746
0.020087945084822968,0.03232362309735311,1264
0.05274258578991023,0.015359265723603075,825
0.13150244886427842,0.019198453856297266,730
0.005699781351085755,0.002644246354961684,1251
0.12298806262910006,0.0031327397724074018,123
0.027821409964437844,0.01175243760188227,350
0.0,0.0,1337
0.07047801328032265,0.053664183959239095,528
0.0,0.0,1588
0.0,0.0075452633462477344,1444
0.009434433469910198,0.009756296325307147,858
0.058651766507983316,0.03990660397922491,1410
0.09252283158116005,0.012598767790646965,58
0.044833526673998404,0.015484441813439715,1041
0.013463390067625425,0.016738926178449912,732
0.0,0.0,956
0.05665517832497129,0.0292236706420102,925
0.026103000871495703,0.022881253370204534,547
0.04941313157437518,0.041918030007542226,689
0.012965181952531026,0.009200102213684211,1424
0.08732215795762627,0.030839034251366703,299
0.12843050906611392,0.039227536163480015,158
0.19410197683588756,0.03995941165611053,201
0.052513024054989754,0.035612665624162126,693
0.0,0.0,1512
0.0,0.0,1532
0.0062819980628509514,0.015902727405755657,533
0.05502110870118648,0.06536889976702795,272
0.0,0.0,1395
0.0,0.0,1211
0.03979255136752241,0.029595718448870486,546
0.0433394642424436,0.007892429359133776,367
0.09005512757688194,0.03985730675738593,67
0.18235612881183183,0.04594292056937842,417
0.013918832492875843,0.015383930044913443,1285
0.22497998812537726,0.11381163733554224,500
0.007935985223086134,0.0008859616005870605,1334
0.0,0.0,1597
0.010058233335448216,0.011452112888659535,1144
0.03314792471006416,-0.010721045877603988,324
0.01401646612358528,0.019229985959455197,1554
0.07804368910044857,0.04233822981868553,310
0.01705748847056664,0.01833116584151833,589
0.0,0.0062178113189388885,1241
0.05489792788967552,0.011470883321702386,924
0.03591485036404393,0.004795471917880161,764
0.029374284422705208,0.0046133422621568165,1080
0.240495816883617,0.08478142360106342,131
0.01947151307813203,0.054559730875124036,861
0.031385773135127186,0.00971685267862282,1011
0.009449920709521083,0.018721090987173797,1061
0.18298497879668782,0.06190055410576277,446
0.0,0.0,1561
0.08507499348577346,0.06719656751824775,450
0.060424364400481226,0.051932162840123246,60
0.030963899162523654,0.05015310227115317,83
0.0,0.0,438
0.0,0.0,1532
0.03410819687287262,0.007362736456102466,459
0.16040693999227346,0.022526101289624467,97
0.02158920913982878,0.02046164283243083,792
0.04281542975920763,0.027593357966963737,1528
0.13049476963609113,0.035350482816209276,227
0.12672115630855227,0.04142116542092535,383
0.002357398808456076,-0.0003542806545862307,1374
0.0,0.0,1462
0.12477596405949794,-0.011308103795291404,197
0.02686328326880484,0.016107918563380733,1051
0.0,-0.0020492354212814094,1584
0.06950740543840116,0.03459176448909916,274
0.05023292513868197,0.01111450277257544,412
0.07715191218682191,0.030941330580005016,761
0.042031805687790746,0.055306743966784935,961
0.01618041541366386,0.01133321817728779,1098
0.1127313223924399,0.09206804132029964,272
0.0,0.0,1542
0.15562319527305116,0.1037854920420034,242
0.022211111378372183,0.017381818841045112,982
0.09329756403542165,0.03607760113685163,661
0.05171740446357749,0.03248625803367546,958
0.0,0.0,1417
0.0,0.0,1672
0.029464698860894097,0.02556732717027178,669
0.011042705996859725,0.011224815405777584,1168
0.051761811979794625,0.025265534821551514,552
0.0,-0.0028056651172316013,1556
0.0,0.006668520912969291,1390
0.024966841484032765,0.045386323321118645,319
0.04247937145535516,0.02068440925010748,387
0.0,0.0,1433
0.009432630080203917,0.010975387104961404,1287
0.0,0.0,1531
0.0,0.0,798
0.060852294143087564,0.030481174358463148,560
0.01836258364070229,0.02973755920544274,1068
0.1035524518380452,0.03282023133921702,215
0.02463924932842203,0.028104208025176686,949
0.037403271104576065,0.0033112264463335257,1238
0.088513768251273,0.0676298834844388,346
0.0860377027100347,0.04162737429887542,161
0.08732444011361204,0.04655325258247699,149
0.0,0.0,1449
0.0,0.0,359
0.01862655022318441,0.022854758908232773,876
0.044494714244671094,0.01820753506250487,570
0.02195870015090005,0.011324821020926957,1448
0.024935091608657773,0.008488194812129651,338
0.11986663389384966,0.03071954013513491,1
0.06002815339415645,0.059447121038993266,125
0.11288577547774689,0.05768324907186628,233
0.09235835180526718,0.05446331077646161,90
0.0838028049618913,0.014504249017230124,640
0.10747904298718013,0.08136697037663515,81
0.022947121175408678,0.030373837713094605,1070
0.0,0.0,1538
0.08059662764864801,0.07926154791867754,627
0.08305629368999985,0.03125876041065692,651
0.0,0.0,1514
0.12888686491540308,0.05530494654491729,232
0.15897353357627533,0.027196814698774337,519
0.024086107409204128,0.02965013174218991,148
0.0,0.0,1671
0.027196586696566313,0.02055397430414818,456
0.11270621638134165,0.03009790756084278,280
0.023040846054831105,0.03508925332214648,812
0.06373386183107,0.046832216528304126,115
0.0699243549839521,-0.0024514404448820397,589
0.0524832804200697,0.02500872597849881,1177
0.0,0.0,1645
0.007103168037146641,0.011895078345490584,1335
0.09796009600204074,0.07235645175838822,199
0.005892933391942586,0.020262705375795362,907
0.0,0.0,1415
0.03530115378986264,0.019744333343300745,35
0.24571069294391004,0.0574169497760819,497
0.0024646239343609267,0.0016463668273299363,1183
0.09270896716935854,0.027364679618431743,516
0.061900870023127094,0.022864088004027863,23
0.08983737582605447,0.0435262355433707,85
0.0,0.0,1338
0.0,0.0,1339
0.04820350863358531,-0.0012309968332461913,465
0.08914396873784988,0.07763481476569882,581
0.08147425612528367,0.07432934278198583,273
0.023362605767867296,0.0482302812688027,129
0.08429478186024854,0.01589237410950729,461
0.01848725259097201,0.01727315984144178,235
0.0,0.0,1435
0.0,0.0,1293
0.0,0.0,1174
0.0,0.0,1656
0.011603606655630726,0.004060363127958561,1321
0.12957440335158538,0.009646401156949598,708
0.015831734964763977,0.017866540646503407,1336
0.0,0.004344983336719774,1337
0.04347226722591604,0.03555038601025356,309
0.0,-0.0018154103524445618,1300
0.0,0.0,1506
0.000199406469208824,0.0029083309229119766,1426
0.042697141953678915,0.03276127495595895,901
0.10467966632897555,0.05003066608568298,251
0.0,0.0,438
0.013959799924880348,-0.0022541383649504077,904
0.11547774697123725,0.0555348527539201,153
0.08482506614683925,0.025950110134186136,405
0.005083239740237887,0.010443020166101621,359
0.0,0.0,1541
0.008070284483597286,0.012344877785461623,1206
0.02714227298126858,0.04963933198819878,1032
0.06719861777501589,0.0770544034372928,115
0.01732830340502298,0.004156883628352334,1474
0.043321022481068346,0.02743199195236698,948
0.050362274029710184,0.022558416426122878,674
0.06953718868164442,0.024165109941161337,440
0.02529558720131905,0.029715658986535085,1153
0.0,-0.007552165624497705,1583
0.14220998780490138,0.08235458576994059,553
0.11301032767503594,-0.03460671790190919,68
0.016679069494766923,0.025508502026541237,573
0.004848655261334304,0.006818518804277141,1197
0.0075508216081484735,0.018472512951908014,1614
0.02152353642785728,0.02139837866011872,1443
0.011630323443701511,0.001406166744196762,713
0.015045912702838189,0.021577569829525505,453
0.0,0.0,1401
0.07713811842358,0.03723339199074167,1227
0.049509088944490506,0.0509851593312151,794
0.019513434327815757,-0.0044569282112831825,1146
0.04382036633328814,0.007319639865202937,543
0.022086486222491254,0.02091295506271092,833
0.06335979139918904,0.031056762365769534,612
0.02287968772611718,0.01523772911555365,255
0.03974692052431155,0.004315994423376915,682
0.0415997117917286,0.004890247268897184,1283
0.02563415698473093,0.006397066808361423,1223
0.05657603419787293,0.031007935569322534,1028
0.030170292795907983,0.009407543763086583,1263
0.036878514112888526,0.03428195077921397,344
0.0,0.0,1386
0.0,0.0,1653
0.11031153328458664,-0.0031957016136513463,658
0.0,0.0,1475
0.0,0.006274990451606216,1352
0.0,0.0,1578
0.0,0.0,1627
0.07480027753802744,-0.002903809181871718,39
0.0065232348258425134,0.0031540970132492674,1396
0.02725205354525009,0.0321000011590711,1238
0.049677275590446955,0.056840989752651026,511
0.052560015452941256,0.03588384664888778,588
0.017323730411121337,0.0063368836289667925,1003
0.0,0.0,1306
0.036253673782845004,0.034486478105153345,939
0.12794309402409434,0.04650744926943737,156
0.003971304518990101,0.01870883975352394,389
0.016280358866513273,0.01630400812920946,1021
0.0,0.0,1346
0.07040491454572503,0.06127137738204402,433
0.07517880738451034,0.04073616629102967,229
0.022143508023865083,0.01865321281160495,1202
0.02327939088148611,0.020065211940291646,1276
0.19176825770500597,-0.0034348934901033976,478
0.0,0.0,906
0.0,0.0,1235
0.06002815339415645,0.06653600953120217,243
0.07080341514572563,0.03928442496739608,64
0.08022651241345272,0.08741387639202355,249
0.0,0.0,1232
0.12213791769306574,0.052850493469785875,90
0.03477172197331754,0.0191161435680319,349
0.10452554049083643,0.05945264807922253,183
0.09098162042911802,0.05794308908112444,530
0.01784707088298694,0.014438462647029662,255
0.0,-0.0023655535396178025,1451
0.0,0.0,1190
0.0,0.0,597
0.010904900578761183,0.014061103056173908,1439
0.2065660975081293,0.05770921753687851,545
0.03941834874021247,0.019878670678284787,826
0.09658930968145718,0.04413815197714203,523
0.0,0.0,1293
0.0,0.0,1422
0.10621089036571553,0.02874769806131244,268
0.0,0.0,1416
0.0,-0.0011572153217434497,1518
0.08898577783849297,0.020044413919673418,491
0.0,0.0,934
0.10882690582021044,0.03721934746321568,238
0.017051345861738145,0.015095100421184783,421
0.006729652324504004,0.007977602193500957,616
0.19858913295350564,0.01135382971289154,264
0.013847054334932172,0.006623423410464703,1039
0.13092731535716376,0.07145995443288938,100
0.05966536712467858,0.021757979385253156,983
0.16367412670151915,0.03758712658538956,510
0.013326022056965843,0.0036546564970464106,1060
0.02966655861674783,0.02888297453649231,310
0.05720156729715882,0.04309162245531102,722
0.10372181675202943,0.09230100334499304,218
0.0,0.0,1240
0.04451406786838067,0.018488474098357226,415
5.910927458105085e-05,-0.01233094443327056,1086
0.0,0.0,1672
0.05367756416492771,0.006844350958627308,698
0.059729892537305124,0.05860697870605459,299
0.07043022677825608,0.042235604219056685,582
0.0,0.0,1215
0.1181123547512825,0.03495787997613202,293
0.00041431657273242737,-0.003804864245050112,1170
0.01706442272993707,0.015099288212780839,1130
0.065750495080366,0.03373740091626297,641
0.0042943948885722375,0.0012547869513667594,1222
0.1107312939981418,0.008419394638284198,28
0.02778456611262352,0.01423666088344496,864
0.06234457818695641,0.03954565628454871,585
0.07898792309536366,0.03344924681669925,446
0.13271866807829727,0.039685744898380115,98
0.10249468709895973,0.025194607665282143,508
0.0,0.0,441
0.013701399918296565,0.01822732044013522,1116
0.09869042762008888,0.04361783673818211,543
0.0,0.0,1544
0.039306428284939694,0.011511258924390698,1248
0.029014732807061898,0.01333773994927698,970
0.015340060415469934,0.019310884526938313,1162
0.08611323429482397,0.031034364618020237,698
0.04340666697690815,0.028680382168453047,370
0.0,0.0,1325
0.024320390102936164,0.010910257612835629,348
0.03450145215834988,0.03424936835729282,1011
0.0,0.0,1547
0.01653251190470093,0.01590008388964817,278
0.01259354635468916,0.011696353235702985,266
0.00536208899707941,0.015751063803743925,798
0.05878622740877687,0.06845314307601207,824
0.16808461984013134,0.02727728318426109,179
0.032609649720894446,0.029429156952039823,106
0.061527750104796636,0.0188276922037087,498
0.005190846310176104,0.011706135234495466,858
0.04065906719239794,0.022363712922272547,735
0.013362694055242498,0.006968788751440938,360
0.0,0.0,1541
0.00031604522135880145,-0.006011053332440923,850
0.0,0.0,1624
0.12080829910542269,-0.03513764928003688,195
0.0,0.0,1349
0.016087868508383205,0.004518372570939441,1468
0.02078748234697849,0.01252559310010993,344
0.015139472117703426,0.0032460862746951286,1222
0.0,0.0,1582
0.15831074090521843,0.022395599645982266,237
0.0,0.0,1343
0.10796643215245454,0.05075648396261304,241
0.14121138240613648,0.16118923996717086,267
0.13086446817894112,0.04212034069279159,738
0.0,0.0,1628
0.0,0.0,1303
0.06926705871939252,0.04230513268365339,761
0.0,0.0,1103
0.13926382472759627,0.04517466566104655,368
0.02880722577921644,0.03004713325073374,1064
0.020370304300714903,0.018862452253336066,1007
0.0,0.0,1235
0.03935093707617626,0.03830582586164156,595
0.04173598508289685,-0.025411641420249216,259
0.09116632962580223,0.001863748431308202,153
0.017230200333937094,0.038213402275185576,535
0.0,0.0,1409
0.0,0.0,1413
0.035222424871657165,0.014920533037211676,748
0.0,0.0,883
0.11189010884041378,0.021809355145868667,47
0.08493510117099722,0.0082850174649677,466
0.04144186171605233,0.03386333286220408,395
0.14484955050551238,0.010596537298927818,193
0.013341452230134644,0.012760015661478644,1268
0.02692055628455855,0.004503301440430309,794
0.05987280462592517,0.050719843006315164,960
0.048065075804860524,0.01380910736226312,2
0.14121138240613648,0.165700313274291,285
0.07572206660782178,0.01827277496419916,1043
0.1274490300007732,0.050529027541269506,218
0.0,0.0,1330
0.0,0.0,1242
0.10848254561409826,0.023996616496818272,157
0.025789168607884164,0.031217960203662867,1203
0.1513538178440148,0.12245935486475316,117
0.0833656474361077,0.04974427263415829,158
0.01927447048238382,0.022298059212266266,338
0.1498696454540879,0.029143712346341933,264
0.020180306946992077,0.0021125427990745633,771
0.09872652318465569,0.017915373973267243,709
0.02919151365160599,0.03585736500919186,1106
0.0,0.0,1645
0.0,-0.0005314875171819047,1520
0.05085649183656088,0.02993086094360037,1163
0.0,0.006472438193133501,883
0.008825725396760149,0.026884388110021976,913
0.0,0.0,1237
0.04412810460934564,0.03495796590611407,715
0.04249000443098211,0.04368695762978573,291
0.0,0.0,1481
0.027239024185104165,-0.005092765753598129,818
7.269171335069163e-05,0.009974005341810505,887
0.059303602276978035,0.0748022902292319,324
0.040832508263223904,0.03713873323451735,932
0.05782899083505079,0.0199615261572773,814
0.04435759550276742,0.03318045669518542,1050
0.0,0.0,246
0.0,0.0,112
0.0,0.0,1544
0.09425097306954087,0.004675176513156718,407
0.012326639581040402,0.026918024575902283,1445
0.14324849221246286,-0.027587553949761087,135
0.0,0.006456052625036696,1444
0.03028597173848444,0.04129924832016087,923
0.05288013093287285,0.024338393639243713,714
0.05832673319235155,0.0310605776069653,769
0.060517769427361846,0.027201714663820653,944
0.04681268821199435,0.030636972597224095,942
0.1040873388236648,0.02870548241208063,508
0.08323004571466049,0.020298113945193996,229
0.0,0.0,1656
0.30145544794916207,0.10198632367380873,271
0.0,0.0045084908788018616,1587
0.11816837606288329,0.007278832371636298,503
0.014027955946026458,0.022954798514778902,1042
0.0,0.0,1617
0.0,-0.03066754532532549,1499
0.06044652812089804,0.015895595397569656,1040
0.01801701863846829,0.02586602580815196,310
0.039318060188943196,0.018830241889571397,242
0.04306635262572971,0.018640309331523584,1302
0.020025152029910426,0.011809179387272304,831
0.0,0.0,1581
0.0,0.0,1326
0.07496154639374669,0.014358534639796085,228
0.010916974506556912,0.003483076682076383,1424
0.0,0.023007931291846532,1379
0.027242049367469514,0.018723351223332584,693
0.15489603436486615,0.00477773742010402,505
0.03159205383640212,0.021031413122500446,1136
0.0,0.0,1581
0.0,0.0,1643
0.053946618184636363,0.04622732433214042,206
0.023960343167137008,0.008821318040261214,948
0.005114650800166316,4.728593854434183e-05,1250
0.0,0.0,1331
0.009979391791091812,0.012969392086494353,1278
0.17682835721684204,0.015287330706842754,479
0.11682719487666612,-0.0016034869763417307,691
0.019134795127319925,0.023648337877600237,757
0.003487521878075293,0.0025518305438584905,1126
0.18946556764854722,0.050051131030112425,518
0.028827234524055882,0.02646448253161399,863
0.053971913119700336,-0.001961287425857639,16
0.06969925014229887,0.005321080602382692,390
0.02033542848780941,0.03346334191694602,1007
0.1264813461272133,0.034162555160160396,264
0.0,0.0,1002
0.08148659139765285,0.07474230251283563,678
0.0,0.0,1527
0.0,0.0,1578
0.0,0.0,437
0.0014064088640068615,0.00495371779980022,887
0.12888686491540308,0.049721738123756375,692
0.02658536597824261,0.014975596650414227,1420
0.0,0.0,1317
0.058559930649358743,0.018435487661160092,842
0.045082586698477124,0.020797957908578902,1017
0.0,0.0,1484
0.0,-8.883887688423999e-05,1552
0.08131434522984808,0.020001725917789138,13
0.035367047866355986,0.024790531323929808,521
0.02660148581440447,0.02642564868154749,1336
0.030022660930277497,0.011167258690430264,1188
0.039131449687108716,0.0061553493005811356,1238
0.08459481772767746,0.028706839137581094,257
0.0,0.0,1652
0.03233486867399087,0.010127315133713193,423
0.04347316736522649,-0.0010100768514938114,962
0.08815018792709273,0.014905631202153071,13
0.025194984800500694,0.03366758956357677,959
0.02099554566555326,0.02680599240826633,278
0.0,0.0,1441
0.023489286351091897,0.027751641993059257,970
0.12005865922114085,0.0654244242976995,327
0.010314215263147736,0.00977707802970592,1054
0.03900449651119436,0.016353420443809677,109
0.05412887387416636,0.04937207376297163,943
0.0034067642907662414,0.006394463375614607,1263
0.0998583889094038,0.06246115711795438,0
0.12555058179350756,0.03129466426070999,431
0.026953857928455505,0.028143996712975888,145
0.08073480895573651,0.04898897252171567,348
0.0,0.0,1376
0.05042150927230948,0.028377521265223214,622
0.04904741516183994,0.017270937354422665,444
0.12601776920697247,0.06385194328530458,1038
0.0,0.0,1002
0.0727920897423498,0.029154436175597362,778
0.08200458340146415,0.008492043314100571,1118
0.0624747914293492,-0.007440242733758186,433
0.14816889177942355,0.0911575478221276,484
0.044666955538260236,0.017717695694907668,962
0.0,-0.01971590565736326,1627
0.0,0.0,359
0.0,0.0,1432
0.03378703684559805,0.01755348494588829,1231
0.06568389018141596,0.07437833178079789,247
0.11779662873741828,0.048282471340818756,37
0.02168397569725783,0.00878194249419533,971
0.0,0.0,1383
0.22054671718368069,0.14975620821138744,454
0.0,0.0,1514
0.0006499060657526199,-0.004100389313709304,445
0.0,0.0,1305
0.07649674037464115,0.03475350327499958,674
0.014296886333371067,0.007534496121325484,1313
0.10150231809775911,0.019334365960430155,822
0.0,0.0,1571
0.00623858211162583,0.017408320864322268,905
0.09349117438309958,0.022556778052720904,448
0.004170005398092475,0.010477990552743033,1388
0.011697306755081616,0.0363220169919373,246
0.03200745655297887,0.004921018145427124,303
0.0,0.0,665
0.0,0.0,710
0.04255361688873082,0.015603820749863566,42
0.0,0.0,1447
0.044193748202891826,0.02776837542318478,1288
0.03213130179342102,0.02770580001234298,335
0.11212667391089605,0.05340281226181258,70
0.08959500923808818,0.032956696341806715,608
0.0005052105222966888,0.003990959318558157,1436
0.0,0.0,1671
0.03327960202905007,0.022400472404081013,889
0.07951408360293176,0.025279281553812642,716
0.04608737531521459,0.047936752743835055,769
0.0622179897291356,0.02672913933702534,26
0.0,0.0,1620
0.06378001596449158,0.0032988569050318977,553
0.029655467192281577,0.010581192164357201,1438
0.0972255913108906,0.003653809511213895,927
0.042212809108777546,0.017814283098720577,697
0.006636433651211886,0.0003963980731430136,1299
0.16704308757103212,0.003129831577416156,315
0.025516446024568096,0.017207597499859756,1385
0.016063137121442552,0.01704676047814482,997
0.022997301875516817,0.017864221580750878,546
0.007599198102175458,0.013826559140388273,892
0.021479090090192127,0.00456759145888412,1123
0.13969693964379346,0.020156354538445834,199
0.0,0.0,436
0.07242272353667668,0.04894985737386222,684
0.0,0.0,1492
0.04074583024207548,0.05886342426946256,106
0.013275638988205336,0.00626267484388635,1273
0.03686806671690115,0.00914787871459314,338
0.05503997800992722,0.03031416975567862,23
0.008756413335020866,0.017419024880637114,1434
0.0,0.0,1551
0.0,0.0,1516
0.012988065372672225,0.007288451055590274,1336
0.012840008079847195,0.01502158199934402,994
0.07886934579684687,0.015963215189165967,229
0.17276787517482559,0.023556587169524062,489
0.08387510078073043,0.04069682013369036,450
0.02787597801714837,0.014038484094718938,981
0.023653052480855263,0.028632633281865754,751
0.049207812180910894,0.028077124646873574,331
0.07341319558921035,0.029455186667940385,92
0.04678423877135372,0.006386770664467909,1156
0.041586998361206,0.0313039405969459,764
0.03400495084914796,0.02038394859929195,948
0.01993969431077331,0.004301046165621908,1224
0.07965606019393691,0.04713869722933129,50
0.06573884747000593,0.037240796169672775,1187
0.02174653640117555,0.004051122136670362,388
0.0942233361308521,0.021699428594912862,385
0.0,0.0,1611
0.0347370014384741,0.030146360092480937,1230
0.14247204038763303,0.015270459471353613,196
0.2448568461837341,0.07665635524652058,495
0.014373082915553002,0.0072381885172403656,1115
0.0,0.0,145
0.03707784983027181,0.002830768545352945,860
0.018944813108118654,0.0076847072389370505,1224
0.066921632551877,0.03626009641445811,165
0.1281807381517446,0.049117684112996274,215
0.06312261001065055,0.03291362270265031,814
0.05591802824316281,0.020373773637538117,955
0.07727719738394245,0.0002361232312291186,280
0.050469732811176594,0.025890672446162322,397
0.05872836703541354,0.035768498115220176,332
0.01503369517688207,0.011039927555230743,1144
0.0,0.0,1388
0.1149695583649168,0.034232039851197785,251
0.0,0.0,1678
0.055529584820050465,0.029595099847808174,561
0.029713040684981117,0.007362476148918397,1252
0.08088725214081291,0.028679431941507467,32
0.0,0.0,1188
0.0,0.0,1365
0.1599828420534988,0.08773503773619344,242
0.10113917482989451,0.009226398785557519,489
0.038855036032063694,0.00816224274170323,723
0.0021132601404774878,-0.004553878563240848,1387
0.01153658027739134,0.012740159637034992,963
0.0,0.0,1307
0.03939799288709618,0.028074801141593612,554
0.09926728890255823,0.02657868501871207,91
0.022599270004324292,0.03099266406042876,298
0.035759359768571856,0.0019613873694442523,673
0.0,-0.000699368048587357,1145
0.025643257820192906,0.025714490822653844,1064
0.011685606718149291,0.02301992196206857,1017
0.0,0.002715393461818078,1657
0.10259542321537578,0.021943193016325458,62
0.08699528313954265,0.04072716625934658,71
0.07539585525114852,0.0671838025705259,689
0.0,0.00829427976436762,1490
0.045502645883611643,0.04010460034418473,715
0.05037411303186889,0.024886460732888433,958
0.12647055476035865,-0.0033490232772058577,177
0.04067883171952689,0.02987340480335363,832
0.029203178052786168,0.024305289420258724,795
0.04705477286949113,0.026183024756429755,663
0.09529392109116627,0.010005354402968372,477
0.07535505806517451,0.02597074876760617,601
0.0,0.029722047133631368,665
0.010324692940479106,0.007686470296393545,1508
0.10471115360841589,0.045277927212963726,507
0.1368016196068426,0.036655693386124434,177
0.013549679603964575,0.009610668513400164,1455
0.0,0.0,1315
0.1672773225144199,0.06726189595538691,50
0.03718789298902072,0.03248558246893307,712
0.014366112095627293,0.022065419371715134,1375
0.0,0.0,1657
0.05980041839406042,0.0257345536200262,1229
0.0,0.0,776
0.04195345402011503,0.04473301394363328,288
0.14127080341669523,0.024600569012983832,234
0.026473999982640647,0.008283308398703065,981
0.0,0.0,1145
0.0,0.0,1303
0.0,0.0,710
0.11625993032044406,0.03389839780725517,68
0.023151448351266046,0.02120300202617354,535
0.025106203655185486,0.00948977952737316,277
0.0,0.0002703158835016814,1352
0.0,0.0,1526
0.010496441953333262,0.0097498481178563,1055
0.04843981439836222,0.03373090556049309,1008
0.09811496121833994,0.10096032975413217,327
0.0,0.0,597
0.026379835333805553,0.029840968059648903,1020
0.0,0.0,1625
0.06511211506271704,0.03744610348651922,1216
0.0,0.0,1591
0.13165074975133798,0.02357430594518456,86
0.015216617641099476,0.015414836972183491,802
0.1236690054212133,0.021955559409346955,143
0.0,0.0,1379
0.12080323293178101,0.0032928863906773994,123
0.07743583989143739,0.03813602207705305,651
0.0,0.004378410519912943,1311
0.0,0.005558324360204682,1589
0.11354804566143942,0.05230354254703752,430
0.110207437141546,0.04831034195647188,567
0.0,0.0,1419
0.0618203005174478,0.014981020191639346,673
0.027533764000410365,0.006625664092768483,700
0.04269506203025645,0.008901396850760503,648
0.026970195862334952,0.0159291098453063,737
0.10774552186464535,0.06819565694407147,273
0.10770383139918024,0.034400802857238295,640
0.0019839458463356734,0.0067834119651867765,1473
0.07717174833503102,0.049479428017482285,408
0.13816777367152716,0.13362018666012648,325
0.06004978782916002,0.012819035042219295,933
0.0,0.0,1308
0.0264466157677873,0.016806204637960075,1420
0.013121675599570285,0.011121764906783006,350
0.007780118697584517,0.014918158379458611,1286
0.09173962169764134,0.06938368031768019,200
0.01158489882688482,2.4466367954391005e-05,620
0.13983437408936067,0.018369682856966208,944
0.015507270577147035,0.013819115671257598,33
0.045935963919485456,0.036891862829357885,594
0.0,0.0,1569
0.002481375869938667,0.010635731432308502,373
0.0020062337409379395,0.004116746555589126,593
0.08969566594155765,0.030148140737085112,754
0.010957006742140524,0.014326612169751543,1478
0.025474070371415764,0.008095540261898891,924
0.05141803514243938,0.002568384322774773,411
0.09534139036931805,0.05115247742779772,132
0.18889359576120804,0.060192106248115024,93
0.1277437618255409,0.02481657441192166,140
0.0,0.0,1531
0.009930040126904736,0.005453251600816818,916
0.0,0.0,1597
0.0,0.0,1304
0.05339723844799136,0.040989728817135175,720
0.0037741568829030066,0.007321136154774527,1170
0.031204123604354973,0.014205874160905222,277
0.01392304000277727,0.008888686186370636,827
0.023006057866942944,-0.0016235444088742897,833
0.03941532063182729,0.01692340050217055,772
0.027747321914382003,0.017767096233061788,369
0.0,0.0,1332
0.08027474781766661,0.024344559690625954,606
0.037571562484054875,0.02391399310483669,842
0.06980710448868613,0.035728524468346255,668
0.07618525117567417,0.03155722135325013,800
0.0681988653339717,0.009611744017289675,150
0.023635043565831546,0.017342445193136425,899
0.011125851803837435,0.01672916452515896,307
0.24163096760757027,-0.0013216727899036263,173
0.0,0.0,1489
0.05003957490489546,0.021237331093521286,139
0.07781946757286277,0.016428804428851532,652
0.20538516120353792,0.0708091005296739,22
0.018119185768130642,0.025609943355497152,349
0.02018828687802363,0.018802745207313565,308
0.06083451627767121,0.03364509472091006,814
0.022325931886634908,0.002861812371985482,845
0.02596291615857326,-0.01001171392820136,687
0.0143445966645603,0.008175014955071547,1287
0.052622654207426366,0.03818100236445232,950
0.07842542953521882,0.005520994400968946,113
0.08752120986106253,0.01669235581199931,622
0.0,0.0,1492
0.0,0.011816631209607626,1480
0.0038756708448509356,0.0024942115473698115,1222
0.11459809271920965,0.07900660597378552,281
0.0,0.0,1583
0.0,0.0,1536
0.0,3.3725326751727814e-05,1387
0.01171634778805664,0.025491992040816334,354
0.022375737248634068,0.03819983838749334,235
0.006023093274516976,0.012781305008016256,1439
0.13088872524809694,0.07110254641161615,684
0.01134499768995587,0.0033562787877463103,1455
0.04858778655339271,0.03368454606077947,382
0.020724478952304507,0.027181855481694026,1016
0.16878935046455845,0.031073933853677196,656
0.0,0.0,1325
0.012914394986090857,-0.011374844078360266,547
0.04973903681724444,0.031505797541889737,84
0.04383616621908952,0.016463390776974608,375
0.10259926458443713,0.03609178909604547,1220
0.06352710440745375,0.010312309893963131,1266
0.008909684330955717,0.011634119803409542,1173
0.050455674440228165,0.014500959836686245,282
0.0870157946911718,0.046318451879544004,391
0.0,0.0,665
0.0,0.0,1362
0.052627754104270695,0.016218771503335967,933
0.038611888929247176,0.04829237363728303,345
0.037924748599178555,0.020154904914739286,668
0.02663857164696545,0.023178566599123134,899
0.030844340790566114,0.016663318194406626,570
0.05232975124739883,0.05065069929133695,370
0.0,1.077073554298398e-05,1366
0.02596810698235704,0.03632882613007771,137
0.0,0.0,1082
0.0,0.0,1082
0.11611039705826398,0.04655893535490288,381
0.0,0.0,1521
0.003200799257047089,0.005702308400266715,592
0.05558332601771057,0.010844818830641373,619
0.08094439508463949,0.04150927748157155,31
0.0014928399553077968,3.262094095165176e-05,1023
0.04417896788609422,0.01739447274805412,1102
0.1329244830503162,0.06576751042349638,167
0.16989147509296973,0.07650328981361955,82
0.030776702764267534,0.025027947443734423,794
0.0,0.0,837
0.0,0.0,1025
0.059393841725648024,0.034511684327658505,674
0.02197977340796379,0.024042138847522924,1030
0.026598741810928438,0.01876371310792878,960
0.0,-0.0015419543508213421,1491
0.0,0.0,912
0.0,0.004894938039990156,1408
0.03452543102891194,0.029671609699193472,463
0.028897054601804213,-0.007478353432096381,1229
0.0,0.0,1654
0.0,-0.007552165624497705,1562
0.06956906677272301,0.03824825068728161,84
0.007031133908711608,0.008372385538470545,361
0.0,0.0,1619
0.018982677896314505,0.06963881953348511,343
0.012891749376568496,0.008852939524503686,1468
0.06825456267215231,0.008204341601420462,651
0.06206091608528023,0.019002413182997294,834
0.0006621974640907847,-0.0033475601903088376,1473
0.0067266932366945465,-0.005903822196208839,1249
0.0,0.0,909
0.0,0.0,1286
0.0,0.0,816
0.06096153952413765,0.0800795387745959,345
0.029648812825151357,0.011162033800827507,1130
0.1290894707035312,0.10464196049448275,471
0.07841144353123565,0.039183165411164435,651
0.0061625503478323785,0.0028309523829422203,1042
0.01785959300242248,0.01827677190447092,542
0.09461286958507081,0.0693110684330818,273
0.0,0.0,1122
0.0,0.0,1480
0.049852479841812694,0.020805483845291184,674
0.03499967160391063,0.019317593324950436,1138
0.11001775738240867,0.02947058695119604,522
0.024623948979903994,0.010767302219368318,1150
0.0,0.0,1237
0.0,0.0,112
0.0,0.0,1105
0.0,-0.0038879785121986145,1291
0.0765376905168306,0.01474428489002728,1
0.051300452923445955,0.015999536878607973,944
0.21814870960506888,0.06405799142728649,473
0.062812789329187,0.006487793436002103,1034
0.035684102075515665,0.02470506270185519,1403
0.06372790656741593,0.03411926147480274,661
0.12365203040200735,0.02488171978740991,603
0.0,0.0,1235
0.03004620823832941,0.032036949347445796,954
0.049917863544928345,-8.954744519096158e-05,671
0.017678472327999704,0.011240887362354731,831
0.0,0.0,1536
0.0,0.0,1437
0.22589766205076872,-0.04757093101005087,317
0.0,0.0,1320
0.0,0.0,1386
0.023668631988257218,0.015440717518178212,1111
0.004743461327700563,-0.006500594668826166,1249
0.09596600999617531,0.042748634706577374,429
0.0,0.0,1620
0.08428180062267242,0.04750500387912083,939
0.0,0.0,1063
0.0,0.0,1460
0.20906247771670597,0.046579537974462494,192
0.019410926153920677,0.03407936812263347,1000
0.08306823670182603,0.010737526201071752,477
0.07563485551664367,0.017115396281954465,624
0.008752965413068149,0.007962675803975642,1311
0.09309543521718842,-0.0011054262456433302,477
0.05990979238107359,0.05864395271036951,326
0.043398478535587426,0.025675800116277448,463
0.12974139561015502,0.010468645980781335,316
0.0,0.0,1292
0.05474646584424277,0.007345367197885123,1118
0.08293941733587543,0.048596830505021706,122
0.15402386748186786,0.058133876384139756,738
0.15804412534082926,0.028937048755520996,529
0.03332368307146967,0.018624632692110975,807
0.05408581826243081,0.04261136071527247,467
0.07161010740453992,0.029991148478982845,394
0.014474071335397106,0.00838601207192878,765
0.04067423737515081,0.02368892675071066,1477
0.0,0.0,1501
0.0,0.0,1466
0.07100615163992705,0.04815671538343169,108
0.08898016200708325,0.03747724254195697,281
0.0,0.004438662316463123,919
0.0,0.0,1333
0.09491591037195075,0.028794143107167304,70
0.0,0.005558324360204682,1580
0.013725731828464188,0.0474918953317391,1101
0.0,0.001528393062749915,1584
0.012916719076837984,-0.005438238622790409,1336
0.1153951496483519,0.03993957204323861,741
0.023904395336859136,0.01462270629094509,1135
0.0,0.006668520912969291,1585
0.12976164558924008,0.05407498806222307,683
0.0398106208159314,0.0523528248347404,841
0.03117837429120118,0.023059006096427078,1044
0.0,0.0,642
0.20088639645200201,0.07454550316861142,95
0.013008983195698272,0.013090684394650031,1057
0.0,0.0,1672
0.000741329918793797,-0.0025259514700139854,1246
0.04346593845011089,0.007091439883621487,1069
0.05395243910172576,0.03696258797455287,425
0.0,0.0,896
0.15095881878993558,-0.0024900151078544952,181
0.02562071498355671,-0.001989902424647964,772
0.07702059241938472,0.02562536786772046,51
0.0,0.0,1344
0.04847666684105659,0.011194111093005946,330
0.0,0.0,1626
0.0,-0.0015522380785469,1552
0.0,-0.0001685793377619,1449
0.026860506454917835,0.01051578552618166,369
0.06044000739400077,0.030344385272100337,43
0.04660050625652709,0.036148169222556606,551
0.0,0.0,1595
0.01780214042689139,0.02832201526310984,334
0.01541392216682724,0.02082472956148732,255
0.011609297231403562,0.018265582148932258,531
0.0,0.0,1669
0.013043474085924017,0.00454610836935651,1450
0.017923370329713997,0.024000998788722312,308
0.006619464801534696,0.016702644014089427,1277
0.0,0.0,1587
0.02674174825825387,0.03430402790275428,1133
0.021349460769948377,0.008285263279779412,921
0.02976530888683843,0.017345026333845492,1112
0.024517708553383172,0.03301193053910157,1150
0.05636143162460316,0.02171200875785852,730
0.0,0.0,1145
0.010442293754596656,0.020977070250096624,1060
0.011092810436143229,0.014922797954406718,555
0.029625815581727798,0.019007309035175196,985
0.09000178145589001,0.02084554413902048,741
0.02551546228384361,0.007694277941412493,1162
0.030641865914142974,0.01716626116336578,83
0.0,0.02353565296904209,1533
0.09864685675930063,0.030651265295127697,245
0.0,0.0,1612
0.07559037487922163,0.03393569240910034,1015
0.0,0.0,1233
0.05083919048079874,0.05073373330063895,688
0.07364797527190732,0.01683087728963037,480
0.10864892478337018,0.031175148461804515,232
0.034521497397000736,0.03393615518286912,737
0.1574796666110215,0.05886552086014569,925
0.05170973394523158,0.04409263516294501,608
0.0,0.0,1546
0.0,0.0,1481
0.05839074004242512,0.019173628360176175,290
0.0,0.0,1416
0.016275579688938547,0.012371678683036073,616
0.03352162616514887,0.0049729449128694085,243
0.029676660467593385,0.041121714077374,1165
0.09784403682268314,0.0510253459547743,51
0.08476486389011019,0.030031290389727506,1227
0.001179501684230224,0.00318053385273065,360
0.022564789619110813,0.022580932248939086,579
0.007585574833628579,0.005909254211649168,975
0.13467374754333386,0.06487974853055202,731
0.00457645899849526,0.014724877981127713,690
0.0,0.00014857016155555075,1649
0.0,0.0,1503
0.0,0.0,1320
0.04909955258493382,0.015471048362507607,1205
0.11118956128384709,0.03540287782357052,61
0.027862885949407834,0.010890146004868182,744
0.021860405804610003,0.016285477705578033,1438
0.00027329639806269134,0.001235525814750159,1270
0.0,0.0018656808857763323,1622
0.01774359315442532,0.008408516943064132,1218
0.06587440858405784,0.056849336746794044,927
0.07670475596745471,-0.003081957459983727,245
0.045518765857331445,0.00804376472444082,600
0.04237699339147502,0.052735634153496316,830
0.02781672264856479,0.018178484078772664,751
0.024423553535193907,0.01296337501669059,1148
0.0,0.0,1499
0.08543006331244453,0.031046658180172892,144
0.02765324952327406,-0.007493201205368287,817
0.0018596762216793752,0.004091635364902049,1391
0.06306691807285375,0.03345285482406871,759
0.060114058253344316,0.02962993739050548,12
0.005668098963323273,0.006623006302348583,533
0.16040693999227346,0.02363596776403027,193
0.10008875805833811,0.02891690395021647,57
0.019936747803126757,0.006324263298994323,1355
0.13119162052992142,0.08093624431427875,178
0.05472218110028235,0.006980308880785355,606
0.05616576375564866,0.02812422402755625,480
0.0,0.0,1397
0.017386062665591877,0.021141752646852127,329
0.0,0.0,1250
0.17709251936285847,0.0336593495406047,94
0.11891560985045617,0.022577583829733374,1038
0.2146315505015983,0.03917513144837308,481
0.0,0.0,1651
0.0,0.0,1643
0.2193089058901644,0.07068620408616073,549
0.010624016433086114,0.0009041058978500545,1122
0.0,0.0062178113189388885,1324
0.028067589369172207,0.008331104049011691,634
0.1949759192809324,0.04842391598756836,356
0.00703106180962059,0.016279700894604916,1166
0.11496498022192222,0.057974300079115464,156
0.10304675210363504,0.03304526289304083,48
0.09816327182927169,0.02354011271692608,211
0.03506598967327992,0.030090321536180707,425
0.013041789772517383,0.01832192339707199,1150
0.0,0.0,1369
0.12476056103962992,0.038841771294247804,79
0.007645231447486572,0.006405365416698948,858
0.11956847659926861,0.021586975894423186,390
0.1907621703133595,0.08877736454829299,281
0.01306410208076154,0.0007792926079988831,616
0.0,0.0,1616
0.0,0.0,867
0.05856295812742216,0.03760918703428755,463
0.10831924447542465,0.03927395346267927,524
0.036452511241887385,0.035277136402425115,1194
0.04039935527156729,0.015358149921678298,962
0.003381209198607549,0.0003661857364022987,1436
0.0437907675091006,0.028643489700403788,833
0.00911002491688772,0.014424997821160987,937
0.006399364532515271,0.0018481627807162995,1075
0.0,0.0,1412
0.0,0.0,1668
0.01128981372767065,0.02689166588557055,1005
0.2583277085805927,0.030270699394248472,63
0.0,0.0,1345
0.02820296600505841,0.023355753067459406,261
0.020637251134872643,0.03809874788628181,34
0.040688135574506935,0.030430403283829607,242
0.0,0.0,1515
0.0409925534545476,0.00819388907733096,842
0.010344391800091873,0.0074546603109872074,1153
0.0,0.0,1617
0.0,0.0,1522
0.0,0.0,1550
0.0,0.0,1543
0.12641633963367394,0.014383760466027434,745
0.07231507465577272,0.028657443309901876,490
0.01631090673969152,0.02231424087202265,1218
0.0,0.0,1319
0.0,0.0,1362
0.012362560650628887,0.01100357963943791,1297
0.015682399148334338,0.0013442828042435203,1136
0.04023727119940911,0.023120838201460728,742
0.0537380614639944,0.021919213717730833,566
0.041579454672809504,0.006530956345736078,823
0.13213483198685327,0.04061041978083118,525
0.0762400283688075,0.03704088692091749,707
0.012442907962139786,0.02137531037691214,1070
0.06786480795468512,0.029744950634336853,767
0.0,0.0,359
0.07366848932660688,0.05318579699017074,927
0.02630290054635931,0.04299185927095215,344
0.036436995988306714,0.03293693678242667,828
0.12368328261345796,0.04502141754696297,158
0.2081760409148912,0.009283651913777287,133
0.06580397599190023,0.03865518022485823,59
0.0,0.0,1301
0.10068916763481485,0.026281780986858676,677
0.1626540582793593,0.03608169480275367,201
0.0,0.0,1345
0.0,0.00036379039946793726,118
0.09732012072523001,0.019738604234954188,151
0.05786768583621532,0.02347622225172036,1228
0.035472493846910085,0.01834438371555468,302
0.02229617171061059,0.02221874059717173,333
0.012342291913990234,0.007461480712888378,914
0.0,0.0,1668
0.011074539278598052,0.030927250813773708,1082
0.0,0.0,1620
0.10026468743711077,0.029729764674915532,728
0.05577472466157388,0.0284090180690756,84
0.01945553388528814,0.01257340074121536,1513
0.0,0.0,1677
0.031066369953842776,0.018858592003790635,1108
0.13402029926601458,0.0593681214570106,76
0.08991345891535237,0.0436526649794673,698
0.0,0.000151869826177763,1459
0.006494233074102844,0.01431217963899692,1265
0.0,0.0,1341
0.06236097143296704,-0.010825028435600535,128
0.16385445696443135,0.053755837257892146,65
0.004434084328783855,0.0037297281819713,1144
0.0,0.0,1408
0.08935579099094831,0.0297256100632988,652
0.0,0.0,1259
0.11865310151357843,0.03792531200572601,545
0.0,0.0,1625
0.030112828884497615,0.01985864276174531,542
0.030016459251239767,0.009267698134730438,982
0.0,0.0,1289
0.01990292222983403,0.027134679044231835,763
0.035519221461797874,0.026368596163949872,325
0.20748564478151224,0.015205858872913173,198
0.024972118990675155,0.010252210859446496,924
0.0,-0.002584747023291212,860
0.002878803475423887,0.006044358568669887,1173
0.0,0.00014857016155555075,1635
0.05965718040259692,0.02932732273128089,663
0.07103762027068539,0.02037880819781225,138
0.07542720967792477,0.051581981360887805,85
0.017887027324874422,0.01777174706910235,1055
0.4059788176480699,0.08977614314460372,59
0.0,0.0,1674
0.03415820455901123,0.02682747779231423,294
0.025985189130825086,0.023410759606252954,1208
0.13459571322657804,0.07517336558243176,124
0.0,0.0,1487
0.0,0.0,1489
0.04688578937821213,0.0032499582823671716,566
0.1928374050894696,0.05394578273958551,98
0.0,0.0,1354
0.07079441159907877,0.026063510802623452,146
0.05736298760034347,0.06362035378431634,763
0.05881788060472526,0.024668514871718457,502
0.0,0.00034178468970675035,1584
0.02027972447142393,0.015960731667297966,820
0.022317941863417953,0.007731582873530642,936
0.010065413023201452,0.005760138021987292,1218
0.07576003744309211,0.02844029152750349,801
0.15947049311017308,0.09001328713066487,142
0.023677226142701582,0.02336262899748625,1178
0.0232395196930292,0.008485993937491035,554
0.053009729738924156,0.039442520367389426,1062
0.027314459090382694,0.022746757588259236,1135
0.03226150422254214,0.011649882886179366,786
0.0,0.0,1611
0.1565387611860061,0.05219778728461241,190
0.0,0.0,898
0.09438835568956294,-0.022451490925237554,587
0.06542173939480617,0.05364230876297816,476
0.05224457220499259,0.0093565294823502,104
0.0006852035932561965,-0.0014669152200276379,934
0.14008336141287053,0.07868948240132659,968
0.13052980230192043,0.024003668955769056,524
0.0,0.0,991
0.02132544360565163,0.019346717668800504,845
0.034756416439674614,0.021010817500476394,696
0.022642839281516263,-0.00434651197462578,1032
0.0,0.0,642
0.038120965569646344,0.04043169081304493,242
0.03302811893411486,0.019492514215799922,862
0.0,0.0,1608
0.07305402761461476,0.03356349843038354,581
0.010267256392554238,0.013332892510628018,904
0.0,0.0,1601
0.0,0.0,1488
0.08169076125592925,-0.00500961144930528,657
0.026351587953266437,0.009213919787424522,1248
0.09464161132820406,0.08440480241503757,69
0.046196211895195176,0.011827421975396858,607
0.05662121993443184,0.024515766501301047,355
0.0,0.0,896
0.0,0.0,112
0.0,0.0,1462
0.047896376607332335,0.025177329558000266,612
0.015090048307614012,0.045068401905349185,308
0.0,0.0,1147
0.03669921841975163,0.031741332175062885,835
0.0,0.005043429200920792,1345
0.0,0.033461031209943384,1486
0.0,0.0,1174
0.19102376315083522,0.034146529600431165,191
0.2749709919562339,0.007761105453811433,78
0.023128227276734734,0.011983342618182855,1238
0.06120451000429527,0.08336625070922009,299
0.009878449542194485,0.010668806915267939,1101
0.1446455755474124,0.06289121436637973,136
0.05012090415519694,0.013237411061597096,455
0.0,0.0,313
0.010220945710348086,0.019932573638291456,905
0.12174931547361359,0.06923646537432912,865
0.0160231947879214,-0.007312852807827615,329
0.0,0.0,1492
0.0,0.0,1404
0.0,0.0,1608
0.010227885158878748,0.025018413929170574,1163
0.08122378218850668,0.027452640288301,846
0.02242597877621714,0.013682003043189297,1012
0.11653331774900076,-0.011449512062773455,194
0.058346555168877316,0.026903336652364267,1230
0.03942628887864441,0.03214536703436735,562
0.0,0.0,1330
0.0,0.0,1190
0.08512368004619746,0.06582515202938753,879
0.03540375823713298,0.029712711495884087,397
0.05177899751690296,0.011051803605419911,764
0.04954070830437157,0.017692410279495377,846
0.09190704140943479,0.024580786768764885,745
0.06763252802980481,0.014827662688793198,1090
0.08154608847287229,0.041227384217774006,248
0.02503419656572083,0.009407162971774753,1094
0.013060155559922156,0.00262537137840079,1075
0.17683638473791558,0.05046482067713775,167
0.01833238551443368,0.010903487030059774,1297
0.16296406029900126,0.0967958802722835,116
0.02903926379454219,0.0314713520569488,18
0.0701398122908025,0.04597057300411811,825
0.0131017427323749,0.009456517660312667,914
0.01152277653941843,0.0024453874079239995,555
0.028648995278517813,0.01567239472840691,792
0.0812052170167582,0.027597398516493343,67
0.05296731882437563,0.006251726897008241,645
0.007289410698453311,0.010041134380238188,732
0.1067611449087226,0.07093226287708845,142
0.02704832104386748,0.0188713907079576,439
0.0,0.0,1455
0.0,0.0,1620
0.03940181617587096,0.01805308006834663,463
0.22241426314224122,0.03535452629822926,135
0.02000991635382475,0.010968428195796397,1071
0.10481321511719223,0.029629154254027804,424
0.13317633721923078,0.033422656981467645,728
0.05377962137520759,0.042371421996652156,680
0.0,0.0,1649
0.0,0.0,1665
0.21196550670861303,0.04577728189584553,49
0.008788218926046957,0.013333134878339384,1262
0.0,0.0,1401
0.1682059347224303,0.036120252839315053,98
0.05359347063331554,0.036686748692853,576
0.0,0.0,1618
0.158165674104133,0.07094790601974967,471
0.0,0.0,906
0.0,0.0,1456
0.042971433018446796,0.021008177819358348,854
0.1379288859846341,0.0132545834580677,301
0.0,0.0,1348
0.0057053091399637415,0.008420448103846595,532
0.014189726212943957,-0.0039366568725970235,1001
0.03315020053069955,0.029109877319793722,675
0.043867804223954296,0.04586245894795723,1214
0.02380161355039596,0.004469677580793976,1168
0.0,0.0,1449
0.0,0.0,1619
0.030716185298421374,0.029704239790223918,904
0.10694582834936599,0.028875570005682156,233
0.0,0.0,1596
0.0,0.0,1352
0.017742920325504816,0.012992840211798145,1217
0.0,0.0,1390
0.008793110175359246,0.007352275911014558,354
0.15054618212111764,0.029995502041526425,139
0.0,0.0,1460
0.1543053131963415,-0.012823720804177015,173
0.0329705677050316,-0.004908000515234743,686
0.0027614828192219954,-0.0014356103785598817,1312
0.028916046526741308,-0.004221683651653526,291
0.03712626538535512,0.0048991288562323715,459
0.10014385386080416,0.04970528860226856,326
0.0,0.0,1599
0.0,0.0,816
0.026992541930853223,0.029156886087045322,18
0.05086816378463129,0.02522289785473399,540
0.008782714656025504,0.0049559801587458025,1453
0.017860269554172244,0.002110741482135217,1207
0.09320036087994452,0.06514414722058129,379
0.0313103888284902,0.042938663815189924,261
0.09562625250422785,0.03270743423188456,30
0.03391664124404278,-0.007669272407770238,444
0.0,0.0,1325
0.01923151772812877,0.0187628540031483,537
0.057171732975666946,0.03477997124610847,601
0.0934979970488405,0.04486822190372977,121
0.14031301444490954,0.04318213552230804,481
0.022431005703582585,0.02155573692129402,753
0.0,0.0,710
0.0,0.0,909
0.01073157953248266,0.04068157177898075,453
0.0,0.0,1476
0.0,0.0,1565
0.07043104628274832,0.0220754673666959,795
0.0,0.0,1373
0.01804967677426366,0.019896990526733365,771
0.032068387102374724,0.01927893745581654,920
0.04394127037458755,0.03608556902682173,309
0.07261817333776299,0.04301536191600642,1266
0.0,0.0,1082
0.003937345753056501,0.010174450722162337,858
0.18616368970663574,0.05828916834743825,218
0.007138908553575986,0.01278877106664524,358
0.0,0.0,1340
0.0,0.0,1337
0.08648283434472001,0.04244830101295052,67
0.014133861156739945,0.0170321171426609,351
0.015553290579690274,0.03540045763384436,1059
0.002104618976723182,-0.00012127656602100444,266
0.01484158034725329,0.006007355144746231,694
0.016163154273419605,0.021278931178956913,1196
0.1906678708064517,0.07219541760481249,152
0.04454212672916883,0.03921418272782886,595
0.10903449021314313,0.038600806186960386,45
0.04156771331088355,0.015795995886665675,595
0.02589252802157886,0.024985511784735837,1287
0.07055279210623588,0.0011354177131479926,80
0.10372516131347344,0.027991600060555778,191
0.12392439760145722,0.02854415700905202,509
0.0,-0.001304551577242345,1122
0.11041986055342246,0.017038673067666432,872
0.10672806842338277,0.012673357468036895,417
0.0,-0.0033498745131642594,1305
0.0,0.0,1480
0.043946804483842326,0.04927888714102641,318
0.032377803150093656,-0.01389662561249817,889
0.0026470288066776757,0.008644989395969967,1453
0.07361515905071464,0.03001479118021051,378
0.009429909568369496,0.0037255174043002107,1030
0.014390628602658185,0.01631426565306927,904
0.06147263611823288,0.012247482559020762,922
0.011295743696990096,0.014352737409912069,1295
0.0,0.0003641838562982969,1122
0.0,0.0,1541
0.05166127355667811,0.04700244433826551,1208
0.11683033135241233,0.013812431254429831,493
0.0004178873444878803,-0.009904787860051686,1436
0.0,0.0,1483
0.012840008079847195,0.016359442427208635,1175
0.035754342329567014,0.03532380981654033,324
0.0160529337348134,0.0002367348418026964,1244
0.13759849107151448,0.05218792974072195,163
0.0,0.0,1352
0.0655841750734579,0.05337018279043072,707
0.06504009884213843,0.03171077348870796,970
0.052469819263988145,0.012820420728525322,1223
0.0,0.004682164685002201,1353
0.006514304648756626,0.00770681667241497,1061
0.049271606492627074,0.015071349751149384,870
0.035026456725496646,-0.002937931447921417,733
0.003919522478595666,0.006803826735612886,73
0.07465448136120398,0.016004802579579577,674
0.0916726557014042,0.03229115232757918,923
0.04230925365282532,0.03021227785277398,643
0.08963549582027364,0.06174751191943555,1117
0.11139586689253132,0.03373140052274582,1214
0.019507011371571507,0.013097107076726391,1055
0.020611742871979668,0.01598870225059938,1199
0.022494598170900302,0.021033435312104,351
0.0,0.0,1397
0.022593724202335175,0.019042660964721892,276
0.055320460663053406,0.025994708122563374,724
0.015453452437159593,0.006980735821660582,1494
0.0081083475088383,0.006766666386734751,700
0.22639338194699535,0.09932681878654118,55
0.007612441746529475,0.015945903667101843,1023
0.031249519150605684,0.010397034496547051,1516
0.01027826232980472,0.011668861823874242,1392
0.0,0.0,710
0.0,0.00579450452523117,1508
0.1424879355213019,0.047670616951764826,585
0.0,0.0,1458
0.19787355272810997,-0.002608452826174758,356
0.07657557800230771,0.035759399799946634,782
0.0,0.0,1451
0.011905514595403769,0.018187955745765656,884
0.03657964373821493,0.008362564986924356,966
0.10974187134642122,0.08509400056415303,14
0.24357232014253247,-0.02187690312796039,49
0.0076494485517677804,0.01317899524350487,1474
0.032051940273810316,0.02404778612891161,1336
0.0,0.0,1122
0.06767791013127648,0.003339183072955773,43
0.10493829496522321,0.02812038604526,218
0.004093139475987465,0.010259430493766094,1144
0.055185344443343914,0.016904172519006475,685
0.03577935258615288,-0.0013432018389840322,294
0.12601058012976174,0.10020007939133832,154
0.07530534918795029,0.036721303161094544,576
0.07202015679239675,0.04658486747449643,449
0.038593150620589545,0.040119753192178385,1219
0.14751844960284657,0.04594060570786614,513
0.17504594281099878,0.004792378277119268,131
0.05566435769036558,0.03444132552490412,299
0.0644850037587317,0.0383048825984912,977
0.10152781511830705,0.04747980588934595,659
0.02595659029379288,0.03364431751548667,1012
0.15998284205349877,0.09101411258001357,321
0.02399797833318134,0.013601958224462347,1242
0.017353150371995037,0.019870857826493254,904
0.024186052424568717,0.015491783170336216,875
0.0,0.0,1293
0.10446531390297266,0.03710679897546683,215
0.10205211408695346,0.045648401513278404,19
0.07087979926435285,0.03423647158688379,671
0.01714001483556157,0.01100310432280588,1424
0.08606872374712261,0.04976179513455703,595
0.00952281749917317,-0.02747676366725549,351
0.01166930089642105,0.003979195743150771,1168
0.09579221430028946,0.06206715197709389,404
0.07130889799826019,0.0056287010038071975,128
0.03127207431081771,0.02592662804724981,792
0.023874729675276214,0.02374710649650018,959
0.0046085506857908186,0.009546969350382848,586
0.0,0.0,1606
0.11270987452028215,0.018250198444821644,709
0.01889597422041826,0.03228775703160457,542
0.0,0.0,1253
0.09820480716091042,-0.011049186149865862,188
0.05642408627089396,0.03448528072642805,940
0.0028590044766495545,-0.006018465818836222,1374
0.07280611411477986,0.041958671798971066,635
0.028016216797497447,0.027072367758144908,579
0.0,0.0,1361
0.0,-0.0005179136910789634,1437
0.045347827433544936,0.03269210735969779,253
0.007305155669514228,0.01040127684501166,775
0.11879613724541391,0.03327770411499331,264
0.024972984485461782,0.01685789860664065,765
0.0,0.004386609935893867,1321
0.17229983237697727,0.04448866170759328,46
0.09514012437412761,0.0506289523012269,314
0.0,-0.0008967844303512066,1386
0.03364309312876902,0.03170045151146731,726
0.12786696019043867,0.06940682444646536,825
0.1365630232996112,0.029418815432764277,113
0.09177885679695034,0.017306990994698842,61
0.00868274217346656,0.0191901749724869,1014
0.03248549794545028,0.03943646360581321,562
0.0,0.0,1190
0.0,0.00316247633924719,1606
0.03496370483947582,0.005485693546043903,804
0.041969707262956645,0.010682348118683127,749
0.07249827628940692,0.024095980785149445,677
0.009408259974768364,0.0031094921596319393,869
0.010512627629581,0.0037335966765658334,555
0.0,0.003918616881914773,1306
0.018543449831704722,-0.0004806479518323993,1146
0.1110965735510592,0.011010991611575436,704
0.04383488139477648,0.01659585173354477,408
0.02285814246597525,0.016309053600061272,969
0.1512573450853039,0.0636762955815903,719
0.19065852034575084,0.011042085356675599,11
0.026294707172976318,0.03863130041111352,835
0.061481957639889985,0.015483681624998413,1468
0.047938341269337534,0.010678821271284918,119
0.0,0.0,1665
0.04158229399611684,0.02369495806252737,663
0.04541047279952565,0.032494729884805396,643
0.02857882350402702,0.013797115292228162,776
0.15486996354517937,0.05754709046152001,273
0.023448878178137324,0.0207408615259609,859
0.18163566965191996,0.03932689710132231,510
0.0,0.0,1681
0.013953225995447547,0.024484985272013253,1396
0.06328622521236799,0.02876867982617192,362
0.0635782096879323,0.05172808162593162,865
0.027467173490833087,0.029463532934793545,1094
0.03361119917652816,0.03122236910215653,1057
0.08142483902852789,0.0649030500618536,377
0.08743799367388112,0.04014087047362849,432
0.12703961395388763,0.06496044550279258,81
0.1326288730928919,0.035785821575973084,62
0.0,0.0,917
0.1395784850517038,0.029290270285057176,209
0.0,0.0,1329
0.07263471960399745,0.04969283280820542,72
0.0849947543530386,0.02560753330917602,38
0.11175312974146667,0.05779354316032679,46
0.0,0.0,1373
0.0,0.0,1571
0.0,0.0,1402
0.021984611994668394,0.037734605149500965,1194
0.1951592882786437,0.029413245629419455,177
0.1533674314570941,0.012161808512707921,585
0.019604099589718302,0.0059601689137386135,1213
0.051972907017918096,0.0423609844101986,880
0.12048359458610468,0.028402829752703307,1073
0.04961407351783955,0.03131173995343671,560
0.10296778316158275,0.045519218687474515,447
0.0,0.0,1402
0.02332881295876362,0.024523855828418133,771
0.0949668389382766,0.0025410116974155066,153
0.016001840383061457,0.022842804546930356,1203
0.023437999766569975,0.0206794833412734,1070
0.0,0.0,1378
0.012951714321647111,0.011203792320997889,1070
0.09108247873774437,0.0639244992244133,61
0.01725568947648253,-0.005437322813320632,1302
0.01975880338741645,0.02270078661090435,452
0.0,0.0,1542
0.0,0.024433112536534938,1286
0.0845861433724243,0.015729548918919492,657
0.0,0.0,1593
0.0,0.0,1315
0.04298164166413096,0.015159759673681808,982
0.024872419978771865,0.02071610100929763,1208
0.08848205770529056,0.05256557673187777,779
0.03989551700145722,0.04228154110655282,613
0.028196335671139106,0.02317719236174073,1217
0.0,0.003724097360837967,1566
0.011609164779976866,0.011969796769118548,1445
0.09474852472775104,-0.01613567920700449,44
0.0,0.0,1503
0.029180309750058298,0.02142742487617761,729
0.08673814979424745,0.04593122348411005,406
0.0812884581320468,0.09416401934610522,306
0.0,0.0,1408
0.08893386212244343,0.035911511653386,147
0.0,0.0,1653
0.052499582979449934,0.07775612488688742,325
0.06409601032181235,0.0526369651432835,339
0.06196621947736854,0.05342903006009907,446
0.11616824940505951,0.06402987294165383,684
0.05348518142792516,0.03697859428154823,383
0.0012862161976945929,-0.0007547869618940934,1391
0.01338044880418404,0.011830836088618006,1145
0.016107930028175812,0.020684247667586246,981
0.04590043205927947,0.03448381569321865,846
0.0,0.0,1307
0.23552009922052047,0.04106312783065753,483
0.0,0.0,1419
0.14960089084219763,0.044160746052323736,206
0.03289216288547251,0.05109493626932879,1033
0.02160852303595341,0.01800007211618562,1448
0.09545660669333234,0.022005467402657432,461
0.0,0.0,1359
0.034921473415060224,0.017978446084982527,1044
0.0,0.0,1655
0.013738466615248008,0.03405172693982023,1127
0.0,0.0,1653
0.022708468999386843,0.03210451336746084,1500
0.0,0.0,883
0.027436924043352663,0.019498714696978198,399
0.03560224200956044,0.015511295959938817,35
0.054583486687468784,0.016361299519745767,802
0.037718181911089735,0.01048069687054982,77
0.1554241019255098,0.05807575183704995,384
0.006541440557626562,0.007140888403538246,994
0.030141556929650155,0.006627688994398536,864
0.027692426929585505,0.0338019028164977,1033
0.0,0.0,1386
0.11077352470103446,0.034968806275814814,590
0.01580530353198245,0.020199116014129288,752
0.09481354939554638,0.008610055214175774,301
0.22454912943724112,0.013053014923077907,97
0.24060865461247258,0.035261182724723346,11
0.0,-0.0023093292626245464,1510
0.09271730696965898,0.04997229303199215,87
0.032061578472660175,0.0346448228056884,1108
0.015577682153135625,0.01175604155812818,881
0.011395964570318717,0.004307762149612557,1516
0.021448508104905128,0.020081368382743128,859
0.0,0.0,1354
0.0,0.001762114286868054,1368
0.049632979186803344,0.03509834243124291,1156
0.19525551080721995,0.053045905594843665,172
0.08976083390014972,0.009686567807893481,504
0.005542703682175328,0.014448528427911198,1240
0.11312551238024421,0.09786138783929672,89
0.025298495569252687,0.019112792835434676,702
0.0635271431002226,0.04253091798529362,698
0.038527746003599886,-0.0021455240261476745,395
0.071547044819643,0.02232359707652202,606
0.08038017867242549,0.05178723924301992,163
0.015179278135549482,0.011832380710291846,1210
0.08151454148093426,0.0656344302039363,154
0.06672588709433169,0.014651814812436213,42
0.0,0.0,1619
0.08578336488287282,0.03297253478069874,355
0.023372726169023382,0.018565593633611602,792
0.0,0.0,1581
0.047123256350188374,0.01722730581088207,380
0.11683033135241233,0.00687438951815964,704
0.0,0.0,1466
0.02857015026411355,0.017714150690783567,1031
0.0,-0.0002611990236676604,1289
0.05092792375118158,0.021712710083809376,685
0.0,0.0,1492
0.008289442661458335,-0.0005393400363604936,616
0.0,0.0,1370
0.03276358919913888,0.025061143066994588,1180
0.0202412270760021,-0.007305864963321387,350
0.028610598154698727,0.022731813205103604,546
0.019141208270316182,0.012124081939513448,834
0.060446528120898034,0.018949944761046417,25
0.06265710536396582,0.04017049394553819,764
0.05817781487526419,0.0011926714020787166,1062
0.1554298608675998,0.08536907776875442,464
0.0,0.009025526315288994,1584
0.02145031951141126,-0.01177747500183424,885
0.06936073883932194,0.025455983653347003,485
0.2749907471496647,0.056840913751177856,356
0.009546456885593092,0.0025234013462053766,821
0.03461528462778736,0.028402180280780648,715
0.018741448060984385,0.0253937582570178,265
0.0,0.0,1558
0.14011329626743693,0.021017578877088872,231
0.02328503313232839,0.03371702786091137,83
0.0,0.0,1578
0.017288810943863902,0.0018554749957927711,338
0.042897169674467946,0.05135866349500248,363
0.09619210010805157,0.04746127979299159,38
0.07871932250035923,0.04097650080438321,16
0.0963314146862121,0.055554795237454886,503
0.025696312657467933,0.018390771659928303,1108
0.016260200552947378,0.02299276855615242,1268
0.0997785108669761,0.06165100960760617,545
0.10663052304007306,0.04225576828261727,176
0.0470270859584358,0.03752611562395844,685
0.002927721945513114,0.00440490314705098,1458
0.0,0.0,1428
0.01612417466793531,0.017631098864791094,1494
0.003068424681462412,-0.0064085781194882984,1104
0.020587673995539697,0.015612392234723892,1192
0.045197671591899094,0.007334362373339684,439
0.0,0.0,1593
0.022826803215669187,0.01177635518734535,781
0.008322620289771314,0.005972674791789332,1467
0.011763767698060031,0.002061195804711437,1479
0.03745721090193325,0.02495713940879244,726
0.00877468852818954,0.012695513149116279,979
0.07378455187687198,0.04163749105489405,342
0.0,0.0,867
0.05352324193883983,0.034607676619125366,309
0.05947690095774802,0.039259162725031174,585
0.11962900726906389,0.02393463142953874,618
0.0,0.0,1344
0.0,0.0,1624
0.0688212341040284,0.07697849372720765,258
0.0,0.0,1124
0.200612989628791,0.05915621425908929,151
0.11797862210780344,-0.005713799879764319,222
0.03060630665736788,0.03542089604270109,759
0.045527745103549906,0.030025364098196904,425
0.012904995051269255,0.012550232850697866,827
0.0,0.0,1489
0.13315977216747643,0.015913854011604302,1046
0.0,0.0,1653
0.0785546892546009,0.041346222439810586,750
0.019535918131301448,0.006607719258529069,1077
0.11650993126880102,-0.00828440037994838,525
0.13150244886427842,0.021354317072147726,727
0.07454737150360284,-0.004216871853476953,553
0.05553958906074389,0.019288887760641,1443
0.07923821320535426,0.045409734322814345,1015
0.0,0.0,1621
0.15108823773823865,0.01396311087011599,192
0.1427652830878902,0.09779717962159183,208
0.07893344537378658,0.0858507590785979,447
0.0,0.0,1539
0.00035826818512257175,0.007945172431039373,690
0.01921475255775888,0.011454007523122608,766
0.14113860197863864,0.10410699383008482,120
0.04198379637497319,0.03596354164417979,1114
0.19602474370892015,0.06469788360360382,503
0.08442048906818417,0.0154813876888156,603
0.09064166380805319,0.02376991430479895,140
0.0,0.0,1382
0.056466156317903075,0.027330406687710918,16
0.0,0.0,1570
0.04603708459241176,0.019747825989911812,671
0.0,0.0,625
0.0,0.0,1547
0.09055152331309645,0.049832123892269375,244
0.0,0.0,436
0.016005732989913903,0.012437026039550601,1111
0.125460003909837,0.0318942159194752,730
0.18233135035545114,0.009286560338111807,497
0.06504008240104188,0.028109535303839472,138
0.08941294830862347,0.03242315073909768,930
0.022733192835325537,0.024424273251305268,341
0.07654445677223642,0.04695672197694704,1048
0.0,0.0,1632
0.005468472605895173,0.008459651084365204,756
0.041020674130425365,0.02722347090933918,854
0.0,0.0,1286
0.0,0.0,1200
0.060850984368253855,0.034927261713424994,364
0.07281128260384014,0.01564415622882055,507
0.038552012461094444,0.04774305580187893,931
0.09248312395856331,0.03491602446473072,240
0.0006271184811748876,0.0038761353307170884,1278
0.0,0.0,1358
0.019365152539759522,0.0026708415418843123,1228
0.05989014826698783,0.008239844281223947,1090
0.06065516575747599,0.06138527410485348,572
0.055565158983760306,0.01270591772391341,1116
0.016694301686809458,0.04154286684345087,1326
0.0073904699650638095,0.006907297228928147,1511
0.00801906905780164,0.007847793535287048,1098
0.09842602658650164,0.05172079763078689,828
0.02189739712001336,0.026340758290338058,341
0.03914641019871747,0.0466771119001726,119
0.007945053272092245,0.00627679560103762,1467
0.1724227109182429,0.08651964498201292,123
0.13608727066313916,0.018864817730623856,203
0.059114021376389325,0.046801510828121784,737
0.0026484511833651868,0.0012251500138968556,1149
0.12158466989665424,0.072043578872967,80
0.023913823372179364,0.02557193832317913,1096
0.06029908455865698,0.03207512043485088,1448
0.0029544725720630446,8.248243750682112e-05,1201
0.12158466989665426,0.08681942076958725,474
0.0,0.0,437
0.08154669732823717,0.028042719562482662,618
0.0501413541337055,0.0587213118241822,933
0.0,0.0,1250
0.0,0.0011306030588389216,1499
0.07705855265441745,0.012771608227640539,539
0.0063085078236077815,0.0022114716717255446,1385
0.0,0.0,1679
0.0,0.0,1259
0.09417432951192954,0.034257501974899025,741
0.006032204110951143,0.007161193242493989,1520
0.051000203146809454,0.00930224364088932,571
0.0639334696582593,0.06981937532239914,553
0.0060709765480593345,0.006217935044606151,1084
0.00992404109539396,-0.00027100144731858456,1213
0.01882159299928578,0.025884320104436104,907
0.024496594317584885,0.027269675707124654,881
0.11830138049618567,0.018587764880173645,234
0.0,0.0,1456
0.02658327835143973,0.03194717854899033,1051
0.06046080730475781,0.048366808049098625,557
0.0,0.0,912
0.09326869059323238,0.00987433932739522,316
0.011529715748506763,0.004760228218700535,1530
0.03549422848024037,0.011821307084331092,374
0.06556875836273127,0.011136636238263723,58
0.1792732576448565,0.08501491931835951,557
0.04647759593070991,0.02917494027864101,631
0.0,0.0,118
0.003221736709494093,0.0066864126623527075,1304
0.0,0.0,1597
0.0,0.0,1384
0.0,0.0,1674
0.20994833425099532,0.040518615820860686,316
0.012028088812505746,0.021963251363625508,1055
0.023554067321865903,0.025118390734933726,1066
0.05144977406533222,0.03921001600361561,823
0.0,0.0,1309
0.010899876614936943,0.015161448059601785,1053
0.030984594196379743,0.013205013066121962,619
0.020724375599528964,-0.0037472564129230447,999
0.1778105516769641,0.09660111171853612,153
0.09031338040424142,0.039750748501866356,1004
0.0832973627901683,0.03613808291472244,75
0.0022729057426884892,-0.0028348158618024784,1436
0.0,0.0,1332
0.051917658153387836,0.026361046186240647,552
0.007840341401606757,0.0024279328269246974,1453
0.0,0.0,1461
0.009527829456901192,0.0038228399665313673,979
0.03521145357714914,0.031694072437043384,1205
0.0,0.0,1358
0.012326404335772678,0.011242354540686434,1470
0.00991429033528381,0.008851863364166886,902
0.0127503598423023,-0.0005623700668913719,901
0.17246222790770707,0.04841643100903319,780
0.029121001839064437,0.015295075851928203,697
0.07579522823511992,0.06378946549048504,309
0.057448502225228605,0.028804415387809573,1016
0.031496036214920836,0.03680909352587474,1033
0.010819461977318983,0.014492848505906097,850
0.0,0.0,1419
0.049783412699236834,0.05181984586265131,100
0.10452319719045666,0.046608238859614806,277
0.02438153322687805,0.009761090035288165,1247
0.0064958222540178545,0.006037137369581142,902
0.0,0.0030473112757709612,1154
0.0,0.0,816
0.0011597629079897046,0.008697694445963003,389
0.09618463803328123,0.005638719133515386,13
0.0008607571919252112,-0.0008883300048484272,1101
0.1846717646508108,0.06737311177154305,189
0.0,0.0,1352
0.0377500942585864,0.02100466583801699,1106
0.14552544406582335,0.0923769154030589,865
0.0,0.0,1449
0.09324895881301597,0.04057972779777633,57
0.0,0.0,1414
0.08147156202022765,0.036806917078011786,746
0.014883011434568416,0.008815464152577501,617
0.16000086353148046,0.004959201451190562,650
0.01613779786814626,0.012447838469876732,1284
0.01469051438732154,0.009667803579736043,1246
0.11286700818874862,0.12076054932687376,322
0.0,0.0,1476
0.0019093808729376382,-0.0024590482175260325,1374
0.029649499635700644,0.012070685119515341,866
0.21530687690974407,0.09159503132579568,181
0.009244319177888653,0.003836511828912929,1439
0.09335299619748927,0.050772544979245444,630
0.025066761100479916,0.014207229983894145,1238
0.021043764970597505,0.017007274417298573,276
0.03568792191931057,0.02745935997461576,840
0.0,0.0,1380
0.048143142881817626,0.04728037364930783,1013
0.17396036683157667,0.020514385529741535,416
0.03415995178602452,0.004648390839647671,892
0.03849576198396039,0.05033310581209618,1072
0.04557905325752063,0.02293140335719601,394
0.0,0.0,1355
0.05778879735181415,0.059149808860768656,259
0.0647835277868332,0.02109395601889763,486
0.054777225709513495,0.032653260985580926,618
0.0,0.003146162459531445,667
0.0,0.0,1320
0.0561233555225672,0.02827586548598603,391
0.0,0.0,1386
0.04265981376843588,0.024394987828068503,148
0.1607212399082625,0.01439214856234489,526
0.05687600472127001,0.0055106742719821175,552
0.040794213908977826,0.03615153892893485,823
0.11283672885593943,0.053533640332778604,240
0.02948615278854556,0.029130849845533473,5
0.04931137164641945,0.01693966831363566,606
0.0,-0.002370708530845488,1625
0.05872009328863659,0.02177347499735535,1065
0.16307888245855445,0.04704650471565936,133
0.02442822162088405,-9.307847131040044e-05,1272
0.03699682536029805,0.015342020951654906,1297
0.15628086384548945,0.05390606688576795,1227
0.00871313996071058,-0.0005379622528256285,1198
0.12298952636637611,0.0002581283011469337,493
0.0,0.0,1455
0.054962955012250715,0.02518651006458685,823
0.10534075634258298,0.02711751228123563,62
0.0,0.0,1598
0.0409638742184129,0.007761565760136702,933
0.07575131246592338,0.0535611494597478,228
0.14365020307951937,0.035149059303734576,650
0.05626810942670873,0.058274427849513324,552
0.010554299218455285,0.008459105156124004,1252
0.08814907199146287,0.0704677756919515,475
0.0,0.0,1253
0.048553543072557576,0.02060937486973064,606
0.02063297501924139,0.00043452576257114225,1529
0.0,0.0,1368
0.0,0.0,1639
0.046657563635997074,0.018564450109399774,674
0.05290627573794029,0.008136823984086704,157
0.0034454422748390135,0.01283286176112867,1396
0.0,0.0005296767580453472,1001
0.16119032830368177,0.06624706477970273,384
0.0,0.0,1656
0.07414702182980507,0.05973028060620397,270
0.013207874121844381,0.026817580128847003,1001
0.09784299688862913,0.05067673919589737,746
0.051721521442264204,0.026990605614607407,1118
0.0,0.0,1368
0.021771036986285085,0.003089561629162127,563
0.0284512542402113,0.008088638227092599,616
0.15158386285665232,0.04305756772747954,31
0.013718721079630987,-0.0015008690852399622,329
0.016198828547662938,0.022397584351673393,1159
0.005716382807197449,0.001820879262078066,1067
0.062237073985692795,0.04318973228041629,61
0.0753053491879503,0.031010628422790044,570
0.05116973760665989,0.04176488541389047,649
0.05069613954719745,0.0226460726744394,1102
0.05895734399946908,0.022158593720184167,165
0.01478894206625838,0.012936522188070218,1120
0.011066022167075465,0.008106389157321418,946
0.02842402108762336,-0.029345938262313707,320
0.014030010746942405,0.018164551444202974,1075
0.07140386302450993,0.013701219790460375,75
0.08857898077621901,0.03895528094515148,451
0.023029637678964716,0.03227144837310047,298
0.039233086824607084,0.02471191832459406,744
0.046278656917318396,0.01888521563817039,615
0.12409367173365671,0.02424393496827367,477
0.0,0.0,1484
0.03819848547704587,0.046498451093177774,722
0.06329401067651862,0.02536576543957533,9
0.1686005250502362,0.09534430209187822,357
0.03637555279766524,0.02605340262978439,1229
0.02662190632028605,0.04193969308155691,880
0.02488539655575088,0.004850815833697748,794
0.0,0.011470117499514085,1657
0.05533724236292873,0.051015199077502,663
0.036179592456045524,0.044185118215505026,1482
0.0,-0.003260941924318958,1529
0.0,0.0,1346
0.023647194096412374,0.04523184389136127,623
0.15397561802512044,-0.012464272006653137,131
0.008692869905341107,0.006664788658666993,984
0.1442560569202245,0.06714194192562177,273
0.056673831267462484,0.020860087203470924,638
0.034479149914526996,0.03509950048858572,928
0.12542955815767134,0.0250739702849405,508
0.08283881170712408,0.03326587879233952,228
0.09672444045376924,0.024358878079456008,1048
0.08647800780138815,0.02514909007472781,70
0.06409601032181235,0.04931505372378654,344
0.0,0.0,1348
0.0718776696639784,0.05433739786902987,258
0.0,0.0,1422
0.1490224351153487,0.06369834131976591,520
0.01279605613135588,0.019455491146935962,334
0.14053573119850576,0.06001476533340597,305
0.0783536809129672,0.011051937730711931,1019
0.0,-0.00021873387569488142,358
0.08667754354088517,0.05942752482723596,258
0.28324191932510173,0.07253209877237024,473
0.05956799778101247,0.0562159946513071,870
0.0,0.0,1465
0.22694627233675202,0.07276795465144412,603
0.06818960660895272,0.010608328317019486,224
0.014488654194810853,-0.0002434915058823575,758
0.030418944014552696,0.021738459179329987,1128
0.0,0.0,1681
0.0,0.0,1624
0.02176753895508221,0.012091738473436302,1147
0.0008920193882173436,0.00039679633272494583,1396
0.009883943178959935,0.025294471284513852,352
0.09231489459694503,0.019497975682232598,517
0.012022887068648864,0.011103254553871232,1400
0.059349464222282954,0.017198009298912662,788
0.001938502132813785,0.0071596190375592525,690
0.15668650865483763,0.061942534706433704,656
0.06745213623409839,0.02554514559737019,624
0.08157511758834782,0.017706985002965477,322
0.02936770992659026,0.032425198797382516,974
0.0,0.0,934
0.014156875780064316,0.006701730427109511,995
0.0,0.00014425232483332364,1417
0.0,-0.0002836884360063088,1417
0.0,0.0,1617
0.04019127207083348,0.01690919690027996,764
0.020861123692758325,0.05285539735298965,987
0.10181183098552211,0.08002143898670024,346
0.013305485704340852,0.011294528679850155,535
0.03359126831654438,0.012206682198151436,636
0.0,0.0,1552
0.0052532455958488765,0.012090309467695404,1392
0.082474492464451,0.04267485451411201,58
0.02640284636531406,0.006046596684367875,1106
0.02349158839804542,0.019041242904346684,959
0.0,0.0,1587
0.02465274438596914,0.05970311615136722,897
0.02914660308048417,0.016686042744617,1173
0.01596520239717027,0.013084702046482771,633
0.0006662383066138481,-0.0015487340460248085,17
0.10909557292160808,0.0456672531401645,151
0.04940512047659437,0.056720729248478895,344
0.087728172825858,0.04502667074084224,188
0.01768654258503109,0.011831574663105433,564
0.08251100518038659,0.03724234499119027,465
0.026285376176383376,0.04444429610150853,353
0.022557094626767017,0.010652016912007864,1042
0.10821397262258414,0.028989598973371476,418
0.04155219804299881,0.009648208350268852,1247
0.0,0.006223002369025491,956
0.0,0.0,1562
0.1438851237425826,0.07736851371424265,81
0.06909430043082022,0.01781324391105587,115
0.06588918441799164,0.025375705358151694,808
0.009645347608828056,0.01214742179729222,1523
0.10591982347159797,0.034772769855800176,571
0.12840175600039516,0.07279407763382946,93
0.02472243851740968,0.016612473672354872,1239
0.0321231386189908,0.012230074768952567,795
0.016407352099985877,0.016459785592911017,877
0.018621018894374845,0.017442866859198446,1130
0.11390394242984625,0.05518050569233236,540
0.0,-0.008031549723710034,642
0.02206394879534301,0.028790552528340393,946
0.06350554686458887,0.032269624501844445,784
0.009808056275794062,0.010769474361206947,1215
0.042857804301627334,0.0027940300653178014,760
0.009909031326277044,-0.006727083348666812,1086
0.0,0.004689513070934688,1241
0.07019809032634453,0.0066467843713256735,614
0.0,0.0,1358
0.036826171227202366,0.012230783326417605,1051
0.02950537905420166,0.019644063758685267,1152
0.093259131233387,0.012992597507802978,508
0.07724317994247674,-0.002091911150572299,424
0.13783682103570116,0.07857244977419889,0
0.14046326935908326,0.04458294483911514,734
0.11102807187920227,0.010994905397779057,41
0.033205976980334326,0.04736125396347413,833
0.05810652545880024,0.027906111858817046,1004
0.018646644559032737,0.020230923232345967,358
0.02706375751662942,0.006931430439152293,1453
0.0,0.0,597
0.28242057898168377,0.04108037265508936,483
0.11553773100383981,0.0259939541517791,745
0.0,0.0,919
0.0,0.0,1571
0.0,0.0,532
0.0,1.6289464328019108e-05,1676
0.03877680439436754,0.007907663455673262,101
0.0,0.0,1570
0.04929918203054326,0.008363347770729458,846
0.07479459415557471,0.020006519752816643,128
0.20117629396752332,0.0013519754390196941,49
0.02057788857150184,0.03259348703539104,988
0.0,0.0,1626
0.05296274099213449,0.015042565613665545,836
0.012890487739944454,0.014848254816495423,914
0.022170203229474675,0.013864186662029989,966
0.0,-0.0071284702416277365,1026
0.011237090036491619,0.020825511852551746,1557
0.0,0.0,1672
0.01330516569190628,0.012148365021992067,1257
0.010813896331224425,0.028260948534758846,148
0.029363427960730812,0.05994840109608641,863
0.06182795465802298,0.035008209815138594,551
0.07011451110512149,0.025053882581444333,431
0.1109698876811591,0.034866611100318974,720
0.05493772287813099,0.01855275455896769,140
0.04554363418711642,0.023589928904495013,4
0.051241210833384856,0.04671348027131472,364
0.0,-0.0031649803121253563,1584
0.11521508111959544,-0.01177895699872578,466
0.008185049280319162,0.005111504237637412,869
0.07359857670469498,0.04450740249096205,420
0.03390289254301557,0.03441545411523263,1228
0.04180545158541011,-0.00948420462322147,768
0.08063579862824329,0.03432091044752336,26
0.0,0.0,816
0.0845635258913645,0.02845022139162459,684
0.02661973468251609,0.04173766159632952,1047
0.022526731898881054,0.0303293103436135,988
0.0566188101215829,0.02275256880314372,391
0.019980471113300896,0.02427585782095299,421
0.019553717393664606,0.017639184029258164,1017
0.09161038709254724,0.045351816604451735,631
0.0,0.0,1250
0.0,0.0,1581
0.033529564584420184,0.025463172863225674,812
0.0,0.0,1291
0.06055716003689307,0.03459096015305004,958
0.05236915676101164,0.01645709088808426,649
0.048557875154694,0.05514996458759017,223
0.01323613486128163,0.005000648821763489,847
0.026296398839785975,0.0158910838181497,891
0.031565600778862016,0.005200043889199635,1022
0.031590991259217806,0.012035091453953895,621
0.01748942053022928,0.011310593006133839,694
0.0,0.0,1322
0.025067326051240745,0.004508905395905632,1478
0.06954609029566838,0.03048130384168345,58
0.03654064326466899,0.029619346497089787,899
0.017255882646676518,0.01552686622714198,1251
0.0,0.0,1617
0.09990692803378082,0.066416157535795,234
0.0,0.0,1601
0.042363586511597,0.012820836530356962,165
0.14422419623487084,0.026964077929658603,81
0.015625845167197006,0.01311201518715096,1425
0.0,0.0,1660
0.0355905941722133,0.0016368680746000645,612
0.02201202155652755,0.009534540540912878,1434
0.03754798789227826,-0.003322553587279337,801
0.058758696462103965,0.04386786566457951,127
0.12103602443328408,0.04330221698431938,646
0.03199798190601961,0.03951972023846864,1005
0.1315071737168352,0.10173919922944158,264
0.2536595477181596,0.09851091219537055,28
0.0015823136597101647,0.009590826560191376,1265
0.08699528313954265,0.03570428495078393,584
0.04138334287646423,0.05236492392645313,325
0.08284495607207987,0.07706534756753483,288
0.0,0.0,1471
0.0,0.0,1371
0.0,0.0,1370
0.0,0.0,1675
0.035261621038221766,0.029233353077892252,276
0.06637021790410431,0.06234067670257257,285
0.1073943024135544,0.024930913701449644,231
0.03219766423734562,0.02713948897580334,1088
0.08155646642145835,-0.0011443530689706945,239
0.0,0.0,1291
0.09034254125796726,0.022247676093020734,930
0.0,0.0050499633812583124,1383
0.024285555093009198,0.006148829084234241,845
0.0358848568799271,0.019354377576030556,766
0.0475256239719911,0.06813872064767124,270
0.04708928396230678,0.022955309751341878,1006
0.0,0.0,1636
0.04173371874397998,0.028162482322462084,1209
0.12761672295297963,0.06719806449671964,285
0.0240881826001011,0.021211636291205364,978
0.0,0.0,1501
0.06786480795468512,0.024754775397866295,476
0.12865615332320982,0.02732049978734817,495
0.0,0.0,1383
0.0,0.0,1629
0.07995569332470161,0.03193982610410546,907
0.02126174486076212,0.005347018761249878,1207
0.08476540341262032,0.02692267100332214,549
0.08590671838648783,0.04932779478108073,448
0.126299897393427,0.03722939458693693,738
0.06093985077240594,0.021463662562976722,686
0.10341128190733705,0.04448262654250926,187
0.06293705626432304,0.044446608303787695,918
0.24129990257406436,0.056695125636987205,660
0.007927715556616808,0.006155944851797151,1071
0.062248159955269104,0.028377363262511196,331
0.012564905011723759,0.0065911738091236245,1448
0.0,0.0,1368
0.07906270216855686,0.018805705656497137,130
0.01944732340804384,0.03175182524253406,1091
0.03813441609662787,0.027708770987638284,712
0.0,0.0,1330
0.0,0.0062178113189388885,1328
0.10543104065027673,0.020460007182856225,0
0.04406096303852459,0.029937377251822474,693
0.13075170028395466,0.07066964394890059,284
0.06097289015767123,0.014193964848549697,870
0.023373242189527264,0.024074923302438673,1224
0.0019774783714815725,0.002561209955128931,1554
0.0281674444010469,0.014613096234894348,536
0.08858308747130716,0.038321509667254026,72
0.04062326362529786,0.01134260647238456,84
0.058012944130362114,0.03407550657554241,1015
0.009851627194424267,0.004188660211069684,847
0.02125580128623113,0.02118214716844738,15
0.0,0.0008081553217659814,1368
0.12188268382969403,0.030948378142593717,7
0.006624453180324407,0.008454746092902839,1076
0.0,0.0,1540
0.09240940536051123,0.029908754969153947,75
0.1367106118670083,0.01677994217816879,94
0.036708569992671934,0.01677099785839724,104
0.1374763530213557,0.0416259290445952,659
0.009435542995442681,0.021273306574266095,1469
0.19835931440318477,0.07026455839448517,192
0.008141332714877055,0.0199696564046149,1441
0.09738708917300828,0.01166400733367522,496
0.0,0.0,1481
0.050257192584628255,0.0438779695626215,743
0.0,0.0,1388
0.012200054757114226,0.016114872839590153,1412
0.03431881652675541,0.031942883608731064,1310
0.20079096633720683,0.08537722955791457,185
0.050813639057571636,0.0643688411976872,323
0.03627213933321817,-0.01541268779773382,1221
0.01416721962746421,0.06226269826283447,936
0.0,3.308729910225258e-05,1394
0.05440817484767094,0.0044359262905200305,1223
0.0,0.0,1637
0.06912077705625012,0.05373821877752801,125
0.08701851279690657,0.028390965897965886,508
0.1036472663904138,0.045761584883646546,208
0.05627228237058834,0.027104177910181604,784
0.08345014369084984,0.018838564873729546,1266
0.004742615569282758,0.00685289725811439,1173
0.20324856806751623,0.038057871657178076,181
0.015586227037538468,0.039437049768658014,1092
0.0022009338110648355,0.002513512284632716,926
0.0,0.0,1626
0.06180066980301646,0.04329028063496814,386
0.02608221240268423,0.02253324302122736,1205
0.006976312278312745,0.01494530001146904,1183
0.026966217602241972,0.03835303103259005,319
0.0,-4.8710883435531895e-05,887
0.03781256209132866,0.0170017890522342,760
0.031905880652902056,0.05060428424733862,681
0.0452337258832139,0.02322119641141487,346
0.11609009700586262,0.057847429164283766,692
0.09400101031510931,0.0759637228262326,304
0.0,0.0,1574
0.04878946288646452,0.011352333137554993,4
0.08120298860543496,0.03622721534893747,326
0.0,0.0,1642
0.020997472463583477,0.01740927867705097,702
0.024912197045827252,0.007190339009600121,296
0.023560352411540256,0.010160463017542934,1000
0.02538360908127578,0.00979213293751875,374
0.0988464060594773,0.0562893380308287,983
0.11170370439498982,0.02466511708546809,309
0.024624383149171196,0.03156659423678468,298
0.04777215836695853,0.03015479671456698,981
0.04270001235332544,0.04735194454600403,1156
0.01605594540085699,0.010758626965867843,1210
0.004843118167313868,0.0025880621944038493,1252
0.03435885885353284,0.013846224640001396,697
0.016783487740496924,0.006582927716324921,926
0.1060090749101309,0.03502673933981022,1
0.06171327653968825,0.020935574499305783,854
0.026881943949936617,0.025445829274373,960
0.042566680901857085,0.03228780786453417,743
0.10688576649796626,0.0337138425124422,156
0.14844299793705695,0.09423123926624836,99
0.11464842722560133,0.022922327275428332,938
0.06661041874218745,0.029980035225446337,320
0.0,0.0,1413
0.03307979446931243,0.029866165370846055,1132
0.17714810344785348,0.014519119592817894,525
0.0,0.0,1499
0.07056603190781294,0.012573237141048257,614
0.03189460655889469,0.018548477607049436,1443
0.0,0.0,1370
0.0,0.030623836312396853,592
0.014529658556329345,-0.006600342719075657,996
0.0,-0.014846209364733095,1129
0.0138491600521592,0.019800902734906665,936
0.0,0.0,1655
0.0,0.0,1404
0.0,0.0,1307
0.0,0.0,1275
0.047639762852293425,0.020010613752116112,463
0.08674104055175735,0.057247447147698874,427
0.03871071202391949,0.009658699755795403,689
0.037014261506136695,0.03200939286597102,743
0.10887832658572652,0.014266939687312817,509
0.07648664426477558,0.050542678216290264,1119
0.029530275347429066,0.02790721642178733,1270
0.06656023749579819,0.039450239159445816,60
0.0,0.0,1597
0.05263967811471377,-0.010333058041324606,498
0.0,0.0,1305
0.0,0.0,912
0.0023403664423677327,-0.003971652833120094,1385
0.031062321520714607,0.027073349415405568,843
0.08088368112701493,0.01427039822079266,575
0.0,0.0,1620
0.024838064135254228,0.024524071027661357,243
0.09863314707066004,0.005526542993632962,492
0.027294274688825088,0.04388819371843869,1312
0.002494651935971314,0.002660873744309782,1199
0.0,0.0,705
0.030459218746123957,0.023605531728274693,19
0.0,0.005894625072466591,1589
0.0849947543530386,0.040861175637804927,216
0.0,0.0,1493
0.0,0.0,1309
0.12687443215724126,0.018941826691785096,168
0.035636414788246404,0.02648896130609709,333
0.007121600928828479,0.009393010686231504,1153
0.015455903079876897,0.020824327298005693,533
0.06834049426303382,0.019879426010237296,540
0.06109161707978896,0.028685492195637412,746
0.02927113292722123,0.04251039307653172,1206
0.0,9.777764723768036e-05,1256
0.08322126476871369,0.02899483273372143,80
0.02405956705509822,0.011246402212854171,1165
0.09335299619748927,0.06414091926648365,211
0.0,0.0,1592
0.04941714399641346,0.01326007970562089,1216
0.028009990787245566,0.0020643574458494404,833
0.002366445144182969,-0.0007262294875841291,1638
0.035868331369437,0.03684418196558048,1178
0.2006991051517832,0.04501001950816629,789
0.07185038757560933,0.038728483879768155,631
0.06448500375873169,0.041797263235106887,822
0.21840786431377424,0.018379357706415373,510
0.05115481339987249,0.016894031879458368,924
0.030084314503576036,0.009219840116190254,610
0.014278901676852654,0.019756047257363313,1425
0.18656779694385026,0.021390424873900735,504
0.0,0.0,1318
0.20978524254482317,0.06423553782879893,126
0.016343763180496487,0.008956374717937652,102
0.1697853468522995,0.08488246325334525,82
0.11796570215255152,0.08251762938405684,714
0.0,0.0,1386
0.09455148715277509,0.010428890092051415,289
0.021730976663920702,0.024462383302503023,1191
0.0329789959603626,0.0359320052263847,774
0.0,0.0,1555
0.16487236478772951,0.05391852571194394,225
0.0936567180895749,0.05601907019783003,57
0.08452019684450608,0.03861297906283256,565
0.11185774060294379,0.056112945793103546,1027
0.0,0.0,1545
0.0,0.005406497269680848,1555
0.0537796213752076,0.03674913177946289,891
0.0,0.0,1606
0.006061592685981318,0.01570583009404118,34
0.0,0.0,1525
0.025372343526756453,0.007090730188519463,1142
0.054831465984785645,0.0048997105944886665,930
0.0,0.0,1327
0.10048735459814881,0.0509408014511188,136
0.09260516729858369,-0.006165351378679751,271
0.06708845005889223,0.0213030975349225,1073
0.0,0.0005586195413173698,1518
0.006657499115194933,0.008522310012988435,1474
0.09848764801908726,0.0059757796015803425,284
0.0,0.0,1323
0.0,0.0,816
0.025278863280787316,0.010401417114098801,820
0.01913181590227738,0.019107828292136385,1445
0.10762469422120305,0.058216244930141596,514
0.007375424993039503,-0.001069552508010906,1262
0.0,0.0,1306
0.1438812277655907,0.07688127311512598,143
0.0,0.0,1292
0.0,0.0,1416
0.07251685939409512,0.03369168725538075,754
0.06484748941896333,0.019705432282241104,1006
0.1951043467825165,0.12617108532830199,13
0.10036297967290721,0.02221725692134623,400
0.08707477289778344,0.030403059370287276,48
0.05767593762532304,-0.05090255552053668,188
0.0,0.0,1574
0.01830993228318979,0.03239107887069794,1120
0.0,0.0,1383
0.0996211774872567,0.055904493226355725,853
0.0,0.005233272391669017,1381
0.0,0.0,856
0.15066822665921234,0.04558200071550999,658
0.129228115401801,0.016316223380120932,143
0.0,0.0,1675
0.0,0.0,1395
0.018041041247417133,0.023169454690993713,1470
0.10432296732787208,0.018372166510690475,449
0.030975501016167497,0.014231360907161011,866
0.04542906096999071,0.035843068427975716,809
0.04204821778450242,0.02056266762711544,364
0.011348532706227717,0.012127453191204287,1450
0.04421515287440761,0.04522147698915408,425
0.0806542514823974,0.05436576647475139,517
0.0,0.0,1631
0.0,0.0,1328
0.0918116821015224,0.0397257939351305,646
0.02217173359285929,0.012318427263020905,304
0.0,0.0,1063
0.20545852346080948,0.05801068601781648,53
0.0343144985534666,0.018878614086273494,637
0.023983948031244852,0.021257886024849994,1139
0.14118027821859613,0.05479200392135817,233
0.011953057491952945,0.020468673499491385,988
0.1675074134932624,0.019476236994396115,98
0.0,0.01978473543058127,1650
0.0,0.0,1311
0.07140573891537567,0.014368229953800174,607
0.028549676799420394,0.024574709274880303,1135
0.15157050191021884,0.039905644470691046,218
0.10218945781899434,0.01118678722200244,462
0.011261466745941726,0.024965299805349075,853
0.06726026072584426,0.03194608398795473,9
0.03961686606860921,0.057980117136879276,675
0.0,0.003813075371908436,1407
0.010163853048257345,0.01420641010684003,881
0.0,0.0,1356
0.0,0.0,1359
0.0,0.0,1518
0.03513666558321378,0.010860353710567022,1045
0.0,0.0,1469
0.012733817555689577,0.00800470565028078,1171
0.09618463803328121,0.007467112560953103,274
0.05735526618452796,0.04023827194117082,769
0.0,0.0,1338
0.039628257271982104,-0.0008786303659767165,1177
0.15054618212111764,0.04776035182893838,417
0.059541593335983495,0.025535630957960118,539
0.07474325962652027,0.00044981718058043914,498
0.011571001351127524,0.023848543724953094,1098
0.009151366749988767,0.005222337161170839,308
0.025716405198475047,0.02681111498030666,634
0.05688299981084841,0.025928362203589347,1011
0.03115591926713227,0.03780804644632045,42
0.0,0.0,1454
0.02546747150537077,0.01563493989869613,1058
0.0,0.0,1604
0.014684943896058528,0.013023794639570574,535
0.0,0.0,1628
0.0,0.0,1395
0.061826055773192855,0.009369756942739905,652
0.13961697412356724,0.06982540534431159,819
0.0420373589837885,0.031706587612171905,992
0.01568173755638855,0.0030213525027870717,1068
0.0,0.0,1308
0.011281676155826613,0.009401792427436573,1245
0.0,0.0,1677
0.0,0.0,1587
0.06415869835175685,0.07422377430561812,639
0.04410246090298984,0.021157800108114144,615
0.0,0.0,1637
0.0,0.0,1327
0.03168073222608499,0.028340401531440438,854
0.007258137378140702,0.005650202198056256,905
0.18956999562099844,0.07224947505811553,678
0.1995776332371343,0.026136729133973205,482
0.0,-0.0004968341087427604,1495
0.009337302108275113,0.00540410140437152,1074
0.0,0.0,1619
0.0,0.0,1200
0.07856347781851859,-0.007655485524281555,51
0.009591575585363226,0.010473126174961793,1511
0.10486937440157824,0.0163722192550346,240
0.0,0.0,1663
0.0,0.009544524775499556,1598
0.01739606496402997,0.005539825589928718,1222
0.17731722292857716,0.02562555108414905,603
0.0,0.0,1540
0.0,0.0,1509
0.017311817520161796,0.017306215651160105,1048
0.0,0.0052860034128935605,1554
0.17483506483240863,0.01561881520602106,63
0.0,0.0,898
0.0,0.0,1661
0.03552973576377369,0.027310518925040023,319
0.15216476078442714,0.09352585436744962,134
0.034090028366743165,0.03206178793973196,74
0.018089549810254412,0.016453624783958964,861
0.0,0.0,1648
0.0035291935702235055,0.005863351368719415,1482
0.0,0.0,1466
0.0,0.0,1457
0.22263454353867027,0.0717331045140422,231
0.022569162412942004,0.03520249031867543,1295
0.017140974410923205,0.014407827093835826,423
0.019786058085335945,0.02342637178304259,876
0.01380361592504992,0.023456122700131064,34
0.040850049158452285,-0.006440398923074458,242
0.03327555366671029,-0.00035222845524122645,537
0.008919941659948976,0.004849155233172973,916
0.01261386900261482,0.019284055643186113,1098
0.0,0.0,1137
0.05684044770626555,0.021092968045872264,777
0.05229998588876921,0.048566632324423015,50
0.019746788501724143,0.01205143458445275,1420
0.01535493521910887,0.017316141667853818,329
0.03806009256912042,0.021930135618185426,1089
0.0,0.0,1532
0.06184820210130612,0.02443520753641765,83
0.1178522129593158,0.03909996540620438,791
0.0,0.0,1358
0.007566694554025466,0.008444915019449344,1436
0.1065156656167581,0.042187813178632294,587
0.14256645405929505,0.047497195978312395,196
0.11638616392165999,0.017785524131863285,401
0.021698353138680355,0.019562361436645026,903
0.005104673998442908,0.0072517644833105036,1523
0.0,-0.010587501543950195,910
0.027138533087268255,0.019093177724711988,884
0.0,0.0,1354
0.10260958630224505,-0.008962494190321848,191
0.1142555207068429,0.05524257721537123,16
0.03940388485897875,0.037915505830293045,1214
0.030160335599409397,0.021338975759311193,899
0.08668285763249363,0.03692510734477713,587
0.03221021094243597,0.014151414936752022,772
0.0003608522959277746,4.0298621431032005e-05,1288
0.07441160597958638,0.05269940218304236,12
0.005268879531344516,0.014921213851842958,336
0.06807462999115758,-0.005293343703072725,29
0.04753247359026207,0.030128817661785524,364
0.09081993775910675,0.026973949670777136,30
0.050169377598103346,0.022991274513112614,1221
0.014368582359002213,0.021504203336412862,881
0.0,0.005527706274822699,1398
0.0,0.0,1429
0.01980059644991774,0.010490953612096211,1225
0.023688138765761965,0.0053248764395292395,833
0.0,0.0,1608
0.02544911451311718,0.0011179103511307679,1033
0.14209793730686884,0.028405462882931106,123
0.0,0.0,1354
0.07051739626611647,0.015505648067708645,1019
0.021576668721909838,0.024360771165340897,111
0.04092904079028561,0.039494574167848386,726
0.0163928259562997,0.010043671999820362,1128
0.03824599717172686,0.04594187771216694,1138
0.0,0.0,860
0.0,0.0,1506
0.0,0.0006364124265090625,909
0.12042596279967643,0.0367377002136206,660
0.2001302518772427,0.03356909020786898,27
0.02480111222028349,0.01756078206475366,1225
0.0323489394008508,0.017614340025095047,1313
0.08213904080441521,0.013290644767410266,267
0.037793430626474,0.01701046611656125,644
0.031471093722056975,0.020748742637906836,456
0.0,0.0,1433
0.026818961688353682,0.01803499115376318,778
0.029719766218363804,0.016290688871443235,736
0.0,0.0,1291
0.12358901167600594,0.05088747620777777,596
0.2583277085805926,0.007543962573940037,356
0.0,0.0,849
0.0,0.0,906
0.044902980392253426,0.023594265110771652,260
0.022649797468847405,0.04359296301725411,361
0.0,0.0,1352
0.0,0.0,1556
0.16350483374913352,0.03994281408029859,529
0.0,0.0,1475
0.08848476936998627,0.04325171166851886,149
0.004954936784345915,0.014373575040430492,1278
0.04713433713222936,0.006583859310058628,1214
0.015632150006002616,0.01222360401885212,717
0.08179551986795291,0.021767189826050942,75
0.04091058862997194,0.007916661150168699,612
0.05015282293306818,0.028458534574634528,836
0.029855000196420164,0.002922967821578648,600
0.05144298095553999,0.012828229097269743,1072
0.08245321519724501,0.04708935598858953,30
0.017934794826983225,0.026808372089484247,873
0.10943316103630589,0.06670413672118373,464
0.00359484866564741,0.017791870640096175,1104
0.019190276346147506,0.0004241795541904925,999
0.02676530682683716,0.013152119156230163,83
0.10541674227564461,0.023511770705677174,53
0.02800921282141277,0.019301283290777963,845
0.07392867247308667,0.03694133538076751,762
0.07135797492721481,0.05328225678869849,420
0.030402285452198793,0.007257368197210592,1181
0.0,0.006415510753134832,1404
0.17646513861339289,0.09651985384420074,143
0.041536127273553554,0.04514873239234114,970
0.006390937817969161,0.009946430541353302,1140
0.01780348909164918,0.021258080145354706,835
0.03186266557350832,0.04375428570150545,889
0.04917942224741634,0.014370262037179388,840
0.04927816666547786,0.015487318790985818,880
0.014611087739774063,0.014209504514154002,328
0.023677083261847184,0.02245506987899787,348
0.06831991704744188,0.01123759248526856,398
0.0,0.0,1349
0.025230747276621973,0.035414023585777686,262
0.11155622084920974,0.07088305227229137,1073
0.08062878124812191,0.001095217308167484,271
0.017460111399155438,0.006183621022032859,1128
0.0,0.0,1237
0.18271609403976916,0.041462128928954504,478
0.0,0.0,1428
0.0,0.0,926
0.12233360400998619,0.05103821352575168,630
0.0263566704200254,0.029115254738934036,893
0.058240107610649995,0.007327307728186069,488
0.057796318762693207,0.02202463030219618,125
0.0,0.0,1514
0.14582762306300454,-0.0318823768552703,497
0.06000635942337097,0.02789448192672378,64
0.049587724430827755,0.03060064561966698,1106
0.0247374198485652,0.04443333011096493,1014
0.0,0.0,1620
0.036739293263809675,0.028785579349762083,862
0.05696184395992907,0.017090414095680042,408
0.0,0.0,1435
0.0,0.0,1095
0.0,0.00024350454325560518,1634
0.0,0.0,1373
0.04705088365339132,0.008755733160255397,60
0.0,0.0,1274
0.03599122046107988,0.01627159615023677,868
0.0,0.0,1627
0.012046688726332378,0.023390047338065732,1014
0.1034992346760082,0.019435489108912542,91
0.024427652638059627,0.02203856913799036,973
0.01063709550159353,0.0019975189921954376,1242
0.09186034734092736,0.011883053384037267,113
0.10695700058489493,0.0330435455164196,169
0.048826487095132515,0.029150324656748983,302
0.0,0.004075442529898287,1328
4.1017352942322866e-05,-0.0019489368389614251,1113
0.05866368086953133,0.02102305374093502,382
0.002130211840827498,-0.0007197656899493546,1470
0.04554753189065009,0.0313194958738456,621
0.07129675486984181,0.03466360952355948,855
0.07900963460629598,0.04139139046682153,467
0.004474774862096716,-2.907755957463067e-05,586
0.021126417862682864,0.04027488294886031,547
0.020934042715968933,0.02394868232500731,350
0.01502230907187342,0.02089772481663484,1248
0.11730370439663847,0.041859782549241144,580
0.0,0.0,1666
0.024143036858265313,0.019357408876105976,1007
0.0,0.0,1569
0.06372861197400409,0.0457385410457763,948
0.1446455755474124,0.07157016354162825,123
0.10154942769828586,0.04016593611671751,768
0.005472632721346609,0.012295842429305936,902
0.015428156706407313,0.01174970004471525,1231
0.0,0.0,1681
0.005003147419886616,0.0065365823445160485,1299
0.09745611239672117,0.021961517523057066,545
0.07350111417585294,0.06378846669456013,14
0.21988632244129805,0.04481173303737905,442
0.10320968908437793,0.018509198325684904,176
0.0,0.0,1638
0.015720935125256973,0.010813682598228822,1196
0.004560551957675085,-0.006092806604870355,1212
0.0,0.0,1143
0.08940263886463372,0.027874104924993794,431
0.0935604056258102,0.035253608903904554,14
0.030410900588336637,0.006591973570417491,589
0.05592167160550415,0.024370173918831145,399
0.00020012828514824239,0.002494758846651452,295
0.0,0.0,1666
0.02430719975693186,0.019790631219601087,897
0.04690296390306963,0.04903189748411373,253
0.03520394130359422,0.01787732868835962,943
0.12725298286111986,0.04531490404509219,519
0.02280928114666626,0.006223813178041517,546
0.030529316694786895,0.03247304868303865,1215
0.0,0.004075442529898287,1389
0.008033214232348514,0.006115092042366559,1175
0.03632036823996839,0.01527236863823609,294
0.06955661989020294,0.025188213586540657,326
0.0,0.0,145
0.1537006970595123,0.027463749230315658,653
0.018656616847609806,0.012578788172304496,703
0.04665652377668048,-0.012766198628500737,673
0.03779679670478109,0.002849351817240958,895
0.0,0.0,934
0.09698699824063284,0.02825290164787748,301
0.04909847842690536,0.052685673332517446,1036
0.17549603674972644,0.06405087540286385,1038
0.0,0.0,1174
0.10778521006227769,0.06041105793629408,1046
0.0,0.0,1598
0.0,0.0,1643
0.016132895510080028,0.0047030425696568765,1110
0.14678619194331805,0.05123465584235804,75
0.018478763912992472,0.016073918590017444,1426
0.0,0.0,1599
0.1571367121350964,0.006877876281071301,181
0.004955170146778751,0.03410910532133187,262
0.0,0.0,1668
0.0,0.0,1471
0.0,0.0,896
0.0,0.0,1370
0.04400333361224026,0.01199970939698299,582
0.0,0.0,1593
0.019150987323955225,0.03949544763139437,278
0.013166696825193407,0.013782754186705732,914
0.03606649915161795,0.016556391357386895,663
0.03599734448520947,0.007747507380944451,806
0.0,0.0,1200
0.0,0.0,1147
0.20876472223175976,0.05633292505747488,190
0.03491189688615114,0.03965434508129453,842
0.11141523130891404,0.0017628036843323886,658
0.08892206400330387,0.02421547427804818,25
0.000792959526565667,0.020998830393898948,389
0.0,0.0,776
0.012086101881689012,0.0007123037328251142,1168
0.02346004193733955,0.0005418022986921857,1078
0.05679958848692639,0.01197735556895581,889
0.19213976683485753,0.05645247708222948,745
0.021405217354646115,0.026599586613711784,669
0.0097060166493883,0.02073687824765422,564
0.10366794361335134,0.036891959489198226,942
0.15958632693795385,0.05222927706778059,791
0.0,0.0,991
0.021559366420335485,0.028580934676664768,717
0.16330271390530313,0.07993054975468032,738
0.058883981023216854,0.010197789312695745,435
0.0,0.0,1395
0.021525040476421592,0.007181449965124828,1272
0.099962948995859,0.06005303683562365,71
0.008654749856908844,0.017479550354931546,1021
0.03459288018236853,0.008028276385070674,1156
0.05067800508639438,0.009334078202544348,715
0.0,0.001461483545101003,1316
0.09022977939811676,0.07024127617724438,696
0.13689966999656586,0.05364876210504956,202
0.0,0.0,1625
0.0661075704541543,0.02498713078872618,801
0.05742218731499462,0.04341013610819918,588
0.0,0.0,1311
0.0,0.0,1338
0.015217316239771808,0.006933167583630711,1201
0.06095676199459331,0.013707124840062417,836
0.0,0.0,912
0.0,0.003991110017115981,1486
0.12662442880226207,0.006547716975137243,268
0.06929831889890568,0.020464823951589457,212
0.16416926941595797,0.06120560394597255,53
0.07280473979105463,0.014155113229201516,62
0.05536858361051123,0.027826192874232707,161
0.08370855924097503,0.07400335673129542,511
0.11387294195564307,0.014601253911991222,4
0.03107758616399444,0.018494903880332543,344
0.023659985950465597,0.02798142235764999,1202
0.0,0.004962495949679965,1320
0.0,0.0,1681
0.06338563676663031,0.018231361756225604,26
0.04357960306629131,0.05013275957569718,1089
0.12058632947369202,0.02892069316595753,646
0.0,-0.002743479026434982,1483
0.03872364361949248,0.011039811004762052,375
0.17850014748866083,0.03441708363403172,178
0.051493594479018356,0.021350150042833364,942
0.034797890175953,0.044386828350546574,105
0.18365194305153454,0.09066877962471596,596
0.0,0.0,642
0.0,0.0,1540
0.04058388873514101,0.0458356072811636,223
0.13626726447456286,0.022417228949211526,222
0.033045683655762124,0.03068660742666701,1016
0.0,0.0,1583
0.0866268037066912,0.049369108181113334,577
0.001083748674519066,0.026289418179807678,1176
0.0,0.004765588037716529,1368
0.16939085254621875,0.1313097489445738,214
0.014099642982202443,0.01630212767085316,1067
0.017160539658524303,0.026444265709532407,1057
0.029635197413541876,0.01959656189606673,979
0.06964058038124064,0.019964653793007492,789
0.012924463167022938,0.018686413283210246,957
0.07875433130450574,0.032940172694879165,447
0.006036925009431919,-0.001171756507504417,1281
0.0711419220219081,0.08172452308188784,863
0.0,0.0,1595
0.026692879620822393,0.03824103874789704,1024
0.043515120621771264,0.03470012779697562,609
0.09586009746529367,0.08852637524889247,240
0.11546497188835718,0.040351814714483694,549
0.15070225170309598,0.05877203359793877,447
0.0,0.0,1305
0.06567583961920925,0.014146478126821816,501
0.040531363986271,0.03279068606161624,241
0.0,0.0,837
0.07766456427890998,0.06098159285245958,762
0.07409481622020615,0.026858384613865336,372
0.024622455104393554,0.018882643146245045,1140
0.0,0.0045951640879016206,1356
0.0,0.0,1663
0.0,0.0,1388
0.00015838387032071622,0.011086218328436736,1001
0.08924768624906228,0.028579676803114157,1045
0.04370643954910188,0.022757163717031893,20
0.0008984722611054778,0.0001290599062124317,1528
0.14183607192380024,0.050224784950370374,264
0.012057653338447343,-0.004745167520682734,262
0.15935611553112838,0.07886328323467288,596
0.0,0.0,1286
0.00989370880246203,0.006205092739231616,966
0.035278457859064014,0.020294789249043165,1009
0.03390370151716664,0.015641858186245135,718
0.0647835277868332,0.0168286541220425,498
0.027273489226775062,0.022996130112538756,1177
0.06736498785650939,0.02096364092040006,507
0.06092032573694658,-0.040149467323964697,288
0.014512384875239943,0.03606753400401456,373
0.01530474028493764,0.02213217737042144,1262
0.012472257248717712,0.024361821986044595,1116
0.0,0.0,1236
0.08956871720392838,0.02382001512646601,366
0.03569984789629935,0.03027807134291906,637
0.019267482121750123,0.012838971022002581,757
0.039597226715167154,0.033309392799790845,736
0.023288612692090947,0.01790331366156632,1136
0.03119320631912418,0.01853956010880721,982
0.02827075582536823,0.027909842520432736,1125
0.019764538954194052,0.009889034513039428,586
0.030815907880701893,0.018180546798024548,682
0.0,0.0,1490
0.006423910160277534,0.008814927752161542,1265
0.03928309088331121,0.034859399513875323,252
0.061834804117361176,0.04874489867587406,100
0.02136368440160749,0.007075794386256943,725
0.0307912776287901,0.027285355824589557,893
0.02302966384032734,0.011254248279207535,1049
0.006496285212729867,0.013257112227900412,533
0.016401339874110295,0.008965867019706255,1146
0.007575827334936701,0.0032758651620635637,393
0.12731539271801884,0.06783624628921771,659
0.012514448762773115,0.043216947045529065,1175
0.010534540802294831,0.007096475097375695,1116
0.03987786648153531,0.02570225020064883,425
0.04875312644840434,0.035177782583937764,383
0.09329029158163199,0.0024214770663046063,782
0.0,0.0,1493
0.0,0.0,1617
0.1640019357493695,0.12894279748443224,210
0.01756416627521531,0.008989503789189087,1474
0.04218612772212696,0.017666007636360843,631
0.037085532861292334,-0.002182901983815963,337
0.024375345804535015,0.02369075165798153,235
0.033645486738739815,0.045563839577584545,638
0.05396664307710921,0.04894493633489863,825
0.0065757277829284365,0.015684508089920227,1335
0.0,0.0,991
0.028711956598843794,0.015286278534589318,1148
0.01648962103353597,0.004838511101795058,699
0.025079169033176443,0.04686459643138814,907
0.05633137681378968,0.031599792464282316,826
0.051837515782857266,0.0693710449222868,918
0.1377208746464181,0.04376865860363367,550
0.0,0.0,787
0.010461340969484928,0.0017849125117304406,1186
0.0,0.0,1308
0.03814789907610507,0.009295793688264392,1443
0.009327017296867319,0.006631936234033313,847
0.06599594654731444,0.02497075746142583,468
0.008043242426186509,0.013453057131290757,592
0.009849186831684623,0.009610181087056515,1179
0.0009625903398868997,0.0010055946030049713,34
0.09863690182420572,0.025073717926762783,403
0.0001607535969709717,0.019196816720231956,1107
0.0,0.0,1255
0.0,0.0,1161
0.12650901047204433,0.05375760926166251,609
0.0,0.0,1476
0.006823201280686679,0.018830852357301368,445
0.014316112022410085,0.015010322097276159,1159
0.0,0.0012653026701129374,1289
0.06652416907328486,0.022585850066717626,449
0.0,0.0,1185
0.20354941956965272,0.15929688750027546,259
0.022786394989508567,0.05229350182333079,843
0.09956076484248767,0.027095986568601,75
0.054748826107196606,0.04108102806848678,1159
0.014255141481474038,0.006644473576569674,1039
0.05003957490489546,0.011154475474541849,1034
0.040124143673492416,0.020173295387221242,1033
0.016184253058193068,0.0005003098839671483,1196
0.03208265721985325,0.02788775026867951,985
0.031287399303937966,0.0349124865980266,1427
0.05639235827953153,0.005013625160624248,730
0.06965271611103178,0.033081635480672875,1010
0.0,0.0,1501
0.0,0.0,1303
0.0,0.0,1383
0.0,0.0,1432
0.008164404842012779,0.01693327625258712,1163
0.057381584683716826,0.018342946386207922,260
0.05313129667847103,0.025808740720758512,462
0.0,0.0,665
0.05445313810452519,0.030167886487444978,767
0.0,0.0,1245
0.0,-0.002469493865143894,1350
0.03148965470830366,0.017426401319620612,328
0.06516389857459773,0.015164037665230994,607
0.0,0.0,1289
0.0,0.0,118
0.003406171769485524,0.0032622021568506025,1074
0.013467551593427433,0.011292128171818487,1276
0.0,0.006294400208805732,1026
0.20088639645200201,0.07584239690060407,143
0.06984699448987972,0.025811004004138178,50
0.07142056753816133,0.05264973420303784,929
0.011889135635115415,0.009509493782904114,1467
0.11537649251775113,0.045905479930125614,933
0.014677339759620375,0.012689527436619438,1114
0.0,0.0,1303
0.07503031698013628,0.04058058559000856,251
0.04774916381728092,0.05314006705805434,248
0.05331896675491483,0.011745420019009235,782
0.0,0.0,1362
0.0,0.0,1544
0.0,0.0,1585
0.06916774076816105,0.06396246685702577,1013
0.04586308005196363,0.021386822573791545,571
0.13720491825067463,0.04823212045188393,37
0.0,0.0,441
0.0,0.0,1492
0.0612491730831385,0.0692128608657704,291
0.14370629170029145,0.0159746576303991,428
0.043654182532104215,0.006433379777344212,891
0.08722883372543548,0.03282208692802119,600
0.10275787817130227,0.0036258446229405395,708
0.011342682413722997,0.0004673802663271571,1218
0.011629509105706667,0.028136980373048827,687
0.03969795166124051,0.007949923969348602,948
0.023072036279470614,0.02204844497533071,371
0.08184538932491028,0.05283266493227172,449
0.07873191886978521,0.009120497294458376,976
0.03238398575729575,0.01812338466993824,1207
0.0,0.0,1402
0.007536067931013747,0.001135508887629097,911
0.014212038934320334,0.014421197860411024,1210
0.0,0.0,1346
0.0,0.0,1620
0.01976985388015574,0.022720077877468166,1056
0.060282529200977875,0.020213543371676284,409
0.005123807958268845,0.010664205090220402,1295
0.08597645333368821,0.019151768184329277,468
0.13705700006660188,0.08695556882744931,28
0.026798340924162257,0.05352829802849108,1028
0.005824169668872265,0.011910549996994025,1081
0.029542388220232578,-0.002918758931563884,538
0.057360825865254754,0.034747003856087796,435
0.15816248348865006,0.04417484722986798,65
0.019518698423051775,0.014007408586464081,828
0.06519035542919038,0.05222645180221511,712
0.0,0.00043832036030712964,1668
0.06320337700884038,0.06322166518167309,285
0.028500291780155413,0.021181575526911092,742
0.12309205914456711,0.019271021875196415,434
0.0,0.0,1124
0.012499272518567563,0.02068007120798007,1513
0.13186143308537962,0.011011810121774645,433
0.0,0.0,1356
0.0,0.0,1652
0.07827840693593324,0.022943462489787226,468
0.04983667758141777,0.033891933105401575,955
0.029806355643139777,0.030310979891243192,815
0.012283862566822706,0.0025900594847327848,1014
0.06873709571035261,0.025936605195284262,927
0.05281702673117343,0.02194231588243335,220
0.07461997629491243,0.010040139415528915,39
0.04829317125964038,0.056786871361318256,773
0.0,0.0,1433
0.040855748919027816,0.004324130284093727,412
0.027923987472286197,0.001960571186700107,18
0.13088325046296817,0.08167514844339635,281
0.11131501926210338,0.07720140374040554,684
0.06883886746571867,0.03679395351634246,872
0.0,0.0008889918551294142,1527
0.12109841243264907,0.02623286875036529,938
0.0,0.0,1609
0.0,0.0,597
0.03038965055972428,0.010264512975934564,774
0.0,0.00040930435238028477,1629
0.0,0.0,1501
0.0,0.0,1311
0.07171573541762427,0.05602244719862779,454
0.15957347920350823,0.03165793447256131,135
0.11326950269159591,0.08713574343081057,641
0.08233235719015951,0.023360482220667677,1187
0.0,0.0,1154
0.05113210043126257,0.04405479285614663,936
0.0,0.0,1663
0.0,0.0,1433
0.0,-0.00013396329039650368,1318
0.1719362259948871,0.05028283448491144,214
0.022775118358191297,0.009520311660107934,985
0.024037891105623214,0.0036759881390510604,1247
0.017973839672880885,0.01622008823361726,911
0.17870208219072942,0.0059418796926417675,99
0.02101597060517854,0.044827245575874385,1202
0.14269090360596776,0.06710125539590711,503
0.056433008107321166,0.03203382361618106,604
0.0484552153481062,0.04363189046977318,122
0.05302260741610309,0.03723374093846641,814
0.008657645735861476,0.013191989152899259,1251
0.052317851695888616,0.01859206100800574,1443
0.08580836257372926,-0.0028254196132644536,1187
0.09946266149987554,0.02832503133680836,1100
0.0,0.0,1652
0.12825060691142393,0.04011087859443693,658
0.0,0.0,1647
0.02463040773563685,0.0127060240182867,1479
0.0,-0.0009730585669471437,1637
0.013445997085274797,0.022034928407177457,547
0.10778521006227769,0.06308291950794635,283
0.03510936441062637,0.009175016847094092,950
0.0,0.0,1385
0.10438951014620619,0.05510997294958683,595
0.0029227018094391544,-0.0024970453435553047,1001
0.048154657693007696,0.03237619893085118,880
0.034502563391918664,0.005156921378985175,757
0.03799502941683965,0.02370469640978206,1214
0.02798004710941666,0.015603512393977248,296
0.0,1.91428136977496e-05,1608
0.06444977793192318,0.0348641835785272,647
0.01571062190724833,-0.00039523313275912047,445
0.03590479415682689,0.017043801817256943,1218
0.09177169072066162,0.040167381617612144,32
0.06254343213412018,0.03616348819774364,754
0.0,0.0,1636
0.13207226176968587,0.045153038319267216,384
0.16421637659844848,0.044195189423432646,515
0.02065217881404793,0.04290378751903586,951
0.011395964570318717,0.004098690391582077,995
0.30145544794916207,0.12670384567939735,312
0.024667715546123944,0.01769218163530229,974
0.06286128266599215,0.013425070475875007,92
0.0,0.0,1384
0.0,0.0,1377
0.0,0.0,1570
0.015677345635278322,0.026217794607880127,873
0.0,0.0,1531
0.006594216038426669,0.007717528754217262,1453
0.15534370654230625,0.062315865089655975,91
0.02332110574344743,0.027546509871647397,276
0.0,0.0,1338
0.05510435955349455,0.03687728289119593,832
0.2487960169005784,0.02417796651609444,473
0.024022543767566264,0.037029978573501286,1055
0.0,0.0,1543
0.13959014280384432,0.08315281992992246,402
0.019111890653771217,0.007626851702423555,1448
0.0,0.0,1384
0.029572872588770168,0.01929810493108636,880
0.019084297529275273,0.016101578542712016,255
0.008558181412876696,0.009287023033121025,972
0.05142015379528863,0.025321726980991527,84
0.10697455350916155,0.031312084940805084,1477
0.025095247161374106,0.004338386288950425,458
0.005205663624397647,0.0018496390393582844,1251
0.0,0.0,1405
0.07280957403917636,0.03933657647953299,1477
0.0,-0.01786258614008413,1627
0.0,0.0,1635
0.10449792389533892,0.02122920102017125,93
0.07342001178832028,0.03089093794857735,1406
0.04508236753998883,0.04950899228873323,939
0.04075367751894465,0.07433037186433815,1072
0.027945607991575066,0.03280158144579898,1396
0.037264302572793596,0.024856390957367264,804
0.011220575264335154,0.020484616694755306,129
0.029673111317764032,0.01650132825714272,305
0.0,-0.0008047564913806907,1185
0.09523614417893717,0.03467296553042438,741
0.003714850734710826,0.007018865895535201,1374
0.10322288129284415,-0.02245735579559687,518
0.04303989574093288,0.029207153783580585,320
0.013820695012176622,0.0030372093563772805,902
0.0,0.0,597
0.0,0.0,118
0.0,0.0,1291
0.006864947496454832,0.0058714837466998905,1251
0.012925021422439934,0.020028126510097072,820
0.05021626534829438,0.025798977526359304,467
0.0,0.004954660453204129,1385
0.13071855735509133,0.02562646486863151,6
0.0,0.0,1516
0.1177017352931827,0.0026239830849566466,7
0.20651191896990242,-0.009532737078852086,426
0.0,0.0,1624
0.026862375892631286,0.02663396430007043,1016
0.02103324083179971,0.032537688632556884,915
0.0,0.0,1325
0.0,0.0,1512
0.12908947070353116,0.06299804989537479,470
0.01978964024653817,0.005751931778111499,1273
0.01492784187172759,0.010199269088551881,1017
0.0,0.0,1274
0.21398204136586163,0.06973592133023508,650
0.01927629194763253,0.017453687283459553,1004
0.0015353870540331513,0.0059640004812517656,1528
0.09588553645071642,0.01762858219989827,132
0.12524066327395988,0.03884333821632727,218
0.0,0.0,246
0.008153702625221667,0.008840873894005879,266
0.0,0.0,1449
0.06462556453963238,0.011666440723979573,782
0.0029765861534872943,0.015858655542865287,1488
0.019685349418525573,0.022527469052171928,1385
0.10429124986994731,0.04574470939502613,719
0.08418726601133568,0.036821252709039694,587
0.08227189145639617,0.07792453066396894,484
0.03186331282030843,0.020206853895185718,680
0.051760794224245565,0.01237125305811786,944
0.06644731550724894,0.010120981845988603,575
0.18809499035017854,-0.03556856714776263,193
0.07096367721815247,0.032657228544485536,1015
0.01659055793070544,0.01804032225453391,578
0.0196672978380443,0.035791712541626164,1004
0.10350470107557354,0.038602106297560924,422
0.02926414282639889,0.024859871279960595,852
0.08011539652890343,0.062442713281082904,20
0.04536128643906563,0.03247811099093501,1010
0.016069886388637555,0.02494623433082673,885
0.0,0.00010901922051339762,1628
0.021612268895600258,0.0059548120518283,1257
0.06959279550049711,0.007750362730964833,1100
0.014089989915062174,0.017947550325789836,1119
0.0,0.004592073733688269,1357
0.18667368881131738,0.014200560457217983,196
0.07335531184107376,0.05498321417336868,918
0.04936351197713217,0.01662615743997105,1049
0.0,0.0,436
0.16508064112934523,0.025465246136459577,193
0.2075563184746467,0.03016307353384292,524
0.009317612221036569,0.003990852388130322,1478
0.0,0.0,1642
0.010243768957631617,0.01352300706321942,1170
0.059281041962625965,0.03786715530402535,254
0.01823360772937714,0.00854265418656534,1448
0.16158869993948738,0.07618964279159353,123
0.06470094506428688,0.051436103554033503,720
0.006779217432711928,0.010770203004778746,1474
0.08418726601133568,0.03122068925977378,968
0.07677348255314397,0.04660516709739786,19
0.014785137573048926,-0.001808487056395077,811
0.05461818108346187,-0.007082520633249197,540
0.02346866570917476,-0.008302803168582597,1000
0.02418317921342453,0.00940283135659085,644
0.04324013235359151,0.035160818369437664,476
0.012047100276838753,0.02396218313041889,373
0.0,-0.002582367126862803,1318
0.12012714844114321,0.042097790672126836,155
0.0,0.0,1607
0.01594636526994769,0.03946383919028084,554
0.053756339783036976,0.014881592377288486,485
0.007272983017527895,0.0034046843438810446,867
0.0259001608000696,0.02442253756444085,1238
0.0005630094578734651,0.0026397286374078817,1280
0.028335855333423386,0.017798362994231858,1186
0.008737036461060993,0.0017688686377471737,358
0.11438693960614021,0.05718264956305712,281
0.049912629743427174,0.032252502439828724,606
0.12250143482771166,0.03579432915526487,151
0.0,0.0,1589
0.09639554328306334,0.01534899958401756,530
0.005253460935406557,-0.0004279156751142222,358
0.011796168334533026,0.0067221927451000885,1213
0.05511522625641738,0.009698735865781464,601
0.015777961112257478,0.00911522208827392,859
0.0861586380590389,0.03575884304417199,327
0.012043486308285363,0.017182223086842068,908
0.03552413427446051,-0.00408732224973902,330
0.17445069608552202,0.059317817548323944,503
0.021231467657395774,0.0022112972606499336,634
0.0658282380836458,0.01972258466788188,48
0.11863229804270808,0.06073672469315434,142
0.07535974885246863,0.014412688024054958,410
0.0,0.0,1540
0.10620134427865816,0.04322880313965861,54
0.08503084072638853,0.02900832111073906,492
0.01034580439965336,0.0027645316281493205,1116
0.13124892778569613,0.07564191889457639,392
0.0,0.0,1421
0.08799892751078803,0.032643864436528613,574
0.0,0.0,1536
0.0656174303182426,0.021836852014610702,574
0.05838350456166331,0.03703042107207639,306
0.028414085788511664,0.02598506766142345,1106
0.08329041054274389,0.000764205288372746,677
0.020065332276887893,0.02793564265365135,1136
0.014275890070671924,0.0026780860778943603,1450
0.0,0.0,1571
0.09209033660441074,0.006591342456883907,462
0.03526362048567719,0.045053036603990286,774
0.11090076914801829,0.08697503285843666,174
0.11364007986335496,0.029640898573466235,553
0.056641045282647455,0.0098370643802546,306
0.03791381424470105,0.019531460380423932,83
0.0,0.0,1588
0.043293771598356484,0.0307555536665455,561
0.015427427875705597,0.010076909204464385,620
0.015157351820395076,0.012210160788684313,1559
0.20050297670974052,0.11837104895875228,87
0.023889320952006528,0.049794149397598624,1184
0.0,0.0,1341
0.014553202894057019,0.02419395768338221,915
0.04465175486765503,-0.006442901709412336,550
0.14411014503265857,0.03156538693330389,442
0.18135833786783417,0.031244543926716727,317
0.031987825917176096,0.010415292243594812,1003
0.018554236670339133,0.034709241993056576,763
0.017631927635149834,0.01712336100533499,1343
0.0,0.0,1626
0.0,0.0,1233
0.0502179187416596,0.0066559762702162505,1123
0.00907747292095943,0.005972314880172642,1257
0.04714362321132942,0.035797596757756664,77
0.028148711335414592,0.024484651391747648,1164
0.0,0.0,1515
0.009297547753817905,0.011420475358808767,957
0.0821268535782804,0.028778030778534417,3
0.012343653869378359,0.0067516278745580185,702
0.0,0.0,787
0.09273591366350863,0.08394528394291026,219
0.05129005457859565,0.030366136054123364,369
0.04831577406730287,0.0007815029412121795,1019
0.0,0.006668520912969291,1570
0.0035471185058526494,0.0034218237053941997,1023
0.06150223971212781,0.027036579267876046,720
0.0356138258307343,0.008065865455734907,1248
0.09640978211071798,0.017859226469330573,404
0.0,0.0045084908788018616,1580
0.012375459167703558,0.002581063428798694,1084
0.0,0.0,532
0.005434587303154464,0.004093458671508074,625
0.007089242250447177,0.01039713735823162,586
0.026326633749272358,0.02493781347213329,744
0.06374614419350694,0.01841890592977364,502
0.0027986810041277684,0.0029719375745406464,700
0.0683297412049761,0.008221021629989902,548
0.042076988035405445,0.02228261699504181,697
0.06817312061907414,0.05432660466126152,150
0.0,0.0,972
0.0,0.0,1452
0.06489670333029485,0.01852997306343466,272
0.0442340988092051,0.010876270640969282,455
0.04307838611229025,0.04148259768177718,464
0.016951529554187793,0.018045507971730483,1179
0.02936517327764071,0.02579238388945539,499
0.10811699918649184,0.02998843530625618,316
0.011410338030626728,0.018938840033069,1479
0.15334729226924376,0.14614765248351727,287
0.0032506955246471183,0.015976470807657142,1213
0.0,0.0,756
0.020056123514524026,0.015324993574728213,869
0.12343639190567533,0.05347482833873245,590
0.17911283763272035,0.04444802124143022,196
0.0756130896030779,0.05266228685415281,391
0.0719514861622289,0.017012516156694135,711
0.13147480962602448,0.009986096411615512,315
0.08696473971067348,0.057047189882197306,100
0.04200162523309791,-0.038948871289428436,288
0.0,0.0045084908788018616,1581
0.11807861646686844,0.02577513003402477,128
0.07862068978540236,0.030293761313423918,268
0.09286207266431469,0.015756569650935887,24
0.028277093351690277,0.034276021187496605,752
0.10898573699783873,0.09840851338828256,120
0.1268984039361067,0.08108882823403722,747
0.01122481846665071,0.024701045146700382,1175
0.12565134621006918,0.03999944250995926,664
0.02918388181840051,0.0026974528995055637,1022
0.024750259182481797,0.028100091806224674,399
0.0,0.0,1605
0.14220998780490138,0.05193281355990794,117
0.07275543447753642,0.006002099488724778,947
0.0,0.0,956
0.06321197028727644,0.0210318509380881,548
0.0,0.0,1063
0.05043816697258861,0.04519691002177216,286
0.0,0.0,1451
0.0,0.0,1289
0.05395048046725101,-0.001996272544526448,944
0.017743513661832227,0.021494697532415133,978
0.0,0.0,1395
0.11736376409616976,0.07659416675732926,420
0.09564891202014267,0.04685972272333278,511
0.03795951769030964,0.057383063031859964,74
0.04939270335758152,0.06769169228226023,923
0.0,0.0,1605
0.04907217108593594,0.041350934132224224,425
0.12933617310781328,0.01828140293506154,207
0.18765089592026982,0.061567838084264255,181
0.10989662505089343,0.055606693568525385,1132
0.002180503855755838,0.0008554819638367589,1539
0.03985558285399162,0.007557199394691109,1012
0.01869731247333206,0.05515852704114648,347
0.0054884839682191435,0.004844131151237685,1299
0.11113000686135023,0.015484628116098438,227
0.08023936799536013,0.09373753621611638,474
0.0,0.0,1386
0.029281790452672728,0.02669561661451633,579
0.080449589010908,0.02372291081984961,941
0.2510027652123597,0.020645664208668774,653
0.02188116003613486,0.02014245271919977,806
0.04319982117114666,0.00690123179374415,583
0.022763231847999044,0.011033924809627838,908
0.0,0.0,1331
0.11205646847784498,0.0487711708070721,175
0.10736360853494892,0.09221555283230735,339
0.09575336741807276,0.017217986044648286,788
0.001865406585977262,0.006665875651828145,1538
0.10997013624247931,0.004456084845691831,691
0.04853372321832673,0.026668361217497542,1296
0.0,0.0,1245
0.03178792745954301,0.015638579600559224,920
0.0,0.005894625072466591,1574
0.11894234896049673,0.011529759213726617,527
0.07131157415063943,0.019424695580858513,607
0.010437930143173447,-0.0003366500082072716,564
0.0,0.0,1429
0.12036715675392946,-0.018203186595523536,230
0.01991406930491727,0.007846592885684732,1058
0.0,-0.0003320051780975561,1632
0.0,0.0,849
0.013967072918265254,0.017848035611973335,111
0.002028040824366117,0.012560158337322113,1086
0.0,0.0,1292
0.12074522109200313,0.043732233828670884,217
0.01254701389681017,-2.367418034953022e-05,802
0.07328680003670607,0.05214727123071081,467
0.03154915276935968,0.03186787719263765,459
0.026724387809494484,0.014835055298709968,970
0.04077983634166442,0.021268242769513883,693
0.05624802865295599,0.027388124804331983,764
0.08373729253875835,0.03378576295550262,651
0.04025483384530317,0.01598111659939084,1436
0.1275809715376649,0.03587477118481832,241
0.0416046842920941,-0.006813079429679814,962
0.10637225052256272,0.060059428615979876,332
0.01938551700784748,0.0031757738433330625,996
0.03373939318852764,0.01996261752097095,556
0.06716549348923129,0.05283824139496818,13
0.047113226316358156,0.038463692651573546,670
0.06411512757167348,0.023187812793236406,807
0.008322421967328568,0.00887475454305672,1092
0.09486822512460841,0.047681378827576545,468
0.0,0.0,1662
0.007878210604739632,0.007618468610681091,850
0.0,0.0,389
0.01035772723093001,0.004998653492058292,36
0.0,0.0,1663
0.08877001556463036,0.012493096624550979,280
0.16444904779824615,-0.05047533824869747,167
0.0,0.0,1484
0.018179153775325634,-0.0028765457244050857,298
0.003984350494286182,0.0037457221368200812,1355
0.0967573095793361,0.002655435953795406,76
0.03375984099992481,0.032043538058516945,943
0.0,0.0,1161
0.06818960660895272,0.015701985183820176,930
0.1256424257049419,0.02911756302162712,477
0.033680548227624584,0.0724506160934252,324
0.001372084695701501,-0.004101295956462273,860
0.013291828767032757,0.022236268215821326,1055
0.0,0.0,112
0.0,0.0,1428
0.060693801749372084,0.025145539160234927,899
0.10573450562881646,0.041936932924373366,1
0.017238456778444936,0.02199601026557044,1162
0.023412193930690012,0.01940256417110076,1049
0.10892963977269193,0.03573578237633094,799
0.0,0.0,1145
0.16945592441316282,0.06347342191162937,654
0.031259658876297405,0.009103632872300805,974
0.0,0.0,1505
0.10850092009432473,0.02283910278697654,44
0.0030237016810966233,0.011323544666185256,1520
0.11821678276506185,0.08422518101867897,300
0.07980035963513765,0.04152330017819398,549
0.05758266760643833,0.05695566623579626,674
0.06469746639410869,0.013710642531246637,290
0.0,0.0,1643
0.0,0.0,1557
0.010184090104784764,0.014469188472121053,1264
0.09384144473290859,0.014378785180291039,53
0.005165218541850418,0.014977979100674435,592
0.0,0.0033127276560946254,1197
0.11565942534109504,0.06556048151732227,132
0.0,0.0,1331
0.030693247200664305,0.026585009049171146,828
0.0022442806119129253,0.0015933174955808187,1170
0.0353145074846245,0.03437999096209828,414
0.0,0.0,1568
0.0,0.0045084908788018616,1565
0.02363019340603749,0.019424278398889435,542
0.0,0.0,1357
0.0,0.0,1521
0.02082473725626912,0.014028498590752109,421
0.0675108107546001,0.0196032972532947,643
0.0,0.0,359
0.0270785708354761,0.03425303216921656,333
0.13099781528193816,0.02671557845505174,203
0.022029476865481692,0.024005786049815014,879
0.06955661989020294,0.03448474956942387,320
0.0,0.0,1525
0.1575692693972529,0.030044649907827865,189
0.1446407002851609,0.007812047443437102,62
0.036623444354640204,0.01308115946066478,1152
0.1763326848854599,0.007869382997853,708
0.0027926331354294447,-0.005398403580691549,1614
0.06157857377925364,0.021858391966759712,170
0.01093485770250812,0.011986399704001043,1092
0.02276694645064868,0.018467508077827658,982
0.05354502061283901,0.02043983884844132,1102
0.06862871961139806,0.02280521692787129,819
0.06803901860235624,0.01627922580804372,385
0.060366101391256935,0.04139589630620558,1178
0.030445287238356912,0.031186197047436318,261
0.0201852426981485,0.025634644308903234,973
0.0,0.0,1407
0.11747423090096361,0.009280748842912377,660
0.18896914424587188,0.02731029992615779,653
0.060590328888424444,0.03270887270114182,761
0.02875586496403685,0.03061684529176163,1088
0.16403615511099576,0.0677024118225063,565
0.0,0.002204138833193025,1343
0.055655256508099826,0.03602673015043419,572
0.20652859909226862,0.011309706834724945,426
0.010332774592597412,0.016389589368419406,881
0.05067452573051649,0.02538867916828292,814
0.0,0.0,1619
0.08898821812947588,0.014314010211330733,709
0.03451648380129097,0.013306753410204148,569
0.1173299758806059,0.02133224358452216,796
0.0,0.0,1437
0.0410324488751938,0.05809427227929381,291
0.07410545591134979,0.0553901029038345,520
0.1888665771461084,0.11163582519604544,124
0.026180324922704126,0.0070820508437840135,872
0.15064775113111892,0.0444175723481719,650
0.040323734282340304,0.03936781779125083,106
0.0,0.0,1585
0.20962324583133402,0.08395857152977755,653
0.0,-0.0007094166113770471,1458
0.0,0.0,1558
0.0,0.0,1655
0.0,0.0,1665
0.07342149141054409,0.016465906643826828,377
0.040615876590713695,0.018942383876199134,889
0.01417605384809787,0.009096773127293336,697
0.02693975840465134,0.028771648880616785,1070
0.0,0.003724097360837967,1587
0.018452777415902576,0.021265024459308904,1087
0.008887692668492974,0.011088860771338515,957
0.0,0.0,1256
0.11053661459241572,0.012100443679897805,187
0.007538244672341018,0.009182429461157727,1074
0.0,0.0,1462
0.025111510344246083,0.017782202111497114,1591
0.150147176886725,0.01053532895285433,526
0.0292939681170942,0.006088027304956521,699
0.0,0.0,1293
0.07534900663252256,0.014430109063720315,632
0.0,0.0009077675856743638,1377
0.028910435765055777,0.012816600749879815,942
0.25337764788242656,0.03998445923125139,526
0.007220256143779578,0.01050997884541918,1299
0.0,-0.0032088004096466837,1322
0.03704694456184751,0.02682293702210592,694
0.0,0.0,1409
0.08681701888395232,0.05711755128568228,841
0.004308888112628655,0.019921085041717558,246
0.032589970294607355,0.011417038631731323,920
0.03770304810787486,0.018633299472966325,1296
0.02047742409038882,0.007910955696034328,578
0.0,0.0,911
0.014288162968965318,0.01041328539639718,986
0.11076454524602697,0.05266075671239811,80
0.20316478829579038,0.08078408858284486,88
0.02036048167114717,0.0010945633595115677,1196
0.0,0.0,1662
0.011265083568096156,0.0030469483157800686,869
0.0,0.0,1481
0.0,0.0,1621
0.029511829083605595,0.02078863730108021,1224
0.017827711455206605,0.04106490488793502,871
0.2168257574487425,0.06460760690594182,173
0.020982204925657482,0.013383555906808599,1205
0.03504212604339204,0.015915898871511163,536
0.08675142752081251,0.03161048665301152,366
0.03432534938612696,0.015337696711370958,463
0.06819972765614517,0.05276410592013128,283
0.0,0.0,1653
0.029794458313645137,0.013894585698592065,589
0.06863680809980723,0.025586396187489112,170
0.0,0.0,1463
0.0,0.0,1613
0.0905139123361172,0.022917701281919448,151
0.01583305545407826,0.011753789996591824,820
0.015027532409673383,0.021712117138145463,1282
0.04321528294166556,0.012889606096073059,920
0.05253792430815814,0.015826499029324988,64
0.008814375327375496,0.009914492718965417,347
0.07367864729352322,0.035009247325724614,878
0.012195182993199183,-0.0004742843030220306,803
0.0,0.0,1428
0.0,0.0,1590
0.10051945851626415,0.06496307591402986,174
0.00436290660655557,0.0054429031882775765,1311
0.06145558520826036,0.021763238691677046,711
0.09153156040658632,0.03192666305001652,300
0.013673014152496235,0.024155888631663236,1374
0.015148164408175763,0.026684260008064037,1165
0.016880666242419812,0.021304207446329267,690
0.018934464025579762,0.009792502583218942,1142
0.00603415304099506,0.015041085229413501,1312
0.20006461062343453,0.049586210270494126,97
0.08581058169294799,0.045176480414023445,641
0.026632593001129645,0.01805854245219397,1009
0.12150448390108398,0.10471695598210339,82
0.02084534878220697,0.014986431211658028,690
0.2351903986811471,-0.02440822396143942,173
0.13427601557476576,0.008912987816686205,519
0.05522118883578852,0.05128339613665256,947
0.03169683546871504,0.03957913208176407,261
0.025651670994832076,0.010848987947358944,897
0.0068172513144400555,0.024863284487622535,352
0.03078121420510633,0.01635028692796962,1047
0.025271700606538224,0.015963908078310645,1060
0.12175469611607012,0.031048238725904877,120
0.011427577063121249,0.012703961624955445,1017
0.0,0.0,1540
0.06596127455992654,0.0290009519603527,684
0.012409815207739167,0.012578996026551943,1614
0.0,0.007557143838663691,665
0.01912270956169344,0.011340326024137924,265
0.241565456856466,0.06347628112510038,526
0.15070848588356478,0.029330860699141856,187
0.0,0.0,1674
0.0,0.0,1129
0.012352822715235703,0.02785999158251555,352
0.07539573757301737,0.016354927632469787,684
0.010905852147374795,0.003464295154732147,902
0.0,0.0,1483
0.04279779954702594,0.02240347373065632,976
0.14162609272855978,0.07357482568600755,507
0.15200051266352332,0.02849164028813426,527
0.019149332520818487,0.020302462876334568,831
0.07581576211319994,0.02561254907188812,1043
0.0,0.0,1666
0.0,0.0,1373
0.04614955040159749,0.026394202497040147,326
0.016015730351993766,0.01744709664715371,1400
0.0,0.0,1442
0.007386882424250747,0.01541277335944492,1246
0.16966940547356646,0.022798496358666626,186
0.0245054370252269,0.0070975010196582325,1132
0.0,0.0,1348
0.06510337058257414,0.019077077864611523,58
0.004054878837889939,0.01273219969493651,1126
0.15967010892554837,0.034676921209598775,316
0.025590878520522702,0.033845081558869304,1159
0.0,0.0,860
0.09213795281540244,0.05115665843277378,581
0.0,0.0,1330
0.05416436706962066,0.012116164792638858,220
0.18886488376438915,0.0014362979642520337,171
0.0,0.0,1211
0.18174688409334183,0.05614360706692331,94
0.0739799599594906,0.023749241908369186,80
0.0,0.0,1505
0.02999256330224615,0.027470500670654163,874
0.024129244042023927,0.02091771595480668,1231
0.2139820413658616,0.05266501694206986,180
0.2984172197352612,0.11980047020721654,265
0.02574635627398125,0.012375812947661264,1088
0.025589290444211925,0.02808443330785914,563
0.03263296193104937,0.02475306110890122,718
0.0,0.0,1426
0.02920889131961966,-0.0009089723175363701,841
0.013833543024707249,0.027181695104529186,453
0.11711128394535014,0.07442307365441783,180
0.08056590447212056,0.1183349949769984,270
0.0,0.0,1319
0.3406050989310587,0.14248391063426927,171
0.003117780286205013,0.003201702977946471,1254
0.039327173106179454,0.021087612189427812,521
0.15180754177089284,0.02600257189206776,1046
0.15545870453070096,0.028538979520595826,203
0.13094893467489865,0.060095207341577854,204
0.020627979601634514,0.005431676641770759,949
0.025225536705035276,0.02049499571955834,1141
0.02078608479506341,0.015388043329161466,1135
0.0,0.0,1600
0.06624551515697641,0.030719466667428356,45
0.0,0.0,1644
0.06797274530273462,0.03298805754792511,651
0.006970072386971291,-0.00032329120516564084,1180
0.09325100280900647,0.025262642446857712,651
0.09280549765421627,0.04885400036063917,300
0.06220198068656072,0.011389122121603172,1247
0.0,0.0,1639
0.04109259967541833,0.024219581240902784,1056
0.06122502151184836,0.012419305499471178,485
0.0,0.0,1562
0.14211048481925853,0.016676875564637008,28
0.11289989763815395,0.054057196785755664,707
0.17195377456352678,0.0444773616996947,473
0.0,0.0,1493
0.0,0.0,1661
0.01931605719083189,0.0029126527597241295,1282
0.030911299250357686,0.06127419008862197,1011
0.02845196671402985,0.02234566907172544,625
0.0,0.0,1490
0.10407001414234349,0.023244067529577885,25
0.10848254561409826,0.023254767087466238,144
0.0824074697328887,0.042957979894859485,454
0.011776207316830826,0.016947141738200812,1502
0.08104407977235398,0.03424900222073772,632
0.0,-0.00048215476724111883,1663
0.0,0.0,849
0.0,0.0,1245
0.036123777885492835,0.010757355709405645,550
0.24569184319764428,0.019651776220877878,173
0.017442515434026865,0.0020718041624997654,1272
0.0,0.0,1596
0.0,0.0,1589
0.12416821207404845,0.04733338230265261,401
0.0869299599002847,0.07493236734763814,69
0.061557314641856244,0.013012416676841384,645
0.12050196633501287,0.05111767736979428,707
0.034408036921930375,0.013316737254673113,800
0.0159587082628133,0.010592007375229865,1276
0.02542484748184074,0.004490308319710287,1247
0.048458335761923994,0.028478233045434145,346
0.009642520087106988,0.014075100820690674,1396
0.047306351946668386,0.012798870639530169,560
0.0,0.0,1237
0.0014510955936838721,0.00493170021859733,445
0.019019226673727248,0.017837843146902538,947
0.17429252697471564,0.05661752496847449,510
0.03759111164559593,0.03218295831921999,880
0.00781855005317918,0.0036956997906196732,1074
0.022233817217559217,0.009300780921018461,1530
0.03150952205859392,0.011846011742272268,703
0.06383398580405036,0.006190717062455863,224
0.021145412553805528,0.016186034266359048,1206
0.028527169252558902,0.010797910804494411,1135
0.015506650764606595,0.03277823214766726,1001
0.04408370220225487,0.01647844952492908,1144
0.0018872482453609117,-0.0033520659101363335,1226
0.0,0.0,1569
0.0,0.0,438
0.008254532078237979,0.008537867342327652,1396
0.06510354297938019,0.0394211301967887,162
0.04090685711447283,0.019877655451039526,836
0.018537387019272374,0.0255386519237874,871
0.053332313386085926,0.009411277515333273,1034
0.07056207034609509,0.03132464638375061,110
0.11297306990274075,0.029582029515357752,692
0.006548092390869457,0.009985963953848145,616
0.08884251716172442,0.039967626814027976,962
0.022623215460413577,0.021858339629214116,1140
0.05956799778101247,0.07021484351354074,383
0.0,-0.006383508494667407,1421
0.04880147534578959,0.03845398872503677,100
0.0,-0.0005482530048314733,1435
0.0,0.0,295
0.04945250070751704,0.03634066957740581,1216
0.0,0.00695114118365802,1557
0.031957189140778074,0.023585638493449766,689
0.05653061281884248,0.022631980303168407,462
0.09958372854017582,0.03173618099409498,38
0.07700167473185042,0.048233105085564,493
0.07735266600440628,0.05081460543444883,987
0.16959284529687604,0.09222969396417742,154
0.09315334413901062,0.016601510187636247,605
0.0,0.0,1510
0.10871810048224499,0.12066090808543789,339
0.1286479694839462,0.09943658942918247,283
0.06475547488550361,0.042672057184073145,269
0.07916999671073903,0.03196070323966537,767
0.0,0.0,1234
0.17124424069899086,0.09761520812641042,664
0.02647561077366688,0.019498160122924577,388
0.0,0.0,1501
0.027265672979676872,0.006224142372273242,952
0.018336465965587297,0.012999432889313699,349
0.02293886997847233,0.025059044390351146,1020
0.0,0.0,1362
0.047780410656398396,0.020302513516772126,1455
0.0,0.0,1113
0.038178840888432555,0.020909268472054928,444
0.021748257221059473,0.02559687323192696,1196
0.0,-0.00043057407428183494,1304
0.0903925022668182,0.0006294671285737696,1073
0.12569479689048849,0.06053403693277458,299
0.0,-0.002962312929983569,1543
0.0,0.0,1280
0.11149774890631306,0.03521165418017015,500
0.026134196947290123,0.008830157235689393,1205
0.0006188986832845525,0.008600723081476245,1414
0.004750322348205429,0.00380364686566564,1173
0.0,-0.0016794984923497725,1289
0.009821773942044948,0.00499423458805046,1467
0.0,0.0,1234
0.10266210626160427,0.03363225144071706,596
0.1351756755183603,0.048161801537236516,707
0.02609743782105727,0.036912214691149824,1152
0.020973610941882513,0.03904535561727881,1206
0.04935390799815606,0.028107246273862522,319
0.07832791954294373,0.00179181433028919,29
0.021272158751447067,0.012988714462996197,1114
0.06384835289186637,0.04370381849804396,470
0.011665224424245202,0.006412433847124461,953
0.004453061599755844,0.0005423912154717518,1530
0.007063339151150994,0.00179075090697403,1474
0.014642787182653709,0.02080246437091222,255
0.0,0.0,1392
0.00476751296043129,0.004264884091164263,1375
0.0,0.0,295
0.0,0.0,1236
0.0,0.0,1452
0.12851115634980434,0.014692832959747673,515
0.0,0.0,1269
0.021519289712784537,0.01387638529948893,1248
0.03452276390338207,0.016786856377671244,636
0.08411559623224447,0.042575074823625686,549
0.09248312395856331,0.02974719422582146,805
0.0,0.0,1606
0.033533962469949684,0.030116441359199022,1064
0.09096060077963677,0.015621829757418002,1046
0.09164092807357027,0.018275929657851183,44
0.0,0.0,1610
0.029443844459689516,0.03207703417143921,1136
0.010738684456860588,0.0020440171758899723,129
0.05298523799266912,0.05379556140556774,1011
0.025197185032694042,0.01760908597085604,1225
0.03143680196166762,0.014412330905305746,623
0.012918698764855484,0.008641797468623875,1530
0.041393803049527285,0.020160069811981107,1182
0.0,-5.331569130469869e-05,1486
0.021856704892963236,0.026486088327013796,666
0.0,0.0,860
0.07912205176503709,-0.001427937452279507,657
0.02098633418133003,0.026861632169183462,137
0.0,0.0,1126
0.0,0.0,710
0.10765449584348132,0.02686673247608076,189
0.05589837962350334,0.05527272159897026,60
0.10009699168830698,0.015828932347704352,761
0.11383036937914873,0.031134231216116783,434
0.0,0.0,1635
0.0,0.0,1376
0.02287145527559159,0.027993299823556413,1165
0.0,0.0005864241478154287,1360
0.011184681050229142,0.010596472831505478,915
0.274504940926143,0.026402320425712198,656
0.0,0.0,1626
0.11759087131385183,0.03081457940201565,398
0.0026063389794293277,0.006076309489252634,926
0.0765755780023077,0.039025298136895266,1227
0.016375446830256338,0.005210973983343032,915
0.051917165527213795,0.028764135889141056,615
0.11496955836491679,0.044679371388836465,471
0.02628152492836576,0.006849417706332591,1106
0.015709346502243763,0.0038948258581494514,1272
0.05153308819265139,0.021518265626075696,376
0.027698572924207538,0.031120278524725643,977
0.018495207736514946,0.019110478391398067,1055
0.0700349173290333,0.0005353770963671344,25
0.0,0.0002365989679028387,1329
0.031359666201358195,0.028976872403143235,610
0.028042375701961962,0.02115208854912476,106
0.02887946614651339,0.018458824860386015,644
0.03229470909573637,0.012539110793330715,875
0.11280877278514323,0.0631476932902166,626
0.005219528175359684,0.003221554047740394,1023
0.058024606085740005,0.02576161606047757,846
0.03080352896861789,0.016373327807373498,323
0.06820041990424557,0.06303439649235804,779
0.24249568134293237,0.08706176600739449,653
0.03933614987166228,0.05023078994671903,878
0.031682198034085896,0.014187643645520463,109
0.027368201565258276,0.03753627401524666,1229
0.0016785172895098727,0.010533967579982508,910
0.027090261955645758,0.018278827317133386,817
0.0,0.0,1610
0.0013443467479625298,0.0012405519565021964,532
0.15114147960963978,0.07882998402051948,152
0.00954663629692615,0.0072679896050028715,114
0.0,0.0,1611
0.07373621727637919,0.038583357569021565,212
0.02296777833761594,0.02667679761239525,1290
0.0049886531326346194,0.000906840313219538,1189
0.08936584012338442,0.09410778916992518,108
0.12382255463775123,0.06832961759925002,24
0.025616936536719,0.02292317065275773,556
0.0,0.0,1627
0.018158889012618997,0.021088983507900314,129
0.0,-0.0009730585669471437,1636
0.015534692657203832,0.013519673532607088,1427
0.05707320776184662,0.012722128415457076,601
0.030430892356792,0.03000050527902834,840
0.006563363367427588,0.01255760574657907,373
0.06489991128180206,0.02198317455130711,754
0.03934216894080631,-0.00011360272143844033,541
0.0,0.0,1592
0.1105568522498037,-0.014028357283476704,10
0.018216987437274082,0.0074788443775273905,949
0.0,-0.006335995716459389,1534
0.0,0.0,838
0.0,0.0,1590
0.0,0.0,1317
0.0,0.0,1608
0.09801773334032592,0.06036138512477088,451
0.0,0.0,1596
0.008390742552109979,0.017510143489355524,1245
0.0,0.0,1495
0.08983737582605447,0.04562853792228192,630
0.04096935298142297,0.021806174922511124,1214
0.0,0.0,1432
0.0,0.0,860
0.11239998560856758,0.06399557561583309,1027
0.07590792822677461,0.016999390689714605,724
0.06238885111590271,0.054635133512938736,297
0.0,0.006223002369025488,1582
0.006589999598494074,0.04077410802839102,1176
0.0,0.0,1675
0.03450966493118299,0.04360540868758957,1169
0.023793556263236103,0.0059788559898838545,374
0.0,0.0,1669
0.0,0.0,1286
0.08541877931871686,0.03186899364370366,1102
0.09576542386161654,0.03290833799045615,13
0.008670858423531618,0.015062622425994527,445
0.0,0.0,1422
0.030928959669258765,0.02707233220230039,1033
0.0,0.0,1470
0.016021278797237515,0.0029884723683020684,915
0.06731216969709333,0.027130541747185676,925
0.0,0.0,1631
0.028824467949709793,0.005825396334303612,1048
0.03658565541482795,0.03598267375537851,1288
0.07583192545589224,0.06481816642904237,557
0.12021155238566106,0.07407860089416113,80
0.014749689633290193,0.02113565409693582,578
0.0323571272314425,0.03410106335872217,689
0.1495286207176539,0.021954604461981945,61
0.029091944848663717,0.029053183329120314,1257
0.024210773915936526,0.010482963524848456,744
0.02505277111211765,0.021702680470653036,5
0.0,0.0,1618
0.02898770364659645,0.03023857665683557,396
0.047340158574791597,0.031051859080355602,444
0.05005002555599025,0.02120585852319002,405
0.0,0.0005791792008894563,1574
0.10327154678428892,0.0499958841463333,24
0.15838105415551806,0.03497614870730893,440
0.0,0.0,1316
0.012761086744072246,0.030296821961122555,1265
0.055453767278542065,0.004162083570365667,211
0.016132866811024837,0.017842920530789372,908
0.10701497015227458,0.020964442471140807,402
0.01867381573498104,0.009832867163703162,1101
0.0,0.0,1318
0.01601105431140195,0.014010589906187683,1494
0.2113005290334669,0.02727096728683209,656
0.05810692586434442,0.009328455882570101,1034
0.06283676120305837,0.01929180302952015,788
0.0,0.0,1681
0.10664621471012378,-0.0055099775133228245,749
0.00340805217422819,0.0029850492391451334,1074
0.04234748807506577,0.05642287269947394,119
0.06624415879069573,0.006234031501019037,674
0.012224613735607216,0.008987511832558913,916
0.20273780921587015,0.06886479634553902,574
0.0,0.0,1292
0.0,-0.0008878183590417739,1237
0.0,0.0,906
0.030833111315376124,0.02115263319551762,1085
0.013640151852077082,0.012197869925282287,1151
0.0,0.0,1489
0.016781421151371927,0.003291919014654296,771
0.0,-6.81001857922173e-06,1366
0.1352088071307526,0.029451301467127773,196
0.06560240378135616,0.026088786521420836,305
0.0,0.0,1388
0.07193371728412597,0.03697668002925261,256
0.00995593946391015,0.0011559260023316959,1299
0.02057727772171894,0.022286620207642407,1061
0.037772745935372394,0.012092645697214802,1230
0.08851309035634303,0.03209250506949935,374
0.06196757835086497,0.0048632528966513384,706
0.015217311597275197,0.023552207177531027,350
0.13855534420016868,0.006553617553075373,284
0.0,0.0,1322
0.14442960560615642,0.009700146916682634,487
0.22251536716022666,0.04119123536211704,126
0.0,0.0,1397
0.009191166868483995,0.003635261379657706,1479
0.13415499964642316,0.0877291156600873,327
0.0,0.0,1495
0.0,0.0007135420582406684,1548
0.13139986375221924,0.04808395430811004,734
0.023750464452249168,0.011881062088185006,396
0.04113712201253199,0.012945845551075889,387
0.004584547000781928,0.006972071752952282,821
0.03160419743704317,0.033781869950768255,1169
0.00898608642464476,0.006625340268330405,1526
0.06093985077240594,0.021398257817235602,357
0.14484955050551238,0.012755042469467126,501
0.0,0.0,1392
0.0783563435703644,0.03439518277571789,170
0.0746893109950964,0.09133888257111182,275
0.0,0.0,295
0.030534952589257227,0.007184530214932048,946
0.12259025817161431,0.029498656314165143,738
0.12497744417407157,0.04675317906814036,561
0.0,0.0,1547
0.06186096274530404,0.03257935785784596,146
0.08709115888700754,-0.013034489794117947,271
0.018314993381853783,0.016397067031895713,1005
0.0,0.0,1298
0.08506094231751432,0.050668257974810955,19
0.0,0.0,1423
0.0,0.0,1451
0.05368927719546531,0.04686176038011531,342
0.09183934822319237,0.02169941297916966,506
0.03506942152385089,0.036536572308235905,399
0.018642020390187267,0.011103577120098422,1257
0.0,0.0,1354
0.0,0.0,1353
0.041249518049726534,0.027852847820629634,1156
0.038494711769666304,0.025904678955000045,26
0.07088082963333706,0.02415464000896672,557
0.04248738441940574,0.014133177685631512,84
0.08133600146887775,0.011523422367867424,245
0.0,-0.004682355722424789,665
0.0,0.0,756
0.04118270336497829,0.018102739084860913,968
0.08358576280207472,0.028902022237993447,2
0.008343304711488508,0.004933582516668856,999
0.0872435978380886,0.0974189095487081,67
0.010969403498061291,0.012749994683071288,1396
0.04153597959186456,0.01674184899997046,1193
0.06826295308843905,0.017440903208795672,1
0.03015674753651796,0.03340346669015027,884
0.023198754530243174,0.033977936608194606,915
0.021582246522352654,0.012543177921584206,35
0.06343069371056828,0.021120061078068263,56
0.17361591146548083,0.03527732807176152,93
0.11298483656703161,0.036150355065844776,30
0.04310246146010632,0.023671784179667404,425
0.0664390050868811,0.01182320115566988,848
0.11329506596508354,0.06307222943977406,451
0.021757087628624126,0.029707225431417874,1205
0.0,0.0,1628
0.05939826248894318,0.02265702330051064,443
0.14268395769485606,0.062224960407889225,54
0.008133020469026414,0.007936942801902592,1461
0.24356011550805645,0.097733303006749,68
0.08377378033668031,0.022128471344720943,23
0.0,0.0,1627
0.048760266536644746,0.04222128746641598,923
0.01844996964667827,0.02571334027043439,359
0.06887531178611174,0.02721405964999385,146
0.0,0.0,1600
0.027402369756238436,0.005547786358272049,320
0.07304425352570376,0.03569741761324316,26
0.0,0.01978473543058127,1635
0.03904035150161841,0.032778272461017395,463
0.02637896922543099,0.009613649483915897,700
0.0,-0.0028056651172316013,1566
0.018218393204837535,0.007550689132025122,617
0.13921387749274636,0.10254887085647219,327
0.10359990865075887,0.0324300319134622,707
0.006996818979343921,0.011505527363543584,882
0.06350414987210048,0.018678166010397283,1062
0.09852533552205225,0.0353992857551727,726
0.0,0.0,665
0.08994286962135073,0.03739868868909311,447
0.22408161974871807,0.04092491564127506,402
0.013464333355807372,-6.131251137914569e-05,1468
0.0,-0.0015505271645630007,1633
0.031065275674179712,0.02569562823537371,1257
0.010446716784788423,0.018580647484172725,1098
0.010790741310918315,0.0005419581201704766,700
0.0,0.0,776
0.0,0.0,1095
0.07252485823508996,0.026648702510762463,1472
0.07190050122574294,0.032547699852172714,613
0.021656046921247285,0.021293224855328374,620
0.03257838155043984,0.013959665368966227,609
0.0,0.0,1329
0.0,-0.006461617519779555,1345
0.17339113386875496,0.05620990302512263,734
0.05430927458705292,0.015848344504274327,485
0.03920663441541535,0.04612410201769635,309
0.0,0.0,934
0.10641957865123908,0.04395865898734027,70
0.0,0.0,1660
0.10763855240576357,0.03972056580733724,476
0.012679238364750442,0.015916903193671207,1474
0.0,0.006231983821390557,912
0.023886206970754626,0.016189683020667506,589
0.020694015512896926,-0.002640847942821374,687
0.027563704431072655,0.027821659435597924,970
0.061089974881608305,0.009869964783413893,1062
0.0,0.0,1569
0.044749395065928066,0.04352177157752429,367
0.0606938017493721,0.022547538421416467,864
0.06404650814914292,0.03273148528979608,206
0.04784590022863734,0.0056163913398565276,839
0.07898792309536366,0.04110843589527943,645
0.21622657268118842,0.07144789606822298,66
0.07289515957369773,0.015272886425298466,1019
0.13234817775038019,0.023116230609598196,89
0.008761593274649038,0.02423385918924376,533
0.0,0.0,1493
0.0,0.0,1531
0.01360145778274481,0.011009232143769,1164
0.0046348990552741295,0.011698076120210534,145
0.010143165761898314,0.011180945049903543,1070
0.0,0.0,1514
0.09259845187524764,0.008357753800301026,490
0.0,0.0,1435
0.03061581788045813,0.008612337943697103,619
0.09648110647448298,0.02765757404545743,128
0.013635669619807146,0.042074082670766795,1175
0.008480239914438732,0.013666513233833858,1335
0.0,0.0,1235
0.01658955595070207,0.03263583087075978,1310
0.057774168285401425,0.025503966392533328,247
0.024749463788337093,0.024605571680325036,1336
0.05560681286958886,0.022535553382929792,848
0.0,0.0,1648
0.05237743967842123,0.013603416465035096,296
0.0,0.0,926
0.04245852157026285,0.022150084526376554,862
0.01420382613204927,0.018981895731535997,1261
0.024625766487348818,0.012007496016591557,1202
0.055630557693366764,0.012979387524486201,773
0.02509067948927438,0.014268596006108891,859
0.0,0.0,838
0.0,0.0,1390
0.0,0.0,1495
0.03147594479792009,0.00840083753728061,1177
0.0436371192033627,0.025296795000934263,386
0.10764025771289941,0.02928251822452289,508
0.015513137927437418,0.017891367354713843,775
0.03679538662531436,0.0025949099167827147,569
0.0,-0.01514159356639285,1454
0.0,0.0,1386
0.024600119550272016,0.016350382909606886,307
0.12892389753435363,0.03623631522645384,209
0.036481337449713123,0.052906069193396105,1016
0.05197598586085469,0.0030293929473973495,945
0.0908381823089671,0.043229372048594714,517
0.05929121745746191,0.02264753367320685,200
0.021000861816355045,0.018355094927369083,625
0.14825802761420853,0.007314877776761224,227
0.0,0.0,1157
0.0,0.0,1356
0.032761127627338835,0.03196059740547673,744
0.04834592533179105,0.018935532128710658,439
0.1886581741447569,-0.010211422497000435,481
0.0,0.0,1086
0.0,0.0,1255
0.0,-0.0018393496712282601,1480
0.2561469793341913,0.10879829428110974,226
0.12190751791538323,0.053094786476004574,284
0.0,0.0,1303
0.0,0.0,1481
0.13285245860449998,0.026596823480556125,731
0.03211673202722002,0.057942270266475346,879
0.17722746288152982,0.0504694324331798,434
0.022858181841177185,0.05062827047148427,1262
0.06726773022009544,0.03171992648789613,108
0.028038655550461287,0.009276139110419095,1478
0.0,0.0,1329
0.14083838824470168,0.0529647643295643,301
0.0,0.0,1428
0.01435227658809756,0.012553672740776293,1024
0.05875410587658306,0.018873269948751645,541
0.004101288751442957,0.002039252156066056,1426
0.07669717950621634,0.05118040125399142,381
0.0,0.0,597
0.0,0.0,1674
0.00047751526526981097,0.003340303333248407,821
0.016194380126479897,0.009409858057823321,763
0.0,0.0,956
0.027221102813817715,0.031862923376813485,739
0.0,0.0,1437
0.010935302446725397,0.013387467905621096,592
0.12051857802598683,0.03735131784346718,136
0.019146875997918412,0.016707235728660973,34
0.008759772239406667,0.01657085961938902,953
0.08818767463145571,0.00847049326912396,636
0.0,0.002193296588833342,1378
0.05717491571842235,0.0026887758261651324,165
0.07441955693012245,0.07664486417874179,234
0.1093132711980063,0.06712302444806854,66
0.0409134087314301,0.037784618513740556,726
0.010298473267659659,0.00876400625486441,266
0.0,0.0,1587
0.04888355519575762,0.017413007996058927,551
0.0,0.0,849
0.03528038896631579,0.007913108715709945,1044
0.0,0.0016349527551526972,1101
0.04180167448676607,0.0032938981617770965,1091
0.05750672262538005,0.029413301266700363,465
0.18753841959284684,0.00036471254750555635,526
0.0,0.005331407402191094,1311
0.005388650272706424,0.0015388785908604296,1183
0.2113963599845459,0.015037962564730422,478
0.0,0.0,1105
0.03408662685703342,0.019842674817196138,904
0.0,0.0,1401
0.0366272278071725,0.013316725865524931,784
0.007806493789524562,0.006947963953508753,1453
0.0,0.004592073733688269,1319
0.013369704729145573,0.0040576856525346,1210
0.018046857400840485,0.004704294961548965,811
0.008776483735043812,0.009306230855284191,1434
0.0,-0.0028056651172316013,1573
0.0,0.0,1341
0.013216061042324654,0.028292583310352875,907
0.06206094707068898,0.04966786534773815,826
0.005149046701177267,-0.0105608382002109,33
0.06710839356977398,0.0003555171755308877,1013
0.04168079669177094,0.018495479634884567,760
0.0,0.0,1677
0.03960126034014971,0.0147132788524354,1031
0.09731081107216862,0.019215443013968457,976
0.2611034490837073,0.04719558692544673,209
0.07406481541556428,0.011867827377325625,830
0.0065212117880798035,0.006151292508302,1298
0.0,0.0,1456
0.06777548514558522,0.02575503168027031,469
0.19569485922984103,0.041695437499983876,510
0.030566242823682897,0.007825487413783014,1248
0.007368504820713628,0.01420550444794786,1172
0.020426762353708324,0.007945477206738764,1115
0.03848059680957624,0.05542869202629936,547
0.08477227037197968,0.03409929233630398,138
0.0,0.0,1435
0.02730498259479133,0.013897595673868803,1156
0.0,0.0,1657
0.04057651916749137,0.02126572481169977,634
0.07629100745053077,0.030557005682887977,420
0.03635283719648911,0.011870872150008609,1049
0.025094418279005173,0.011679666052137553,353
0.016784968591303188,0.04220845703949361,262
0.016995158336936277,0.015042511608949576,1139
0.040579641378024764,0.030392058927458436,374
0.026297417673760662,0.010187007422022613,999
0.003955560701589121,0.0016451583844045113,1081
0.11801150880229044,0.046889228840815596,53
0.06420078235880948,0.06731987588672796,12
0.004514197224801984,0.002720596972996768,690
0.0,0.0,1357
0.01707128145057343,0.00403712116083759,1207
0.05924300261136776,0.009945022497533509,296
0.02472358092909302,0.008323197732390597,374
0.060259343346849785,0.023714010561120748,127
0.09941096162137601,-0.004380171417662868,745
0.07899693173342826,0.024351237168507612,649
0.05321770892797194,0.0317686466385943,760
0.0,0.0,1545
0.0,0.0,1383
0.0266586999304201,0.033309398207874756,936
0.15594057027372418,0.04123634090398769,185
0.13772087464641808,0.04242700507070356,671
0.0,-0.0023684364627141468,1489
0.0,0.0051156963827759154,112
0.0,0.0,1651
0.007313091831873227,0.011762127136541674,1517
0.012963449091006968,0.020299422463221972,1198
0.041038126516760996,0.029817598268261598,631
0.0,0.0,1419
0.03971434942189408,0.027242649052815704,744
0.0,1.349530600156602e-05,1366
0.05819796480415967,0.030008212843831355,767
0.13664820840347452,0.10225695387782201,332
0.0,0.0038439507303452674,103
0.10666662849126539,0.03642977288415402,54
0.0,0.0,1383
0.0009517807329261766,-0.009620240259175175,1254
0.12731539271801884,0.0557249562069415,746
0.037404901410689174,0.020124322595663945,981
0.037413893211054976,0.023253016885155943,729
0.01572871160583945,0.009009637064354852,797
0.0,0.0,1677
0.0,0.004788624063625144,1397
0.10898303258032095,0.0929043066667854,201
0.052419552735023335,0.01569754598016672,768
0.13377890896871253,0.0076350145011481714,46
0.055596235893694446,0.020467129245292245,140
0.05064006832084085,0.041973694594867016,904
0.025693692168515535,0.02191768708669077,1167
0.019610785790256942,0.022844195977432733,1128
0.07700814649728496,0.014548019625345127,297
0.0,0.0,1617
0.021788216358678485,0.028622984120826752,1142
0.03372119411935475,0.045892545497818675,696
0.14273012182866768,-0.005482243043179683,185
0.17113688949285963,0.043093948078836486,207
0.046663724764221676,0.02381089002681179,920
0.020020477635226967,0.009801682175430659,1225
0.006899540321253101,0.002486049237078421,1261
0.04749870306693929,0.005518097974725767,942
0.007715236026304477,0.009156752471108755,1147
0.09800527602989174,0.01817872607270357,530
0.0055939575887627765,0.008433457012116317,1067
0.03401463017734914,0.012896736968486238,804
0.0,0.0,1245
0.06822602258065023,0.023501152386750827,1065
0.06987051232471733,0.03364878881242913,1072
0.018809318010151278,0.008424911510804826,985
0.0,0.004488928406987496,1588
0.05769113667109433,0.025308547710163058,48
0.0,0.006213311243872537,1470
0.02509892549295064,0.013426360636566508,1403
0.034533560918175804,0.0067026054962466605,563
0.09719248614484303,0.009150923008724235,120
0.17478514178723914,0.06050403928858773,63
0.008519425307996951,0.013710190374965176,1175
0.0,0.0,1556
0.03088670674304473,0.014534266080898457,763
0.013689835209264527,0.008824711459519987,1160
0.0,0.0,1578
0.12665574271735008,0.04153926308454674,429
0.034791107349478545,0.01053536208695207,699
0.010861747512248873,0.022071538707080125,34
0.0,0.0,1546
0.03405402906826401,0.028624022805602105,681
0.0962346236002572,0.009725150839199068,841
0.1198140380414533,0.05006955626970085,471
0.09524535009959781,0.06355112465051721,257
0.1399991225122867,0.029744275062504877,193
0.0,0.0,1460
0.03349047498607018,0.01336030317073816,253
0.034360401593710135,0.029174629840352736,277
0.15149782739613746,-0.006784905946350082,526
0.023436743182191865,0.011210199182661505,1221
0.035570319940307654,0.027659641167041126,499
0.04847584809093452,0.0211836868332662,412
0.08592850794356219,0.04217606925515257,824
0.018012538163466218,0.021512197617989805,1207
0.05855636912461937,0.028629962355370405,649
0.02354276993086643,0.02444833075028485,1066
0.13987481187693987,0.05623731948831045,895
0.13909404175528903,0.015066076702713505,98
0.0,0.0,1499
0.0,0.0,993
0.04606498348933496,0.037107691286991325,1020
0.004202219291058671,0.007459914174109398,358
0.0,0.0,1660
0.011046618237014137,0.03393890198844589,1127
0.019821622647902035,0.01902325776639254,1058
0.05767310738134499,0.05009670528948575,551
0.029309099767631505,0.018494458852180207,1225
0.09750880739251201,0.031114244565333214,490
0.06550534748702308,0.05153653000405503,464
0.017687643371865045,0.014539887908683949,785
0.060987530424087305,0.026062495660832827,789
0.03853197635462851,0.021086945558516052,854
0.0838704881467831,0.029141691511789528,38
0.09998836847680542,0.09822986435457352,443
0.0,0.0,1237
0.005927292296692428,0.024056667994089034,1277
0.0,0.0,1500
0.02023680592272563,0.026070126803443585,1229
0.1097860679353183,0.03424810050630483,399
0.028556684734639237,0.0010028860966545443,1193
0.0,0.0,1484
0.012259103227084962,0.038030143351724645,351
0.026501241873118427,0.009995086607949864,774
0.047413282779066236,0.035276479867493535,870
0.08075427456173437,0.019200847648929695,267
0.049671988934507215,0.02516944941209424,705
0.017778291751600374,0.024204697878323134,542
0.03935739210113724,0.02091861260569907,965
0.07097544012891019,0.03330528574696587,675
0.005276905114288631,0.009976725603798272,1422
0.007174597611907162,0.016112194882492503,1163
0.03955725766342778,0.016954685538862514,348
0.0,0.0005453086803541817,1381
0.11607365426280462,0.050642918274558135,66
0.18252970832440352,0.025735920334304094,185
0.04397297823348034,0.016637497891285685,1264
0.015858196757614774,0.025815795271879518,1285
0.0,0.0,1652
0.07699143460097241,0.039039900915639074,130
0.05846846481656809,0.02368359033489677,842
0.0,0.0,1389
0.21103087393663011,0.04786001514616523,63
0.051989677670711804,0.02398661899692062,1052
0.0,3.984830599663919e-05,1648
0.1344047603283177,0.030247510738342025,142
0.04193426990632016,-0.028864692322681122,323
0.07252329949264873,0.003221193087987265,18
0.0,0.0,1233
0.0,0.0,1618
0.0,0.0,1306
0.03812442253664719,0.04139991760037624,826
0.04504249087012717,0.02064820156990485,260
0.06658347838716008,0.044396924952713974,661
0.07502944476832225,0.03632456254305377,32
0.10619423148215475,0.047478450236339856,24
0.0,0.003418114776482386,1256
0.03708757964834227,0.019563281479825764,411
0.02016888409793225,0.049097937691688916,1424
0.021249501916278845,0.03758323775843975,1205
0.2033374848374979,0.16514074548783086,134
0.028189188570775958,0.02339671896698426,45
0.035428358746675305,0.02339354871821022,1278
0.06891939238462379,0.020415444440648058,670
0.007850746880783029,0.0027982242912059784,1270
0.009591902560154766,0.017301473912027913,1298
0.0,0.0,1384
0.03792669845278149,0.003533793086441705,370
0.03752686250994471,0.039410818722042884,1217
0.039665368618829626,0.021626566120136397,752
0.01868129101807567,0.029886565534162524,344
0.0,0.0,1340
0.0408655965999722,0.04144997005137799,769
0.04402318485174197,0.020425534928486245,826
0.03599772292419079,0.030216992101583382,629
0.048812227518958785,0.06472279698897387,715
0.1114618558497963,0.04399963370640322,490
0.0,0.0,1304
0.003088005389797841,-0.0008213477282504274,1173
0.03214096731709676,-0.005165893962245607,1221
0.03392363115226966,0.013771024715925059,1110
0.010005378443829399,0.017096623157435115,1354
0.0,0.0045084908788018616,1573
0.0,0.0,986
0.0,0.0,1550
0.01644788625866408,0.023116218696148928,758
0.030861538301049752,0.010283431144449079,291
0.07881241765872685,0.01991587350040144,645
0.010123699131725618,0.026677071686640703,1116
0.07149790573550344,-0.0038898200512446656,271
0.05832611775839367,0.03181961606340313,582
0.13655084670855916,0.0657467254134083,791
0.10192189854652474,0.028134326769400232,632
0.11015291121697511,0.02898537403728671,162
0.15459146460433373,-0.01273818559188962,181
0.09890373509796373,-0.02237494819504198,312
0.040512482286755,0.03715289238407043,1058
0.055446560410893464,0.010615553367843457,449
0.013471968325693045,0.034754104426366964,347
0.25695199653816764,0.0417284819164501,656
0.0008145891084128693,-0.004317529715399828,1176
0.0,0.0,1441
0.2788024641450514,0.06842797717444656,650
0.01535025838847254,0.020963003019079197,1310
0.0,0.0,1129
0.0,0.0,1476
0.019112314953596648,0.017250464910454275,1285
0.035574137268304225,0.045806605203511826,839
0.00926156325731818,0.013209530698466532,984
0.1005764800282846,0.03442972427528978,728
0.03441481794783268,0.02135370854780323,742
0.027238643206037673,0.044649197884957255,592
0.004177068353360362,0.009786538030073458,336
0.11518821022961212,-0.0281974636944736,312
0.03733721555995819,-0.017398290061552843,1051
0.04116097737918228,0.02983531420711632,750
0.11752557480372347,0.030485220216693646,734
0.0749358363614584,0.032651597567090844,1018
0.007030044513993246,0.013233297208668112,1183
0.16795162241195366,0.0500017335023994,71
0.0020508000950558666,0.004258630094639946,1528
0.06367555366416,0.14525209567530042,323
0.010471756277163896,0.008573737655452338,1042
0.058801593107891924,0.04115965803895879,300
0.0,0.0,1596
0.007764433453954355,0.015532255409069051,1213
0.17824981841196574,0.08663775585256484,419
0.015260484704586668,0.024518691147361906,1115
0.07251885409750247,0.023991305114178192,290
0.033961840938490015,0.009188238695874599,436
0.05315482265459712,0.031189264155944106,750
0.0,0.0,1300
0.016698709438512073,0.002027753041380877,1427
0.13765319742630483,0.041150018121970715,41
0.0,0.0,1415
0.0,0.012494106306627494,1505
0.2034587184251342,0.04348899034975518,169
0.042688281838241714,0.015826082339493175,1102
0.0,0.0,1352
0.03374222756131608,0.04331192377404265,1020
0.12069112082561881,-0.029556838541889712,215
0.01364650419671089,0.002652529980876008,1478
0.033364502681362804,0.026533905635534965,223
0.0,0.0,993
0.001103371459509219,-0.0046617285741365954,1498
0.11893363696802753,0.06513814156717351,558
0.03279313602378794,0.020406130253872938,1156
0.024430421060024805,0.011859507565017835,1508
0.03649304677395992,0.027946856938012486,1112
0.05580276439429286,0.023934085523219427,157
0.06874297005219278,0.04411077474034309,768
0.08025445484814898,0.0012743462066180972,228
0.022240019643716507,0.014742370926538104,352
0.07224395035602724,0.03079579292005376,735
0.0011384341896256312,0.004246981505842619,1254
0.02067668013735416,0.02258475546321754,1066
0.0093877900667786,0.0033624041811267775,340
0.0,0.0,1307
0.04753928751215135,0.011208286466608078,730
0.0,0.004075442529898287,1339
0.0007265501567270937,-0.0005585081478528914,592
0.0,0.0,1462
0.022712003330093457,0.010154167381486391,1049
0.00787183574494361,0.005427376218584169,901
0.00244266512094697,0.00594127582095763,1067
0.011913685998226956,0.019144923620762113,1014
0.06382416818043929,0.036297291842288526,60
0.01607030756211791,0.027474088362529327,1244
0.027728063318566726,0.015148545920044823,1018
0.0481721396420992,0.021747363926676685,282
0.03203252058154958,0.030472911555409057,1016
0.04667288200809433,0.038113660507480634,455
0.07187641583050193,0.03717257050894383,1100
0.05507806245542386,0.025352517932187516,456
0.0,0.0,1430
0.004326163173299462,0.006214672590021811,1245
0.22222268639779605,0.12318328969578274,52
0.060443778101213395,0.06067403118560791,254
0.0,0.0,1124
0.0649198762585899,0.030900825655757882,345
0.10259926458443713,0.03801613475693846,941
0.07121100660727489,0.054613252835902806,293
0.01821601316497211,0.013768240191603142,1120
0.0,0.0,1624
0.03778901236994941,0.014804383283998097,444
0.06923268699115749,0.017834320977908154,468
0.0,0.0,1598
0.06507296115705623,0.006179325225782474,92
0.026530302194514205,0.037950736253630914,753
0.0452660933393489,0.03439328632191234,108
0.02653458328128326,0.010510354465112387,693
0.14138753688060313,0.0818361221372793,268
0.0,0.0,1657
0.0,0.0,1344
0.12315924097282809,0.03925475105762695,745
0.0,0.0,909
0.043717079339217826,0.006793347408979437,455
0.018801613872681835,0.026694142857069014,1290
0.009627624098726332,0.011688621608250387,591
0.03605096687821394,0.030358274745682715,382
0.05369020157997469,0.020414386521917172,626
0.0676980784957232,0.016505476308880176,927
0.19110474861957905,0.05786434504964801,738
0.036211221198836845,0.021060477902724438,353
0.08528730616675084,0.010642082877161205,346
0.014107574435358643,0.03291937130288842,1153
0.0,0.0,1383
0.0272248554255268,0.020099533936141965,800
0.10151836131919693,0.02383386611918447,587
0.012496428804330486,0.007081400491325082,1003
0.0,0.0,1459
0.0,0.0,1409
0.10396455946775887,0.020848591601548217,404
0.011713660149325797,0.011173604176836313,535
0.01930890331922224,0.02189214252961933,763
0.007917789771072633,0.01970069896210638,1500
0.013454156736043835,0.020013365462105394,1163
0.026782347753008834,-0.0009611831764942682,1094
0.04527968935717822,0.022974576011511007,774
0.06277704526573721,0.032389100773093385,779
0.0,0.0,956
0.10129080815157897,0.04208021959328226,746
0.003642706509986743,0.035869704215113395,1233
0.0,-0.009784552176996196,900
0.025045305439417766,0.03315897717564679,536
0.09883467697927055,0.08224270850193913,154
0.024410502411849933,0.02356527949298863,1264
0.03694807161430803,0.024523283246293562,1445
0.053868382550206324,0.024676305648674048,488
0.023083848812106567,0.0643069972169972,1164
0.004549551159569765,0.008610603487681652,1298
0.1978692730400965,0.04388020009971721,1134
0.021075334689881226,0.02914400593162218,1257
0.20013025187724273,0.034875377523624664,195
0.0,0.0,1544
0.12460631674121815,0.06326848840065072,440
0.02914604628812275,0.01725967756539799,1203
0.11873747893588965,0.04612644024908059,152
0.08923396195215198,0.030087340099209485,232
0.04680611131977369,0.02996195044443222,623
0.007196013956954695,0.002900388429098328,1251
0.023506243342436915,0.012600781886487245,1192
0.0,0.0,1449
0.0,0.0,1378
0.0,0.0,1562
0.011720279491173243,0.02554845375907649,989
0.035211771505608724,0.026556738589193437,1029
0.029797343723099265,0.00423464829511382,1334
0.10049256442253482,-0.01998330858699528,568
0.02742744756653628,0.03253087384028966,205
0.005473649401870645,0.0006765066897264603,1530
0.11873753838774909,0.06696790109806149,176
0.11390394242984628,0.054426181832291906,671
0.02332136808880398,0.004117497171644046,1056
0.14816889177942355,0.10363556377983842,704
0.01963076935012837,0.018188713002790464,1135
0.0,0.0,883
0.02119977679069174,0.016148875278832978,1530
0.05507152806480546,0.04718396432233251,649
0.051655513838230575,0.0683001674077095,56
0.06406892019617558,0.029906745905817374,1193
0.06362810154123354,0.058938418781231815,1100
0.15045575767069275,0.04987263675176839,147
0.031808280212600674,0.031598462036769706,1066
0.006693951962690858,0.0072765962728005415,373
0.0025074539838891496,-0.0016910022840439301,1269
0.022382213682158755,0.022400371475976073,5
0.0,0.0007566479229286692,1212
0.04848742753795259,0.016988505014246723,770
0.058589060668259065,0.014147123001422403,1207
0.06664129682184898,0.01019593323686025,29
0.04044162874153124,0.04504998324296714,1290
0.10362188814670546,0.06238541418303879,945
0.0,0.0,1526
0.006069404739627515,0.010689491780014125,1144
0.0201920654384217,0.032169542620365914,1068
0.0,0.0,1624
0.0,0.0,1493
0.02358254980673312,0.004513550751642049,148
0.1514371457151421,0.03491894641139354,481
0.10088304015206588,0.00017446542055587228,230
0.04399691552031415,0.017924595050670396,688
0.01077559940791246,0.011244285107076904,351
0.11765541005531446,0.030954685988799316,660
0.1297830526972264,0.07739637934665052,214
0.17177018812047687,0.019994484710224997,473
0.05081714019114939,0.013451718710006461,1181
0.0,0.0,1501
0.04301231258862444,0.04321149164192374,1020
0.025137152404956654,0.03934954736088203,1047
0.0,0.0,1509
0.0073757042308086815,0.0067784836395234456,1237
0.0,0.0,112
0.0,0.0,705
0.11873753838774909,0.07962881461482896,233
0.0,0.0,1356
0.0,0.0,1505
0.025912177107066375,0.0085428711944005,845
0.026621965443576593,0.006978097405933032,109
0.0786284193630331,0.05571890074945982,927
0.13473899097501452,0.07189642706338359,293
0.11860557764568301,0.059372850307349775,384
0.006583243880418782,0.01895955518797312,17
0.011188941496631967,0.006313818271408146,953
0.033021132845673984,0.019911509268237444,760
0.10552774095021454,0.02664680244708097,450
0.024951005653350157,0.016100753592672247,874
0.0,0.0,1345
0.09497640212134043,0.04281367761659287,183
0.11186508245856332,0.13264821876814306,287
0.02644934591804588,0.022418482308879193,748
0.0701928023468642,0.047384809431933635,854
0.0570335718919452,0.0514389648996716,932
0.0,0.0,1163
0.043946705956289196,-0.00485977746245166,1094
0.012662108254601005,0.027840465361476045,903
0.0,0.004075442529898287,1365
0.007659833852024325,0.016422532079814357,334
0.08587157517775876,-0.008915860663305518,314
0.0,0.0,1504
0.0400602880008971,0.03825775087936315,722
0.0007567958344385062,-0.0009872808940155204,909
0.0,-0.00032099588755464444,1161
0.0,0.0,1566
0.07688175183377828,0.048064153271804584,220
0.0,0.0,1393
0.0023784350358927596,0.011205448519120817,989
0.0,0.0,1185
0.0823665226506022,0.01802231703995404,51
0.05636750450090966,0.030840882131920443,854
0.0,0.0,1489
0.0616156522845255,0.05901000845716895,23
0.021118187655090787,0.013117240390395897,1424
0.0,0.0,1605
0.0,0.0,1402
0.0,0.0,438
0.021574651971757466,0.00445838027814623,399
0.04872792616093221,0.022851433244063357,830
0.0426061798952258,0.043093107236354844,948
0.05567082949237358,0.03753867151298434,502
0.0,0.0,1533
0.028522080125748497,0.02659941978822617,740
0.17252271764153732,0.1281272933179934,120
0.01398912803787674,0.04297261608846242,893
0.25576803717381924,0.10162056718333684,516
0.036630385475848314,0.030157617640425054,533
0.0983858798275144,0.024661304793139834,518
0.11271505406938957,0.0516675943798673,25
0.04729693317799814,0.028621739454998404,1133
0.015493708571937978,0.0008382909098231194,1614
0.040678831719526895,0.03104536582677851,362
0.11773377444425656,0.04598647062579922,455
0.0,0.0,1574
0.04255361688873082,0.015721947053246345,976
0.13575861397821756,-0.006099204417561123,650
0.0,0.0,1612
0.0,0.0,1346
0.029443844459689516,0.02762522751487266,453
0.0,0.0,1599
0.06839848098584901,0.06453779400177988,409
0.060909562689896835,0.038741670775772216,104
0.039715270807288365,0.03653872735641185,1068
0.0,0.0,838
0.0,0.0,1515
0.0,0.0027573731021459966,912
0.026678917367728927,0.013770632806066243,832
0.036878514112888526,0.0285391624295279,330
0.07360007519966331,-0.01766364420864188,819
0.0,0.0,1378
0.05792704645628203,0.044236681636571004,254
0.0024334767863177765,-0.004170228842231502,926
0.0,0.0,1558
0.04201235596447668,0.024978209661978844,899
0.0,0.0,1289
0.01586067173191627,0.005516248934441023,1198
0.2760272695174044,0.051444507717902745,650
0.15965788867145667,0.037630399583850824,86
0.06874515500702982,0.016599024707022583,462
0.03506443628071384,0.03803208197870437,717
0.18734773219454726,0.08769267173402515,281
0.03489298483066961,0.014279532868232735,452
0.0,0.0,1323
0.03729651649848399,0.0254711725883322,889
0.0,0.0,1597
0.0,0.0,882
0.04723069402660255,0.05307468254366828,675
0.10965995643124316,0.01733887763268695,169
0.0,0.0,1333
